[
  {
    "docID": "N075 Amemori 2010",
    "et": "GroupName",
    "off": 22915,
    "sff": "control rats"
  },
  {
    "docID": "N075 Amemori 2010",
    "et": "GroupName",
    "off": 27523,
    "sff": "control animals"
  },
  {
    "docID": "N075 Amemori 2010",
    "et": "GroupName",
    "off": 1670,
    "sff": "control rats"
  },
  {
    "docID": "N075 Amemori 2010",
    "et": "GroupName",
    "off": 16470,
    "sff": "control group"
  },
  {
    "docID": "N075 Amemori 2010",
    "et": "GroupName",
    "off": 24330,
    "sff": "transplanted groups"
  },
  {
    "docID": "N075 Amemori 2010",
    "et": "GroupName",
    "off": 27034,
    "sff": "control"
  },
  {
    "docID": "N075 Amemori 2010",
    "et": "GroupName",
    "off": 25348,
    "sff": "MSC"
  },
  {
    "docID": "N075 Amemori 2010",
    "et": "GroupName",
    "off": 5760,
    "sff": "MSC"
  },
  {
    "docID": "N075 Amemori 2010",
    "et": "GroupName",
    "off": 17407,
    "sff": "MSC"
  },
  {
    "docID": "N075 Amemori 2010",
    "et": "GroupName",
    "off": 23369,
    "sff": "OEG-transplanted"
  },
  {
    "docID": "N075 Amemori 2010",
    "et": "GroupName",
    "off": 23369,
    "sff": "OEG-transplanted group"
  },
  {
    "docID": "N075 Amemori 2010",
    "et": "GroupName",
    "off": 21155,
    "sff": "control rats"
  },
  {
    "docID": "N075 Amemori 2010",
    "et": "GroupName",
    "off": 22915,
    "sff": "control"
  },
  {
    "docID": "N075 Amemori 2010",
    "et": "GroupName",
    "off": 1670,
    "sff": "control"
  },
  {
    "docID": "N075 Amemori 2010",
    "et": "GroupName",
    "off": 17971,
    "sff": "transplantation"
  },
  {
    "docID": "N075 Amemori 2010",
    "et": "GroupName",
    "off": 12729,
    "sff": "7"
  },
  {
    "docID": "N075 Amemori 2010",
    "et": "GroupName",
    "off": 21803,
    "sff": "control group"
  },
  {
    "docID": "N075 Amemori 2010",
    "et": "GroupName",
    "off": 17735,
    "sff": "other"
  },
  {
    "docID": "N075 Amemori 2010",
    "et": "GroupName",
    "off": 5674,
    "sff": "MSC"
  },
  {
    "docID": "N075 Amemori 2010",
    "et": "GroupName",
    "off": 5666,
    "sff": "OEG and MSC"
  },
  {
    "docID": "N075 Amemori 2010",
    "et": "GroupName",
    "off": 24118,
    "sff": "control rats"
  },
  {
    "docID": "N075 Amemori 2010",
    "et": "GroupName",
    "off": 547,
    "sff": "OEG"
  },
  {
    "docID": "N075 Amemori 2010",
    "et": "GroupName",
    "off": 26400,
    "sff": "co-transplanted"
  },
  {
    "docID": "N075 Amemori 2010",
    "et": "GroupName",
    "off": 27060,
    "sff": "transplanted groups"
  },
  {
    "docID": "N075 Amemori 2010",
    "et": "GroupName",
    "off": 18669,
    "sff": "controls"
  },
  {
    "docID": "N075 Amemori 2010",
    "et": "GroupName",
    "off": 27034,
    "sff": "control group"
  },
  {
    "docID": "N075 Amemori 2010",
    "et": "GroupName",
    "off": 8716,
    "sff": "medium"
  },
  {
    "docID": "N075 Amemori 2010",
    "et": "GroupName",
    "off": 18534,
    "sff": "control"
  },
  {
    "docID": "N075 Amemori 2010",
    "et": "GroupName",
    "off": 10257,
    "sff": "control group"
  },
  {
    "docID": "N075 Amemori 2010",
    "et": "GroupName",
    "off": 10064,
    "sff": "MSC"
  },
  {
    "docID": "N075 Amemori 2010",
    "et": "GroupName",
    "off": 25368,
    "sff": "OEG"
  },
  {
    "docID": "N075 Amemori 2010",
    "et": "GroupName",
    "off": 26400,
    "sff": "co-transplanted group"
  },
  {
    "docID": "N075 Amemori 2010",
    "et": "GroupName",
    "off": 29006,
    "sff": "control rats"
  },
  {
    "docID": "N075 Amemori 2010",
    "et": "GroupName",
    "off": 28748,
    "sff": "control animals"
  },
  {
    "docID": "N075 Amemori 2010",
    "et": "GroupName",
    "off": 583,
    "sff": "MSC"
  },
  {
    "docID": "N075 Amemori 2010",
    "et": "GroupName",
    "off": 21460,
    "sff": "control rats"
  },
  {
    "docID": "N075 Amemori 2010",
    "et": "GroupName",
    "off": 17877,
    "sff": "control animals"
  },
  {
    "docID": "N075 Amemori 2010",
    "et": "GroupName",
    "off": 27450,
    "sff": "MSC-transplanted rats"
  },
  {
    "docID": "N075 Amemori 2010",
    "et": "GroupName",
    "off": 11750,
    "sff": "10"
  },
  {
    "docID": "N075 Amemori 2010",
    "et": "GroupName",
    "off": 21682,
    "sff": "MSC-transplanted rats"
  },
  {
    "docID": "N075 Amemori 2010",
    "et": "GroupName",
    "off": 28010,
    "sff": "control rats"
  },
  {
    "docID": "N075 Amemori 2010",
    "et": "GroupName",
    "off": 23157,
    "sff": "control group"
  },
  {
    "docID": "N075 Amemori 2010",
    "et": "GroupName",
    "off": 27073,
    "sff": "groups"
  },
  {
    "docID": "N075 Amemori 2010",
    "et": "GroupName",
    "off": 24552,
    "sff": "control group"
  },
  {
    "docID": "N075 Amemori 2010",
    "et": "GroupName",
    "off": 1001,
    "sff": "MSC"
  },
  {
    "docID": "N075 Amemori 2010",
    "et": "GroupName",
    "off": 16470,
    "sff": "control"
  },
  {
    "docID": "N075 Amemori 2010",
    "et": "GroupName",
    "off": 16725,
    "sff": "control"
  },
  {
    "docID": "N075 Amemori 2010",
    "et": "GroupName",
    "off": 10313,
    "sff": "injection"
  },
  {
    "docID": "N075 Amemori 2010",
    "et": "GroupName",
    "off": 18534,
    "sff": "control group"
  },
  {
    "docID": "N075 Amemori 2010",
    "et": "GroupName",
    "off": 5835,
    "sff": "control"
  },
  {
    "docID": "N075 Amemori 2010",
    "et": "GroupName",
    "off": 28748,
    "sff": "control"
  },
  {
    "docID": "N075 Amemori 2010",
    "et": "GroupName",
    "off": 20254,
    "sff": "MSC-transplanted rats"
  }
]
