[
  {
    "docID": "N078 Aoki 2010",
    "et": "GroupName",
    "off": 11121,
    "sff": "OM group"
  },
  {
    "docID": "N078 Aoki 2010",
    "et": "GroupName",
    "off": 6578,
    "sff": "RM"
  },
  {
    "docID": "N078 Aoki 2010",
    "et": "GroupName",
    "off": 15028,
    "sff": "RM"
  },
  {
    "docID": "N078 Aoki 2010",
    "et": "GroupName",
    "off": 11163,
    "sff": "NC group"
  },
  {
    "docID": "N078 Aoki 2010",
    "et": "GroupName",
    "off": 15040,
    "sff": "NC"
  },
  {
    "docID": "N078 Aoki 2010",
    "et": "GroupName",
    "off": 15192,
    "sff": "OM"
  },
  {
    "docID": "N078 Aoki 2010",
    "et": "GroupName",
    "off": 15322,
    "sff": "NC groups"
  },
  {
    "docID": "N078 Aoki 2010",
    "et": "GroupName",
    "off": 18009,
    "sff": "OM"
  },
  {
    "docID": "N078 Aoki 2010",
    "et": "GroupName",
    "off": 19523,
    "sff": "OM"
  },
  {
    "docID": "N078 Aoki 2010",
    "et": "GroupName",
    "off": 13606,
    "sff": "RM"
  },
  {
    "docID": "N078 Aoki 2010",
    "et": "GroupName",
    "off": 20646,
    "sff": "RM"
  },
  {
    "docID": "N078 Aoki 2010",
    "et": "GroupName",
    "off": 19240,
    "sff": "scores"
  },
  {
    "docID": "N078 Aoki 2010",
    "et": "GroupName",
    "off": 15912,
    "sff": "RM"
  },
  {
    "docID": "N078 Aoki 2010",
    "et": "GroupName",
    "off": 20299,
    "sff": "OM"
  },
  {
    "docID": "N078 Aoki 2010",
    "et": "GroupName",
    "off": 1240,
    "sff": "controls"
  },
  {
    "docID": "N078 Aoki 2010",
    "et": "GroupName",
    "off": 15340,
    "sff": "OM group"
  },
  {
    "docID": "N078 Aoki 2010",
    "et": "GroupName",
    "off": 19629,
    "sff": "RM"
  },
  {
    "docID": "N078 Aoki 2010",
    "et": "GroupName",
    "off": 11163,
    "sff": "NC"
  },
  {
    "docID": "N078 Aoki 2010",
    "et": "GroupName",
    "off": 18009,
    "sff": "OM group"
  },
  {
    "docID": "N078 Aoki 2010",
    "et": "GroupName",
    "off": 11140,
    "sff": "RM group"
  },
  {
    "docID": "N078 Aoki 2010",
    "et": "GroupName",
    "off": 18074,
    "sff": "RM"
  },
  {
    "docID": "N078 Aoki 2010",
    "et": "GroupName",
    "off": 19523,
    "sff": "OM group"
  },
  {
    "docID": "N078 Aoki 2010",
    "et": "GroupName",
    "off": 20105,
    "sff": "RM"
  },
  {
    "docID": "N078 Aoki 2010",
    "et": "GroupName",
    "off": 6280,
    "sff": "RM"
  },
  {
    "docID": "N078 Aoki 2010",
    "et": "GroupName",
    "off": 15020,
    "sff": "OM"
  },
  {
    "docID": "N078 Aoki 2010",
    "et": "GroupName",
    "off": 20299,
    "sff": "OM group"
  },
  {
    "docID": "N078 Aoki 2010",
    "et": "GroupName",
    "off": 557,
    "sff": "OM"
  },
  {
    "docID": "N078 Aoki 2010",
    "et": "GroupName",
    "off": 19348,
    "sff": "NC"
  },
  {
    "docID": "N078 Aoki 2010",
    "et": "GroupName",
    "off": 15666,
    "sff": "OM group"
  },
  {
    "docID": "N078 Aoki 2010",
    "et": "GroupName",
    "off": 16757,
    "sff": "RM"
  },
  {
    "docID": "N078 Aoki 2010",
    "et": "GroupName",
    "off": 19629,
    "sff": "RM group"
  },
  {
    "docID": "N078 Aoki 2010",
    "et": "GroupName",
    "off": 17652,
    "sff": "RM"
  },
  {
    "docID": "N078 Aoki 2010",
    "et": "GroupName",
    "off": 19129,
    "sff": "OM group"
  },
  {
    "docID": "N078 Aoki 2010",
    "et": "GroupName",
    "off": 20478,
    "sff": "RM"
  },
  {
    "docID": "N078 Aoki 2010",
    "et": "GroupName",
    "off": 19328,
    "sff": "RM"
  },
  {
    "docID": "N078 Aoki 2010",
    "et": "GroupName",
    "off": 15895,
    "sff": "OM"
  },
  {
    "docID": "N078 Aoki 2010",
    "et": "GroupName",
    "off": 18170,
    "sff": "RM"
  },
  {
    "docID": "N078 Aoki 2010",
    "et": "GroupName",
    "off": 18790,
    "sff": "RM"
  },
  {
    "docID": "N078 Aoki 2010",
    "et": "GroupName",
    "off": 7974,
    "sff": "OM group"
  },
  {
    "docID": "N078 Aoki 2010",
    "et": "GroupName",
    "off": 18798,
    "sff": "NC groups"
  },
  {
    "docID": "N078 Aoki 2010",
    "et": "GroupName",
    "off": 18166,
    "sff": "OM"
  },
  {
    "docID": "N078 Aoki 2010",
    "et": "GroupName",
    "off": 15314,
    "sff": "RM"
  },
  {
    "docID": "N078 Aoki 2010",
    "et": "GroupName",
    "off": 17590,
    "sff": "0"
  },
  {
    "docID": "N078 Aoki 2010",
    "et": "GroupName",
    "off": 11121,
    "sff": "OM"
  },
  {
    "docID": "N078 Aoki 2010",
    "et": "GroupName",
    "off": 7977,
    "sff": "group"
  },
  {
    "docID": "N078 Aoki 2010",
    "et": "GroupName",
    "off": 16412,
    "sff": "cord"
  },
  {
    "docID": "N078 Aoki 2010",
    "et": "GroupName",
    "off": 15196,
    "sff": "RM"
  },
  {
    "docID": "N078 Aoki 2010",
    "et": "GroupName",
    "off": 539,
    "sff": "olfactory mucosa"
  },
  {
    "docID": "N078 Aoki 2010",
    "et": "GroupName",
    "off": 8032,
    "sff": "RM group"
  },
  {
    "docID": "N078 Aoki 2010",
    "et": "GroupName",
    "off": 15204,
    "sff": "NC groups"
  },
  {
    "docID": "N078 Aoki 2010",
    "et": "GroupName",
    "off": 14518,
    "sff": "NC group"
  },
  {
    "docID": "N078 Aoki 2010",
    "et": "GroupName",
    "off": 18786,
    "sff": "OM"
  }
]
