[
  {
    "docID": "N130 Barbour 2013",
    "et": "GroupName",
    "off": 27518,
    "sff": "B"
  },
  {
    "docID": "N130 Barbour 2013",
    "et": "GroupName",
    "off": 32269,
    "sff": "SCs-transplanted group"
  },
  {
    "docID": "N130 Barbour 2013",
    "et": "GroupName",
    "off": 7552,
    "sff": "alone"
  },
  {
    "docID": "N130 Barbour 2013",
    "et": "GroupName",
    "off": 33153,
    "sff": "SCs-transplanted group"
  },
  {
    "docID": "N130 Barbour 2013",
    "et": "GroupName",
    "off": 40324,
    "sff": "transplanted group"
  },
  {
    "docID": "N130 Barbour 2013",
    "et": "GroupName",
    "off": 42513,
    "sff": "SCs"
  },
  {
    "docID": "N130 Barbour 2013",
    "et": "GroupName",
    "off": 38673,
    "sff": "SCs"
  },
  {
    "docID": "N130 Barbour 2013",
    "et": "GroupName",
    "off": 37579,
    "sff": "cords"
  },
  {
    "docID": "N130 Barbour 2013",
    "et": "GroupName",
    "off": 38501,
    "sff": "SCs transplanted group"
  },
  {
    "docID": "N130 Barbour 2013",
    "et": "GroupName",
    "off": 44994,
    "sff": "transplanted rats"
  },
  {
    "docID": "N130 Barbour 2013",
    "et": "GroupName",
    "off": 29580,
    "sff": "injury only"
  },
  {
    "docID": "N130 Barbour 2013",
    "et": "GroupName",
    "off": 27507,
    "sff": "OEG group"
  },
  {
    "docID": "N130 Barbour 2013",
    "et": "GroupName",
    "off": 32034,
    "sff": "SCs"
  },
  {
    "docID": "N130 Barbour 2013",
    "et": "GroupName",
    "off": 32534,
    "sff": "SCs-transplanted group"
  },
  {
    "docID": "N130 Barbour 2013",
    "et": "GroupName",
    "off": 33108,
    "sff": "OEG-transplanted group"
  },
  {
    "docID": "N130 Barbour 2013",
    "et": "GroupName",
    "off": 41713,
    "sff": "SCs"
  },
  {
    "docID": "N130 Barbour 2013",
    "et": "GroupName",
    "off": 33535,
    "sff": "SCs"
  },
  {
    "docID": "N130 Barbour 2013",
    "et": "GroupName",
    "off": 41912,
    "sff": "graft"
  },
  {
    "docID": "N130 Barbour 2013",
    "et": "GroupName",
    "off": 30446,
    "sff": "injury only"
  },
  {
    "docID": "N130 Barbour 2013",
    "et": "GroupName",
    "off": 21868,
    "sff": "injury only"
  },
  {
    "docID": "N130 Barbour 2013",
    "et": "GroupName",
    "off": 44383,
    "sff": "controls"
  },
  {
    "docID": "N130 Barbour 2013",
    "et": "GroupName",
    "off": 304,
    "sff": "OEG"
  },
  {
    "docID": "N130 Barbour 2013",
    "et": "GroupName",
    "off": 32779,
    "sff": "medium-injected group"
  },
  {
    "docID": "N130 Barbour 2013",
    "et": "GroupName",
    "off": 7435,
    "sff": "controls received an injection of cell culture medium"
  },
  {
    "docID": "N130 Barbour 2013",
    "et": "GroupName",
    "off": 38845,
    "sff": "medium injected controls"
  },
  {
    "docID": "N130 Barbour 2013",
    "et": "GroupName",
    "off": 32876,
    "sff": "SCstransplanted group"
  },
  {
    "docID": "N130 Barbour 2013",
    "et": "GroupName",
    "off": 7296,
    "sff": "OEG"
  },
  {
    "docID": "N130 Barbour 2013",
    "et": "GroupName",
    "off": 7545,
    "sff": "injury alone"
  },
  {
    "docID": "N130 Barbour 2013",
    "et": "GroupName",
    "off": 32438,
    "sff": "medium-injected group"
  },
  {
    "docID": "N130 Barbour 2013",
    "et": "GroupName",
    "off": 38703,
    "sff": "transplanted group"
  },
  {
    "docID": "N130 Barbour 2013",
    "et": "GroupName",
    "off": 43908,
    "sff": "transplanted rats"
  },
  {
    "docID": "N130 Barbour 2013",
    "et": "GroupName",
    "off": 32173,
    "sff": "medium-injected group"
  },
  {
    "docID": "N130 Barbour 2013",
    "et": "GroupName",
    "off": 32779,
    "sff": "medium-injected"
  },
  {
    "docID": "N130 Barbour 2013",
    "et": "GroupName",
    "off": 25543,
    "sff": "zone"
  },
  {
    "docID": "N130 Barbour 2013",
    "et": "GroupName",
    "off": 43838,
    "sff": "controls"
  },
  {
    "docID": "N130 Barbour 2013",
    "et": "GroupName",
    "off": 41280,
    "sff": "controls"
  },
  {
    "docID": "N130 Barbour 2013",
    "et": "GroupName",
    "off": 33061,
    "sff": "medium-injected group"
  },
  {
    "docID": "N130 Barbour 2013",
    "et": "GroupName",
    "off": 45796,
    "sff": "SCs"
  },
  {
    "docID": "N130 Barbour 2013",
    "et": "GroupName",
    "off": 45557,
    "sff": "SCs transplanted group"
  },
  {
    "docID": "N130 Barbour 2013",
    "et": "GroupName",
    "off": 32438,
    "sff": "medium-injected"
  },
  {
    "docID": "N130 Barbour 2013",
    "et": "GroupName",
    "off": 7482,
    "sff": "medium"
  },
  {
    "docID": "N130 Barbour 2013",
    "et": "GroupName",
    "off": 19630,
    "sff": "controls"
  },
  {
    "docID": "N130 Barbour 2013",
    "et": "GroupName",
    "off": 32686,
    "sff": "controls"
  },
  {
    "docID": "N130 Barbour 2013",
    "et": "GroupName",
    "off": 7357,
    "sff": "SCs"
  },
  {
    "docID": "N130 Barbour 2013",
    "et": "GroupName",
    "off": 42487,
    "sff": "OEG"
  },
  {
    "docID": "N130 Barbour 2013",
    "et": "GroupName",
    "off": 37557,
    "sff": "medium treated spinal cords"
  },
  {
    "docID": "N130 Barbour 2013",
    "et": "GroupName",
    "off": 45825,
    "sff": "medium injected group"
  },
  {
    "docID": "N130 Barbour 2013",
    "et": "GroupName",
    "off": 27507,
    "sff": "OEG"
  },
  {
    "docID": "N130 Barbour 2013",
    "et": "GroupName",
    "off": 39684,
    "sff": "SCs transplanted group"
  },
  {
    "docID": "N130 Barbour 2013",
    "et": "GroupName",
    "off": 33061,
    "sff": "medium-injected"
  },
  {
    "docID": "N130 Barbour 2013",
    "et": "GroupName",
    "off": 43554,
    "sff": "control injury only group"
  },
  {
    "docID": "N130 Barbour 2013",
    "et": "GroupName",
    "off": 327,
    "sff": "SCs"
  },
  {
    "docID": "N130 Barbour 2013",
    "et": "GroupName",
    "off": 32173,
    "sff": "medium-injected"
  }
]
