[
  {
    "docID": "N131 Boyd 2004",
    "et": "GroupName",
    "off": 9394,
    "sff": "vehicle control solution"
  },
  {
    "docID": "N131 Boyd 2004",
    "et": "GroupName",
    "off": 1069,
    "sff": "implantation"
  },
  {
    "docID": "N131 Boyd 2004",
    "et": "GroupName",
    "off": 12428,
    "sff": "uninfected OECs"
  },
  {
    "docID": "N131 Boyd 2004",
    "et": "GroupName",
    "off": 7064,
    "sff": "high"
  },
  {
    "docID": "N131 Boyd 2004",
    "et": "GroupName",
    "off": 14632,
    "sff": "LacZ-expressing OECs"
  },
  {
    "docID": "N131 Boyd 2004",
    "et": "GroupName",
    "off": 9622,
    "sff": "alone"
  },
  {
    "docID": "N131 Boyd 2004",
    "et": "GroupName",
    "off": 14957,
    "sff": "3"
  },
  {
    "docID": "N131 Boyd 2004",
    "et": "GroupName",
    "off": 9343,
    "sff": "later"
  },
  {
    "docID": "N131 Boyd 2004",
    "et": "GroupName",
    "off": 11171,
    "sff": "OECs"
  },
  {
    "docID": "N131 Boyd 2004",
    "et": "GroupName",
    "off": 5025,
    "sff": "intact"
  },
  {
    "docID": "N131 Boyd 2004",
    "et": "GroupName",
    "off": 13920,
    "sff": "cells"
  },
  {
    "docID": "N131 Boyd 2004",
    "et": "GroupName",
    "off": 6273,
    "sff": "alone"
  },
  {
    "docID": "N131 Boyd 2004",
    "et": "GroupName",
    "off": 604,
    "sff": "cells"
  },
  {
    "docID": "N131 Boyd 2004",
    "et": "GroupName",
    "off": 15551,
    "sff": "5"
  },
  {
    "docID": "N131 Boyd 2004",
    "et": "GroupName",
    "off": 7501,
    "sff": "OECs"
  },
  {
    "docID": "N131 Boyd 2004",
    "et": "GroupName",
    "off": 14756,
    "sff": "cells"
  },
  {
    "docID": "N131 Boyd 2004",
    "et": "GroupName",
    "off": 9410,
    "sff": "solution"
  },
  {
    "docID": "N131 Boyd 2004",
    "et": "GroupName",
    "off": 1298,
    "sff": "level"
  },
  {
    "docID": "N131 Boyd 2004",
    "et": "GroupName",
    "off": 13912,
    "sff": "Schwann cells"
  },
  {
    "docID": "N131 Boyd 2004",
    "et": "GroupName",
    "off": 9383,
    "sff": "either"
  },
  {
    "docID": "N131 Boyd 2004",
    "et": "GroupName",
    "off": 14091,
    "sff": "B"
  },
  {
    "docID": "N131 Boyd 2004",
    "et": "GroupName",
    "off": 5959,
    "sff": "injury"
  },
  {
    "docID": "N131 Boyd 2004",
    "et": "GroupName",
    "off": 12254,
    "sff": "implantation"
  },
  {
    "docID": "N131 Boyd 2004",
    "et": "GroupName",
    "off": 7057,
    "sff": "C"
  },
  {
    "docID": "N131 Boyd 2004",
    "et": "GroupName",
    "off": 8202,
    "sff": "cells"
  },
  {
    "docID": "N131 Boyd 2004",
    "et": "GroupName",
    "off": 11626,
    "sff": "OECs"
  },
  {
    "docID": "N131 Boyd 2004",
    "et": "GroupName",
    "off": 9434,
    "sff": "uninfected OECs"
  },
  {
    "docID": "N131 Boyd 2004",
    "et": "GroupName",
    "off": 9582,
    "sff": "animals that received vehicle injection alone"
  },
  {
    "docID": "N131 Boyd 2004",
    "et": "GroupName",
    "off": 14300,
    "sff": "B"
  },
  {
    "docID": "N131 Boyd 2004",
    "et": "GroupName",
    "off": 9445,
    "sff": "OECs"
  },
  {
    "docID": "N131 Boyd 2004",
    "et": "GroupName",
    "off": 611,
    "sff": "OECs"
  },
  {
    "docID": "N131 Boyd 2004",
    "et": "GroupName",
    "off": 5441,
    "sff": "site"
  },
  {
    "docID": "N131 Boyd 2004",
    "et": "GroupName",
    "off": 7650,
    "sff": "OECs"
  },
  {
    "docID": "N131 Boyd 2004",
    "et": "GroupName",
    "off": 8866,
    "sff": "C"
  },
  {
    "docID": "N131 Boyd 2004",
    "et": "GroupName",
    "off": 9469,
    "sff": "LacZ-expressing OECs"
  },
  {
    "docID": "N131 Boyd 2004",
    "et": "GroupName",
    "off": 15051,
    "sff": "level"
  },
  {
    "docID": "N131 Boyd 2004",
    "et": "GroupName",
    "off": 14912,
    "sff": "level"
  },
  {
    "docID": "N131 Boyd 2004",
    "et": "GroupName",
    "off": 9512,
    "sff": "later"
  },
  {
    "docID": "N131 Boyd 2004",
    "et": "GroupName",
    "off": 1400,
    "sff": "expression"
  },
  {
    "docID": "N131 Boyd 2004",
    "et": "GroupName",
    "off": 9790,
    "sff": "controls"
  },
  {
    "docID": "N131 Boyd 2004",
    "et": "GroupName",
    "off": 1154,
    "sff": "implantation"
  },
  {
    "docID": "N131 Boyd 2004",
    "et": "GroupName",
    "off": 8194,
    "sff": "Schwann cells"
  },
  {
    "docID": "N131 Boyd 2004",
    "et": "GroupName",
    "off": 7046,
    "sff": "OECs"
  },
  {
    "docID": "N131 Boyd 2004",
    "et": "GroupName",
    "off": 8209,
    "sff": "SC"
  },
  {
    "docID": "N131 Boyd 2004",
    "et": "GroupName",
    "off": 13141,
    "sff": "level"
  },
  {
    "docID": "N131 Boyd 2004",
    "et": "GroupName",
    "off": 6212,
    "sff": "Control animals"
  },
  {
    "docID": "N131 Boyd 2004",
    "et": "GroupName",
    "off": 9495,
    "sff": "10"
  },
  {
    "docID": "N131 Boyd 2004",
    "et": "GroupName",
    "off": 14470,
    "sff": "C"
  },
  {
    "docID": "N131 Boyd 2004",
    "et": "GroupName",
    "off": 11855,
    "sff": "site"
  },
  {
    "docID": "N131 Boyd 2004",
    "et": "GroupName",
    "off": 11424,
    "sff": "10"
  },
  {
    "docID": "N131 Boyd 2004",
    "et": "GroupName",
    "off": 7330,
    "sff": "implantation"
  }
]
