[
  {
    "docID": "N133 Bretzner 2008",
    "et": "GroupName",
    "off": 21725,
    "sff": "OECs"
  },
  {
    "docID": "N133 Bretzner 2008",
    "et": "GroupName",
    "off": 22514,
    "sff": "OEC-treated rats"
  },
  {
    "docID": "N133 Bretzner 2008",
    "et": "GroupName",
    "off": 7983,
    "sff": "PBS"
  },
  {
    "docID": "N133 Bretzner 2008",
    "et": "GroupName",
    "off": 1837,
    "sff": "test"
  },
  {
    "docID": "N133 Bretzner 2008",
    "et": "GroupName",
    "off": 31360,
    "sff": "BDNF–DMEM"
  },
  {
    "docID": "N133 Bretzner 2008",
    "et": "GroupName",
    "off": 37820,
    "sff": "control rats"
  },
  {
    "docID": "N133 Bretzner 2008",
    "et": "GroupName",
    "off": 29333,
    "sff": "control group"
  },
  {
    "docID": "N133 Bretzner 2008",
    "et": "GroupName",
    "off": 23089,
    "sff": "site"
  },
  {
    "docID": "N133 Bretzner 2008",
    "et": "GroupName",
    "off": 30169,
    "sff": "control"
  },
  {
    "docID": "N133 Bretzner 2008",
    "et": "GroupName",
    "off": 29234,
    "sff": "treatment groups"
  },
  {
    "docID": "N133 Bretzner 2008",
    "et": "GroupName",
    "off": 21605,
    "sff": "control"
  },
  {
    "docID": "N133 Bretzner 2008",
    "et": "GroupName",
    "off": 2398,
    "sff": "OECs"
  },
  {
    "docID": "N133 Bretzner 2008",
    "et": "GroupName",
    "off": 2437,
    "sff": "OB"
  },
  {
    "docID": "N133 Bretzner 2008",
    "et": "GroupName",
    "off": 29276,
    "sff": "BDNF–OEC"
  },
  {
    "docID": "N133 Bretzner 2008",
    "et": "GroupName",
    "off": 25218,
    "sff": "OECs"
  },
  {
    "docID": "N133 Bretzner 2008",
    "et": "GroupName",
    "off": 18301,
    "sff": "injury"
  },
  {
    "docID": "N133 Bretzner 2008",
    "et": "GroupName",
    "off": 36828,
    "sff": "control rats"
  },
  {
    "docID": "N133 Bretzner 2008",
    "et": "GroupName",
    "off": 37582,
    "sff": "control rats"
  },
  {
    "docID": "N133 Bretzner 2008",
    "et": "GroupName",
    "off": 32151,
    "sff": "control group"
  },
  {
    "docID": "N133 Bretzner 2008",
    "et": "GroupName",
    "off": 34485,
    "sff": "injured"
  },
  {
    "docID": "N133 Bretzner 2008",
    "et": "GroupName",
    "off": 32286,
    "sff": "control group"
  },
  {
    "docID": "N133 Bretzner 2008",
    "et": "GroupName",
    "off": 36391,
    "sff": "5"
  },
  {
    "docID": "N133 Bretzner 2008",
    "et": "GroupName",
    "off": 23892,
    "sff": "OEC"
  },
  {
    "docID": "N133 Bretzner 2008",
    "et": "GroupName",
    "off": 21593,
    "sff": "vehicle"
  },
  {
    "docID": "N133 Bretzner 2008",
    "et": "GroupName",
    "off": 20749,
    "sff": "treatment"
  },
  {
    "docID": "N133 Bretzner 2008",
    "et": "GroupName",
    "off": 12881,
    "sff": "3"
  },
  {
    "docID": "N133 Bretzner 2008",
    "et": "GroupName",
    "off": 33751,
    "sff": "transplanted rats"
  },
  {
    "docID": "N133 Bretzner 2008",
    "et": "GroupName",
    "off": 11805,
    "sff": "high"
  },
  {
    "docID": "N133 Bretzner 2008",
    "et": "GroupName",
    "off": 32363,
    "sff": "combination"
  },
  {
    "docID": "N133 Bretzner 2008",
    "et": "GroupName",
    "off": 32151,
    "sff": "control"
  },
  {
    "docID": "N133 Bretzner 2008",
    "et": "GroupName",
    "off": 14019,
    "sff": "surgery"
  },
  {
    "docID": "N133 Bretzner 2008",
    "et": "GroupName",
    "off": 21584,
    "sff": "BDNF"
  },
  {
    "docID": "N133 Bretzner 2008",
    "et": "GroupName",
    "off": 26550,
    "sff": "BDNF–DMEM"
  },
  {
    "docID": "N133 Bretzner 2008",
    "et": "GroupName",
    "off": 15608,
    "sff": "days"
  },
  {
    "docID": "N133 Bretzner 2008",
    "et": "GroupName",
    "off": 31403,
    "sff": "BDNF–OEC"
  },
  {
    "docID": "N133 Bretzner 2008",
    "et": "GroupName",
    "off": 21271,
    "sff": "OECs"
  },
  {
    "docID": "N133 Bretzner 2008",
    "et": "GroupName",
    "off": 32265,
    "sff": "Vehicle–DMEM-treated control group"
  },
  {
    "docID": "N133 Bretzner 2008",
    "et": "GroupName",
    "off": 24603,
    "sff": "OECs"
  },
  {
    "docID": "N133 Bretzner 2008",
    "et": "GroupName",
    "off": 29932,
    "sff": "control group"
  },
  {
    "docID": "N133 Bretzner 2008",
    "et": "GroupName",
    "off": 29348,
    "sff": "Vehicle–DMEM"
  },
  {
    "docID": "N133 Bretzner 2008",
    "et": "GroupName",
    "off": 21310,
    "sff": "LP"
  },
  {
    "docID": "N133 Bretzner 2008",
    "et": "GroupName",
    "off": 7696,
    "sff": "mucosa"
  },
  {
    "docID": "N133 Bretzner 2008",
    "et": "GroupName",
    "off": 33417,
    "sff": "BDNF–OEC"
  },
  {
    "docID": "N133 Bretzner 2008",
    "et": "GroupName",
    "off": 30169,
    "sff": "control group"
  },
  {
    "docID": "N133 Bretzner 2008",
    "et": "GroupName",
    "off": 33441,
    "sff": "controls"
  },
  {
    "docID": "N133 Bretzner 2008",
    "et": "GroupName",
    "off": 29265,
    "sff": "BDNF–DMEM"
  },
  {
    "docID": "N133 Bretzner 2008",
    "et": "GroupName",
    "off": 29490,
    "sff": "Vehicle–OEC"
  },
  {
    "docID": "N133 Bretzner 2008",
    "et": "GroupName",
    "off": 29573,
    "sff": "BDNF–OEC"
  },
  {
    "docID": "N133 Bretzner 2008",
    "et": "GroupName",
    "off": 12901,
    "sff": "5"
  },
  {
    "docID": "N133 Bretzner 2008",
    "et": "GroupName",
    "off": 10268,
    "sff": "Control animals"
  },
  {
    "docID": "N133 Bretzner 2008",
    "et": "GroupName",
    "off": 19142,
    "sff": "animal"
  }
]
