[
  {
    "docID": "N134 Cao 2004",
    "et": "GroupName",
    "off": 28875,
    "sff": "GDNF OEC"
  },
  {
    "docID": "N134 Cao 2004",
    "et": "GroupName",
    "off": 27793,
    "sff": "OEC group"
  },
  {
    "docID": "N134 Cao 2004",
    "et": "GroupName",
    "off": 37510,
    "sff": "control group"
  },
  {
    "docID": "N134 Cao 2004",
    "et": "GroupName",
    "off": 627,
    "sff": "OEC"
  },
  {
    "docID": "N134 Cao 2004",
    "et": "GroupName",
    "off": 39156,
    "sff": "OEC"
  },
  {
    "docID": "N134 Cao 2004",
    "et": "GroupName",
    "off": 37153,
    "sff": "OEC group"
  },
  {
    "docID": "N134 Cao 2004",
    "et": "GroupName",
    "off": 28875,
    "sff": "GDNF OEC group"
  },
  {
    "docID": "N134 Cao 2004",
    "et": "GroupName",
    "off": 36809,
    "sff": "DMEM group"
  },
  {
    "docID": "N134 Cao 2004",
    "et": "GroupName",
    "off": 39349,
    "sff": "OEC group"
  },
  {
    "docID": "N134 Cao 2004",
    "et": "GroupName",
    "off": 25053,
    "sff": "control group"
  },
  {
    "docID": "N134 Cao 2004",
    "et": "GroupName",
    "off": 37288,
    "sff": "normal OEC group"
  },
  {
    "docID": "N134 Cao 2004",
    "et": "GroupName",
    "off": 35696,
    "sff": "GDNF OEC"
  },
  {
    "docID": "N134 Cao 2004",
    "et": "GroupName",
    "off": 29929,
    "sff": "control group"
  },
  {
    "docID": "N134 Cao 2004",
    "et": "GroupName",
    "off": 37148,
    "sff": "GDNF OEC group"
  },
  {
    "docID": "N134 Cao 2004",
    "et": "GroupName",
    "off": 17834,
    "sff": "OEC group"
  },
  {
    "docID": "N134 Cao 2004",
    "et": "GroupName",
    "off": 37934,
    "sff": "GDNF OEC group"
  },
  {
    "docID": "N134 Cao 2004",
    "et": "GroupName",
    "off": 38362,
    "sff": "control animals"
  },
  {
    "docID": "N134 Cao 2004",
    "et": "GroupName",
    "off": 38583,
    "sff": "controls"
  },
  {
    "docID": "N134 Cao 2004",
    "et": "GroupName",
    "off": 31684,
    "sff": "OEC group"
  },
  {
    "docID": "N134 Cao 2004",
    "et": "GroupName",
    "off": 24263,
    "sff": "OECs"
  },
  {
    "docID": "N134 Cao 2004",
    "et": "GroupName",
    "off": 17829,
    "sff": "GDNF OEC group"
  },
  {
    "docID": "N134 Cao 2004",
    "et": "GroupName",
    "off": 29377,
    "sff": "OEC group"
  },
  {
    "docID": "N134 Cao 2004",
    "et": "GroupName",
    "off": 37093,
    "sff": "DMEM group"
  },
  {
    "docID": "N134 Cao 2004",
    "et": "GroupName",
    "off": 30139,
    "sff": "OEC group"
  },
  {
    "docID": "N134 Cao 2004",
    "et": "GroupName",
    "off": 34229,
    "sff": "lesion"
  },
  {
    "docID": "N134 Cao 2004",
    "et": "GroupName",
    "off": 28691,
    "sff": "control"
  },
  {
    "docID": "N134 Cao 2004",
    "et": "GroupName",
    "off": 28247,
    "sff": "OEC group"
  },
  {
    "docID": "N134 Cao 2004",
    "et": "GroupName",
    "off": 39297,
    "sff": "GDNF OEC group"
  },
  {
    "docID": "N134 Cao 2004",
    "et": "GroupName",
    "off": 35957,
    "sff": "GDNF OEC group"
  },
  {
    "docID": "N134 Cao 2004",
    "et": "GroupName",
    "off": 35301,
    "sff": "control animals"
  },
  {
    "docID": "N134 Cao 2004",
    "et": "GroupName",
    "off": 31209,
    "sff": "OEC group"
  },
  {
    "docID": "N134 Cao 2004",
    "et": "GroupName",
    "off": 28217,
    "sff": "DMEM group"
  },
  {
    "docID": "N134 Cao 2004",
    "et": "GroupName",
    "off": 13441,
    "sff": "CM"
  },
  {
    "docID": "N134 Cao 2004",
    "et": "GroupName",
    "off": 24964,
    "sff": "control"
  },
  {
    "docID": "N134 Cao 2004",
    "et": "GroupName",
    "off": 39297,
    "sff": "GDNF OEC"
  },
  {
    "docID": "N134 Cao 2004",
    "et": "GroupName",
    "off": 27788,
    "sff": "GDNF OEC group"
  },
  {
    "docID": "N134 Cao 2004",
    "et": "GroupName",
    "off": 26872,
    "sff": "OEC group"
  },
  {
    "docID": "N134 Cao 2004",
    "et": "GroupName",
    "off": 28679,
    "sff": "DMEM group"
  },
  {
    "docID": "N134 Cao 2004",
    "et": "GroupName",
    "off": 35701,
    "sff": "OEC group"
  },
  {
    "docID": "N134 Cao 2004",
    "et": "GroupName",
    "off": 28661,
    "sff": "OEC group"
  },
  {
    "docID": "N134 Cao 2004",
    "et": "GroupName",
    "off": 31002,
    "sff": "control group"
  },
  {
    "docID": "N134 Cao 2004",
    "et": "GroupName",
    "off": 31080,
    "sff": "normal OEC group"
  },
  {
    "docID": "N134 Cao 2004",
    "et": "GroupName",
    "off": 26991,
    "sff": "OEC group"
  },
  {
    "docID": "N134 Cao 2004",
    "et": "GroupName",
    "off": 31087,
    "sff": "OEC group"
  },
  {
    "docID": "N134 Cao 2004",
    "et": "GroupName",
    "off": 37934,
    "sff": "GDNF OEC"
  },
  {
    "docID": "N134 Cao 2004",
    "et": "GroupName",
    "off": 35696,
    "sff": "GDNF OEC group"
  },
  {
    "docID": "N134 Cao 2004",
    "et": "GroupName",
    "off": 31364,
    "sff": "OEC group"
  },
  {
    "docID": "N134 Cao 2004",
    "et": "GroupName",
    "off": 39223,
    "sff": "control group"
  },
  {
    "docID": "N134 Cao 2004",
    "et": "GroupName",
    "off": 17784,
    "sff": "controls"
  },
  {
    "docID": "N134 Cao 2004",
    "et": "GroupName",
    "off": 37148,
    "sff": "GDNF OEC"
  },
  {
    "docID": "N134 Cao 2004",
    "et": "GroupName",
    "off": 30331,
    "sff": "OEC group"
  },
  {
    "docID": "N134 Cao 2004",
    "et": "GroupName",
    "off": 29347,
    "sff": "DMEM group"
  },
  {
    "docID": "N134 Cao 2004",
    "et": "GroupName",
    "off": 35962,
    "sff": "OEC group"
  }
]
