[
  {
    "docID": "N136 Centenaro 2011",
    "et": "GroupName",
    "off": 10029,
    "sff": "4WDC group"
  },
  {
    "docID": "N136 Centenaro 2011",
    "et": "GroupName",
    "off": 10011,
    "sff": "2WDT"
  },
  {
    "docID": "N136 Centenaro 2011",
    "et": "GroupName",
    "off": 19666,
    "sff": "0.5"
  },
  {
    "docID": "N136 Centenaro 2011",
    "et": "GroupName",
    "off": 9993,
    "sff": "2WDC group"
  },
  {
    "docID": "N136 Centenaro 2011",
    "et": "GroupName",
    "off": 14442,
    "sff": "control group"
  },
  {
    "docID": "N136 Centenaro 2011",
    "et": "GroupName",
    "off": 1237,
    "sff": "OEC"
  },
  {
    "docID": "N136 Centenaro 2011",
    "et": "GroupName",
    "off": 10011,
    "sff": "2WDT group"
  },
  {
    "docID": "N136 Centenaro 2011",
    "et": "GroupName",
    "off": 6768,
    "sff": "–"
  },
  {
    "docID": "N136 Centenaro 2011",
    "et": "GroupName",
    "off": 15032,
    "sff": "AC"
  },
  {
    "docID": "N136 Centenaro 2011",
    "et": "GroupName",
    "off": 15110,
    "sff": "2WDT"
  },
  {
    "docID": "N136 Centenaro 2011",
    "et": "GroupName",
    "off": 13930,
    "sff": "test"
  },
  {
    "docID": "N136 Centenaro 2011",
    "et": "GroupName",
    "off": 14794,
    "sff": "control groups"
  },
  {
    "docID": "N136 Centenaro 2011",
    "et": "GroupName",
    "off": 10029,
    "sff": "4WDC"
  },
  {
    "docID": "N136 Centenaro 2011",
    "et": "GroupName",
    "off": 1670,
    "sff": "OECs"
  },
  {
    "docID": "N136 Centenaro 2011",
    "et": "GroupName",
    "off": 14504,
    "sff": "4WDT"
  },
  {
    "docID": "N136 Centenaro 2011",
    "et": "GroupName",
    "off": 14457,
    "sff": "4WDC"
  },
  {
    "docID": "N136 Centenaro 2011",
    "et": "GroupName",
    "off": 17787,
    "sff": "2WDT"
  },
  {
    "docID": "N136 Centenaro 2011",
    "et": "GroupName",
    "off": 11730,
    "sff": "lesion"
  },
  {
    "docID": "N136 Centenaro 2011",
    "et": "GroupName",
    "off": 17934,
    "sff": "4WDT group"
  },
  {
    "docID": "N136 Centenaro 2011",
    "et": "GroupName",
    "off": 14339,
    "sff": "control group"
  },
  {
    "docID": "N136 Centenaro 2011",
    "et": "GroupName",
    "off": 12487,
    "sff": "–"
  },
  {
    "docID": "N136 Centenaro 2011",
    "et": "GroupName",
    "off": 10903,
    "sff": "AC group"
  },
  {
    "docID": "N136 Centenaro 2011",
    "et": "GroupName",
    "off": 20026,
    "sff": "lesions"
  },
  {
    "docID": "N136 Centenaro 2011",
    "et": "GroupName",
    "off": 16101,
    "sff": "controls"
  },
  {
    "docID": "N136 Centenaro 2011",
    "et": "GroupName",
    "off": 1648,
    "sff": "OECs"
  },
  {
    "docID": "N136 Centenaro 2011",
    "et": "GroupName",
    "off": 10992,
    "sff": "4WDT group"
  },
  {
    "docID": "N136 Centenaro 2011",
    "et": "GroupName",
    "off": 17934,
    "sff": "4WDT"
  },
  {
    "docID": "N136 Centenaro 2011",
    "et": "GroupName",
    "off": 10953,
    "sff": "2WDT group"
  },
  {
    "docID": "N136 Centenaro 2011",
    "et": "GroupName",
    "off": 14242,
    "sff": "control group"
  },
  {
    "docID": "N136 Centenaro 2011",
    "et": "GroupName",
    "off": 8253,
    "sff": "–"
  },
  {
    "docID": "N136 Centenaro 2011",
    "et": "GroupName",
    "off": 10971,
    "sff": "4WDC"
  },
  {
    "docID": "N136 Centenaro 2011",
    "et": "GroupName",
    "off": 7254,
    "sff": "2WDT"
  },
  {
    "docID": "N136 Centenaro 2011",
    "et": "GroupName",
    "off": 14410,
    "sff": "2WDT"
  },
  {
    "docID": "N136 Centenaro 2011",
    "et": "GroupName",
    "off": 10935,
    "sff": "2WDC group"
  },
  {
    "docID": "N136 Centenaro 2011",
    "et": "GroupName",
    "off": 10953,
    "sff": "2WDT"
  },
  {
    "docID": "N136 Centenaro 2011",
    "et": "GroupName",
    "off": 16714,
    "sff": "controls"
  },
  {
    "docID": "N136 Centenaro 2011",
    "et": "GroupName",
    "off": 10971,
    "sff": "4WDC group"
  },
  {
    "docID": "N136 Centenaro 2011",
    "et": "GroupName",
    "off": 14354,
    "sff": "2WDC"
  },
  {
    "docID": "N136 Centenaro 2011",
    "et": "GroupName",
    "off": 7535,
    "sff": "4WDC"
  },
  {
    "docID": "N136 Centenaro 2011",
    "et": "GroupName",
    "off": 19329,
    "sff": "0.5"
  },
  {
    "docID": "N136 Centenaro 2011",
    "et": "GroupName",
    "off": 1657,
    "sff": "RLP"
  },
  {
    "docID": "N136 Centenaro 2011",
    "et": "GroupName",
    "off": 14257,
    "sff": "AC"
  },
  {
    "docID": "N136 Centenaro 2011",
    "et": "GroupName",
    "off": 9961,
    "sff": "AC group"
  },
  {
    "docID": "N136 Centenaro 2011",
    "et": "GroupName",
    "off": 10050,
    "sff": "4WDT group"
  },
  {
    "docID": "N136 Centenaro 2011",
    "et": "GroupName",
    "off": 19070,
    "sff": "experimental groups"
  },
  {
    "docID": "N136 Centenaro 2011",
    "et": "GroupName",
    "off": 13916,
    "sff": "injury"
  },
  {
    "docID": "N136 Centenaro 2011",
    "et": "GroupName",
    "off": 6944,
    "sff": "AC"
  },
  {
    "docID": "N136 Centenaro 2011",
    "et": "GroupName",
    "off": 17787,
    "sff": "2WDT group"
  },
  {
    "docID": "N136 Centenaro 2011",
    "et": "GroupName",
    "off": 12047,
    "sff": "–"
  },
  {
    "docID": "N136 Centenaro 2011",
    "et": "GroupName",
    "off": 16471,
    "sff": "groups"
  },
  {
    "docID": "N136 Centenaro 2011",
    "et": "GroupName",
    "off": 19681,
    "sff": "5"
  },
  {
    "docID": "N136 Centenaro 2011",
    "et": "GroupName",
    "off": 10294,
    "sff": "scar"
  }
]
