[
  {
    "docID": "N137 Centenaro 2013",
    "et": "GroupName",
    "off": 1170,
    "sff": "OECs"
  },
  {
    "docID": "N137 Centenaro 2013",
    "et": "GroupName",
    "off": 20352,
    "sff": "2WDT"
  },
  {
    "docID": "N137 Centenaro 2013",
    "et": "GroupName",
    "off": 1007,
    "sff": "OLP"
  },
  {
    "docID": "N137 Centenaro 2013",
    "et": "GroupName",
    "off": 23424,
    "sff": "transplanted groups"
  },
  {
    "docID": "N137 Centenaro 2013",
    "et": "GroupName",
    "off": 18934,
    "sff": "4WDC"
  },
  {
    "docID": "N137 Centenaro 2013",
    "et": "GroupName",
    "off": 21181,
    "sff": "AC"
  },
  {
    "docID": "N137 Centenaro 2013",
    "et": "GroupName",
    "off": 23178,
    "sff": "2WDT"
  },
  {
    "docID": "N137 Centenaro 2013",
    "et": "GroupName",
    "off": 23322,
    "sff": "4"
  },
  {
    "docID": "N137 Centenaro 2013",
    "et": "GroupName",
    "off": 23526,
    "sff": "2WDC"
  },
  {
    "docID": "N137 Centenaro 2013",
    "et": "GroupName",
    "off": 23454,
    "sff": "4"
  },
  {
    "docID": "N137 Centenaro 2013",
    "et": "GroupName",
    "off": 19372,
    "sff": "transection"
  },
  {
    "docID": "N137 Centenaro 2013",
    "et": "GroupName",
    "off": 21853,
    "sff": "7"
  },
  {
    "docID": "N137 Centenaro 2013",
    "et": "GroupName",
    "off": 19870,
    "sff": "transplanted animals"
  },
  {
    "docID": "N137 Centenaro 2013",
    "et": "GroupName",
    "off": 18390,
    "sff": "AC"
  },
  {
    "docID": "N137 Centenaro 2013",
    "et": "GroupName",
    "off": 20300,
    "sff": "4WDT"
  },
  {
    "docID": "N137 Centenaro 2013",
    "et": "GroupName",
    "off": 20990,
    "sff": "test"
  },
  {
    "docID": "N137 Centenaro 2013",
    "et": "GroupName",
    "off": 24273,
    "sff": "delayed"
  },
  {
    "docID": "N137 Centenaro 2013",
    "et": "GroupName",
    "off": 19802,
    "sff": "transplanted animals"
  },
  {
    "docID": "N137 Centenaro 2013",
    "et": "GroupName",
    "off": 22965,
    "sff": "4WDC group"
  },
  {
    "docID": "N137 Centenaro 2013",
    "et": "GroupName",
    "off": 21997,
    "sff": "2WDT"
  },
  {
    "docID": "N137 Centenaro 2013",
    "et": "GroupName",
    "off": 18618,
    "sff": "2WDC"
  },
  {
    "docID": "N137 Centenaro 2013",
    "et": "GroupName",
    "off": 21948,
    "sff": "scores"
  },
  {
    "docID": "N137 Centenaro 2013",
    "et": "GroupName",
    "off": 21181,
    "sff": "AC group"
  },
  {
    "docID": "N137 Centenaro 2013",
    "et": "GroupName",
    "off": 19225,
    "sff": "acute"
  },
  {
    "docID": "N137 Centenaro 2013",
    "et": "GroupName",
    "off": 23526,
    "sff": "2WDC group"
  },
  {
    "docID": "N137 Centenaro 2013",
    "et": "GroupName",
    "off": 21820,
    "sff": "5"
  },
  {
    "docID": "N137 Centenaro 2013",
    "et": "GroupName",
    "off": 18632,
    "sff": "transplanted animals"
  },
  {
    "docID": "N137 Centenaro 2013",
    "et": "GroupName",
    "off": 23856,
    "sff": "5"
  },
  {
    "docID": "N137 Centenaro 2013",
    "et": "GroupName",
    "off": 18398,
    "sff": "OLP"
  },
  {
    "docID": "N137 Centenaro 2013",
    "et": "GroupName",
    "off": 19405,
    "sff": "4WDC group"
  },
  {
    "docID": "N137 Centenaro 2013",
    "et": "GroupName",
    "off": 18899,
    "sff": "2WDT group"
  },
  {
    "docID": "N137 Centenaro 2013",
    "et": "GroupName",
    "off": 1119,
    "sff": "transection"
  },
  {
    "docID": "N137 Centenaro 2013",
    "et": "GroupName",
    "off": 22086,
    "sff": "2WDT"
  },
  {
    "docID": "N137 Centenaro 2013",
    "et": "GroupName",
    "off": 630,
    "sff": "SCI"
  },
  {
    "docID": "N137 Centenaro 2013",
    "et": "GroupName",
    "off": 23232,
    "sff": "controls"
  },
  {
    "docID": "N137 Centenaro 2013",
    "et": "GroupName",
    "off": 23499,
    "sff": "2WDT"
  },
  {
    "docID": "N137 Centenaro 2013",
    "et": "GroupName",
    "off": 22401,
    "sff": "4WDT"
  },
  {
    "docID": "N137 Centenaro 2013",
    "et": "GroupName",
    "off": 18899,
    "sff": "2WDT"
  },
  {
    "docID": "N137 Centenaro 2013",
    "et": "GroupName",
    "off": 21750,
    "sff": "the2WDCgroup"
  },
  {
    "docID": "N137 Centenaro 2013",
    "et": "GroupName",
    "off": 1299,
    "sff": "delayed"
  },
  {
    "docID": "N137 Centenaro 2013",
    "et": "GroupName",
    "off": 18654,
    "sff": "2WDT"
  },
  {
    "docID": "N137 Centenaro 2013",
    "et": "GroupName",
    "off": 24084,
    "sff": "5"
  },
  {
    "docID": "N137 Centenaro 2013",
    "et": "GroupName",
    "off": 19734,
    "sff": "transplanted animals"
  },
  {
    "docID": "N137 Centenaro 2013",
    "et": "GroupName",
    "off": 22284,
    "sff": "4WDT"
  },
  {
    "docID": "N137 Centenaro 2013",
    "et": "GroupName",
    "off": 622,
    "sff": "injury"
  },
  {
    "docID": "N137 Centenaro 2013",
    "et": "GroupName",
    "off": 20976,
    "sff": "injury"
  },
  {
    "docID": "N137 Centenaro 2013",
    "et": "GroupName",
    "off": 22648,
    "sff": "5"
  },
  {
    "docID": "N137 Centenaro 2013",
    "et": "GroupName",
    "off": 18948,
    "sff": "transplanted animals"
  },
  {
    "docID": "N137 Centenaro 2013",
    "et": "GroupName",
    "off": 21055,
    "sff": "2"
  },
  {
    "docID": "N137 Centenaro 2013",
    "et": "GroupName",
    "off": 18970,
    "sff": "4WDT"
  },
  {
    "docID": "N137 Centenaro 2013",
    "et": "GroupName",
    "off": 21659,
    "sff": "the2WDTgroup"
  },
  {
    "docID": "N137 Centenaro 2013",
    "et": "GroupName",
    "off": 1227,
    "sff": "OECs"
  }
]
