[
  {
    "docID": "N138 Chuah 2004",
    "et": "GroupName",
    "off": 30517,
    "sff": "control animals"
  },
  {
    "docID": "N138 Chuah 2004",
    "et": "GroupName",
    "off": 21528,
    "sff": "ECs"
  },
  {
    "docID": "N138 Chuah 2004",
    "et": "GroupName",
    "off": 22313,
    "sff": "encapsulated ECs"
  },
  {
    "docID": "N138 Chuah 2004",
    "et": "GroupName",
    "off": 7572,
    "sff": "solution"
  },
  {
    "docID": "N138 Chuah 2004",
    "et": "GroupName",
    "off": 832,
    "sff": "CM"
  },
  {
    "docID": "N138 Chuah 2004",
    "et": "GroupName",
    "off": 5694,
    "sff": "CM"
  },
  {
    "docID": "N138 Chuah 2004",
    "et": "GroupName",
    "off": 17203,
    "sff": "level"
  },
  {
    "docID": "N138 Chuah 2004",
    "et": "GroupName",
    "off": 675,
    "sff": "cord"
  },
  {
    "docID": "N138 Chuah 2004",
    "et": "GroupName",
    "off": 5686,
    "sff": "medium"
  },
  {
    "docID": "N138 Chuah 2004",
    "et": "GroupName",
    "off": 27038,
    "sff": "injected"
  },
  {
    "docID": "N138 Chuah 2004",
    "et": "GroupName",
    "off": 10900,
    "sff": "surgery"
  },
  {
    "docID": "N138 Chuah 2004",
    "et": "GroupName",
    "off": 6057,
    "sff": "CM"
  },
  {
    "docID": "N138 Chuah 2004",
    "et": "GroupName",
    "off": 11114,
    "sff": "groups"
  },
  {
    "docID": "N138 Chuah 2004",
    "et": "GroupName",
    "off": 17143,
    "sff": "C"
  },
  {
    "docID": "N138 Chuah 2004",
    "et": "GroupName",
    "off": 29863,
    "sff": "treatment groups"
  },
  {
    "docID": "N138 Chuah 2004",
    "et": "GroupName",
    "off": 22326,
    "sff": "ECs"
  },
  {
    "docID": "N138 Chuah 2004",
    "et": "GroupName",
    "off": 1070,
    "sff": "CM"
  },
  {
    "docID": "N138 Chuah 2004",
    "et": "GroupName",
    "off": 11071,
    "sff": "groups"
  },
  {
    "docID": "N138 Chuah 2004",
    "et": "GroupName",
    "off": 1732,
    "sff": "encapsulated ECs"
  },
  {
    "docID": "N138 Chuah 2004",
    "et": "GroupName",
    "off": 24330,
    "sff": "level"
  },
  {
    "docID": "N138 Chuah 2004",
    "et": "GroupName",
    "off": 30035,
    "sff": "CM"
  },
  {
    "docID": "N138 Chuah 2004",
    "et": "GroupName",
    "off": 1608,
    "sff": "control"
  },
  {
    "docID": "N138 Chuah 2004",
    "et": "GroupName",
    "off": 27017,
    "sff": "ECs"
  },
  {
    "docID": "N138 Chuah 2004",
    "et": "GroupName",
    "off": 10833,
    "sff": "CM"
  },
  {
    "docID": "N138 Chuah 2004",
    "et": "GroupName",
    "off": 26358,
    "sff": "rats that received encapsulated ECs"
  },
  {
    "docID": "N138 Chuah 2004",
    "et": "GroupName",
    "off": 9677,
    "sff": "CM"
  },
  {
    "docID": "N138 Chuah 2004",
    "et": "GroupName",
    "off": 10873,
    "sff": "CM"
  },
  {
    "docID": "N138 Chuah 2004",
    "et": "GroupName",
    "off": 1310,
    "sff": "rats that received encapsulated ECs"
  },
  {
    "docID": "N138 Chuah 2004",
    "et": "GroupName",
    "off": 21877,
    "sff": "CM"
  },
  {
    "docID": "N138 Chuah 2004",
    "et": "GroupName",
    "off": 21869,
    "sff": "medium"
  },
  {
    "docID": "N138 Chuah 2004",
    "et": "GroupName",
    "off": 10827,
    "sff": "5"
  },
  {
    "docID": "N138 Chuah 2004",
    "et": "GroupName",
    "off": 1617,
    "sff": "CM-injected group"
  },
  {
    "docID": "N138 Chuah 2004",
    "et": "GroupName",
    "off": 9174,
    "sff": "cord"
  },
  {
    "docID": "N138 Chuah 2004",
    "et": "GroupName",
    "off": 24287,
    "sff": "injected"
  },
  {
    "docID": "N138 Chuah 2004",
    "et": "GroupName",
    "off": 6372,
    "sff": "NC"
  },
  {
    "docID": "N138 Chuah 2004",
    "et": "GroupName",
    "off": 29901,
    "sff": "control groups"
  },
  {
    "docID": "N138 Chuah 2004",
    "et": "GroupName",
    "off": 9662,
    "sff": "ECs"
  },
  {
    "docID": "N138 Chuah 2004",
    "et": "GroupName",
    "off": 30820,
    "sff": "EC-encapsulated groups"
  },
  {
    "docID": "N138 Chuah 2004",
    "et": "GroupName",
    "off": 28123,
    "sff": "encapsulated"
  },
  {
    "docID": "N138 Chuah 2004",
    "et": "GroupName",
    "off": 5158,
    "sff": "OM"
  },
  {
    "docID": "N138 Chuah 2004",
    "et": "GroupName",
    "off": 18253,
    "sff": "level"
  },
  {
    "docID": "N138 Chuah 2004",
    "et": "GroupName",
    "off": 16835,
    "sff": "test"
  },
  {
    "docID": "N138 Chuah 2004",
    "et": "GroupName",
    "off": 24185,
    "sff": "treatment groups"
  },
  {
    "docID": "N138 Chuah 2004",
    "et": "GroupName",
    "off": 442,
    "sff": "ECs"
  },
  {
    "docID": "N138 Chuah 2004",
    "et": "GroupName",
    "off": 10818,
    "sff": "ECs"
  },
  {
    "docID": "N138 Chuah 2004",
    "et": "GroupName",
    "off": 13626,
    "sff": "PBS"
  },
  {
    "docID": "N138 Chuah 2004",
    "et": "GroupName",
    "off": 20756,
    "sff": "encapsulated ECs"
  },
  {
    "docID": "N138 Chuah 2004",
    "et": "GroupName",
    "off": 1713,
    "sff": "rats that received encapsulated ECs"
  },
  {
    "docID": "N138 Chuah 2004",
    "et": "GroupName",
    "off": 24266,
    "sff": "ECs"
  },
  {
    "docID": "N138 Chuah 2004",
    "et": "GroupName",
    "off": 17804,
    "sff": "CM"
  },
  {
    "docID": "N138 Chuah 2004",
    "et": "GroupName",
    "off": 17796,
    "sff": "medium"
  },
  {
    "docID": "N138 Chuah 2004",
    "et": "GroupName",
    "off": 1745,
    "sff": "ECs"
  }
]
