[
  {
    "docID": "N139 Collazos-Castro 2005",
    "et": "GroupName",
    "off": 13428,
    "sff": "zone"
  },
  {
    "docID": "N139 Collazos-Castro 2005",
    "et": "GroupName",
    "off": 13143,
    "sff": "B"
  },
  {
    "docID": "N139 Collazos-Castro 2005",
    "et": "GroupName",
    "off": 21317,
    "sff": "transplant paradigm 1"
  },
  {
    "docID": "N139 Collazos-Castro 2005",
    "et": "GroupName",
    "off": 21201,
    "sff": "site"
  },
  {
    "docID": "N139 Collazos-Castro 2005",
    "et": "GroupName",
    "off": 11341,
    "sff": "rats"
  },
  {
    "docID": "N139 Collazos-Castro 2005",
    "et": "GroupName",
    "off": 14420,
    "sff": "B"
  },
  {
    "docID": "N139 Collazos-Castro 2005",
    "et": "GroupName",
    "off": 12341,
    "sff": "OEC-transplanted animals"
  },
  {
    "docID": "N139 Collazos-Castro 2005",
    "et": "GroupName",
    "off": 13782,
    "sff": "DCST"
  },
  {
    "docID": "N139 Collazos-Castro 2005",
    "et": "GroupName",
    "off": 9461,
    "sff": "Control rats"
  },
  {
    "docID": "N139 Collazos-Castro 2005",
    "et": "GroupName",
    "off": 9509,
    "sff": "vehicle"
  },
  {
    "docID": "N139 Collazos-Castro 2005",
    "et": "GroupName",
    "off": 855,
    "sff": "controls"
  },
  {
    "docID": "N139 Collazos-Castro 2005",
    "et": "GroupName",
    "off": 10172,
    "sff": "sections"
  },
  {
    "docID": "N139 Collazos-Castro 2005",
    "et": "GroupName",
    "off": 8623,
    "sff": "mm"
  },
  {
    "docID": "N139 Collazos-Castro 2005",
    "et": "GroupName",
    "off": 12740,
    "sff": "DCST"
  },
  {
    "docID": "N139 Collazos-Castro 2005",
    "et": "GroupName",
    "off": 20303,
    "sff": "4"
  },
  {
    "docID": "N139 Collazos-Castro 2005",
    "et": "GroupName",
    "off": 11292,
    "sff": "transplant paradigm 1"
  },
  {
    "docID": "N139 Collazos-Castro 2005",
    "et": "GroupName",
    "off": 9317,
    "sff": "rats"
  },
  {
    "docID": "N139 Collazos-Castro 2005",
    "et": "GroupName",
    "off": 20528,
    "sff": "control animals"
  },
  {
    "docID": "N139 Collazos-Castro 2005",
    "et": "GroupName",
    "off": 8150,
    "sff": "experimental animals"
  },
  {
    "docID": "N139 Collazos-Castro 2005",
    "et": "GroupName",
    "off": 11091,
    "sff": "animal"
  },
  {
    "docID": "N139 Collazos-Castro 2005",
    "et": "GroupName",
    "off": 20232,
    "sff": "animals"
  },
  {
    "docID": "N139 Collazos-Castro 2005",
    "et": "GroupName",
    "off": 14621,
    "sff": "transplant"
  },
  {
    "docID": "N139 Collazos-Castro 2005",
    "et": "GroupName",
    "off": 11235,
    "sff": "rats"
  },
  {
    "docID": "N139 Collazos-Castro 2005",
    "et": "GroupName",
    "off": 12109,
    "sff": "values"
  },
  {
    "docID": "N139 Collazos-Castro 2005",
    "et": "GroupName",
    "off": 23732,
    "sff": "values"
  },
  {
    "docID": "N139 Collazos-Castro 2005",
    "et": "GroupName",
    "off": 6147,
    "sff": "medium"
  },
  {
    "docID": "N139 Collazos-Castro 2005",
    "et": "GroupName",
    "off": 15352,
    "sff": "mm"
  },
  {
    "docID": "N139 Collazos-Castro 2005",
    "et": "GroupName",
    "off": 9246,
    "sff": "DCST"
  },
  {
    "docID": "N139 Collazos-Castro 2005",
    "et": "GroupName",
    "off": 10110,
    "sff": "medium"
  },
  {
    "docID": "N139 Collazos-Castro 2005",
    "et": "GroupName",
    "off": 11260,
    "sff": "OEC transplantation"
  },
  {
    "docID": "N139 Collazos-Castro 2005",
    "et": "GroupName",
    "off": 8954,
    "sff": "OEC transplantation"
  },
  {
    "docID": "N139 Collazos-Castro 2005",
    "et": "GroupName",
    "off": 1084,
    "sff": "injection"
  },
  {
    "docID": "N139 Collazos-Castro 2005",
    "et": "GroupName",
    "off": 827,
    "sff": "lesion"
  },
  {
    "docID": "N139 Collazos-Castro 2005",
    "et": "GroupName",
    "off": 11218,
    "sff": "contusion"
  },
  {
    "docID": "N139 Collazos-Castro 2005",
    "et": "GroupName",
    "off": 17951,
    "sff": "4"
  },
  {
    "docID": "N139 Collazos-Castro 2005",
    "et": "GroupName",
    "off": 16355,
    "sff": "mm"
  },
  {
    "docID": "N139 Collazos-Castro 2005",
    "et": "GroupName",
    "off": 20429,
    "sff": "lesion"
  },
  {
    "docID": "N139 Collazos-Castro 2005",
    "et": "GroupName",
    "off": 12316,
    "sff": "injured"
  },
  {
    "docID": "N139 Collazos-Castro 2005",
    "et": "GroupName",
    "off": 777,
    "sff": "DCST"
  },
  {
    "docID": "N139 Collazos-Castro 2005",
    "et": "GroupName",
    "off": 9518,
    "sff": "DMEM"
  },
  {
    "docID": "N139 Collazos-Castro 2005",
    "et": "GroupName",
    "off": 13093,
    "sff": "lesions"
  },
  {
    "docID": "N139 Collazos-Castro 2005",
    "et": "GroupName",
    "off": 13123,
    "sff": "C"
  },
  {
    "docID": "N139 Collazos-Castro 2005",
    "et": "GroupName",
    "off": 19309,
    "sff": "cells"
  },
  {
    "docID": "N139 Collazos-Castro 2005",
    "et": "GroupName",
    "off": 18036,
    "sff": "site"
  },
  {
    "docID": "N139 Collazos-Castro 2005",
    "et": "GroupName",
    "off": 438,
    "sff": "SCI"
  },
  {
    "docID": "N139 Collazos-Castro 2005",
    "et": "GroupName",
    "off": 18571,
    "sff": "4"
  },
  {
    "docID": "N139 Collazos-Castro 2005",
    "et": "GroupName",
    "off": 337,
    "sff": "OEC"
  },
  {
    "docID": "N139 Collazos-Castro 2005",
    "et": "GroupName",
    "off": 1481,
    "sff": "transplant"
  },
  {
    "docID": "N139 Collazos-Castro 2005",
    "et": "GroupName",
    "off": 16324,
    "sff": "mm"
  },
  {
    "docID": "N139 Collazos-Castro 2005",
    "et": "GroupName",
    "off": 16699,
    "sff": "7"
  },
  {
    "docID": "N139 Collazos-Castro 2005",
    "et": "GroupName",
    "off": 14410,
    "sff": "mm"
  },
  {
    "docID": "N139 Collazos-Castro 2005",
    "et": "GroupName",
    "off": 1802,
    "sff": "OEC transplants"
  }
]
