[
  {
    "docID": "N141 Deng 2008",
    "et": "GroupName",
    "off": 22135,
    "sff": "1"
  },
  {
    "docID": "N141 Deng 2008",
    "et": "GroupName",
    "off": 1584,
    "sff": "co-graft group"
  },
  {
    "docID": "N141 Deng 2008",
    "et": "GroupName",
    "off": 1128,
    "sff": "OEC"
  },
  {
    "docID": "N141 Deng 2008",
    "et": "GroupName",
    "off": 22691,
    "sff": "co-graft group"
  },
  {
    "docID": "N141 Deng 2008",
    "et": "GroupName",
    "off": 600,
    "sff": "BMSC"
  },
  {
    "docID": "N141 Deng 2008",
    "et": "GroupName",
    "off": 26349,
    "sff": "OEC"
  },
  {
    "docID": "N141 Deng 2008",
    "et": "GroupName",
    "off": 877,
    "sff": "OEC"
  },
  {
    "docID": "N141 Deng 2008",
    "et": "GroupName",
    "off": 23741,
    "sff": "BMSC"
  },
  {
    "docID": "N141 Deng 2008",
    "et": "GroupName",
    "off": 11754,
    "sff": "BrdU"
  },
  {
    "docID": "N141 Deng 2008",
    "et": "GroupName",
    "off": 23080,
    "sff": "2"
  },
  {
    "docID": "N141 Deng 2008",
    "et": "GroupName",
    "off": 20141,
    "sff": "group"
  },
  {
    "docID": "N141 Deng 2008",
    "et": "GroupName",
    "off": 593,
    "sff": "cells"
  },
  {
    "docID": "N141 Deng 2008",
    "et": "GroupName",
    "off": 1406,
    "sff": "treatments"
  },
  {
    "docID": "N141 Deng 2008",
    "et": "GroupName",
    "off": 639,
    "sff": "OEC"
  },
  {
    "docID": "N141 Deng 2008",
    "et": "GroupName",
    "off": 17279,
    "sff": "OEC"
  },
  {
    "docID": "N141 Deng 2008",
    "et": "GroupName",
    "off": 632,
    "sff": "cells"
  },
  {
    "docID": "N141 Deng 2008",
    "et": "GroupName",
    "off": 14101,
    "sff": "OEC"
  },
  {
    "docID": "N141 Deng 2008",
    "et": "GroupName",
    "off": 22118,
    "sff": "OEC group"
  },
  {
    "docID": "N141 Deng 2008",
    "et": "GroupName",
    "off": 19351,
    "sff": "groups"
  },
  {
    "docID": "N141 Deng 2008",
    "et": "GroupName",
    "off": 19310,
    "sff": "co-graft rats"
  },
  {
    "docID": "N141 Deng 2008",
    "et": "GroupName",
    "off": 20130,
    "sff": "co-grafted"
  },
  {
    "docID": "N141 Deng 2008",
    "et": "GroupName",
    "off": 18807,
    "sff": "BMSC"
  },
  {
    "docID": "N141 Deng 2008",
    "et": "GroupName",
    "off": 25213,
    "sff": "cells"
  },
  {
    "docID": "N141 Deng 2008",
    "et": "GroupName",
    "off": 19310,
    "sff": "co-graft"
  },
  {
    "docID": "N141 Deng 2008",
    "et": "GroupName",
    "off": 19173,
    "sff": "scar"
  },
  {
    "docID": "N141 Deng 2008",
    "et": "GroupName",
    "off": 24978,
    "sff": "types"
  },
  {
    "docID": "N141 Deng 2008",
    "et": "GroupName",
    "off": 21684,
    "sff": "co-grafted"
  },
  {
    "docID": "N141 Deng 2008",
    "et": "GroupName",
    "off": 18762,
    "sff": "rats"
  },
  {
    "docID": "N141 Deng 2008",
    "et": "GroupName",
    "off": 19564,
    "sff": "B"
  },
  {
    "docID": "N141 Deng 2008",
    "et": "GroupName",
    "off": 20542,
    "sff": "co-grafted"
  },
  {
    "docID": "N141 Deng 2008",
    "et": "GroupName",
    "off": 15332,
    "sff": "co-graft rats"
  },
  {
    "docID": "N141 Deng 2008",
    "et": "GroupName",
    "off": 19547,
    "sff": "rats"
  },
  {
    "docID": "N141 Deng 2008",
    "et": "GroupName",
    "off": 16109,
    "sff": "groups"
  },
  {
    "docID": "N141 Deng 2008",
    "et": "GroupName",
    "off": 9966,
    "sff": "treatment"
  },
  {
    "docID": "N141 Deng 2008",
    "et": "GroupName",
    "off": 20447,
    "sff": "groups"
  },
  {
    "docID": "N141 Deng 2008",
    "et": "GroupName",
    "off": 15780,
    "sff": "sham"
  },
  {
    "docID": "N141 Deng 2008",
    "et": "GroupName",
    "off": 722,
    "sff": "injury"
  },
  {
    "docID": "N141 Deng 2008",
    "et": "GroupName",
    "off": 14039,
    "sff": "MSC"
  },
  {
    "docID": "N141 Deng 2008",
    "et": "GroupName",
    "off": 15780,
    "sff": "sham group"
  },
  {
    "docID": "N141 Deng 2008",
    "et": "GroupName",
    "off": 15538,
    "sff": "C"
  },
  {
    "docID": "N141 Deng 2008",
    "et": "GroupName",
    "off": 16117,
    "sff": "B"
  },
  {
    "docID": "N141 Deng 2008",
    "et": "GroupName",
    "off": 18787,
    "sff": "OEC"
  },
  {
    "docID": "N141 Deng 2008",
    "et": "GroupName",
    "off": 25701,
    "sff": "OEC"
  },
  {
    "docID": "N141 Deng 2008",
    "et": "GroupName",
    "off": 9006,
    "sff": "control"
  },
  {
    "docID": "N141 Deng 2008",
    "et": "GroupName",
    "off": 1584,
    "sff": "co-graft"
  },
  {
    "docID": "N141 Deng 2008",
    "et": "GroupName",
    "off": 22118,
    "sff": "OEC"
  },
  {
    "docID": "N141 Deng 2008",
    "et": "GroupName",
    "off": 18456,
    "sff": "treatment"
  },
  {
    "docID": "N141 Deng 2008",
    "et": "GroupName",
    "off": 8941,
    "sff": "group 3"
  },
  {
    "docID": "N141 Deng 2008",
    "et": "GroupName",
    "off": 16088,
    "sff": "OEC"
  },
  {
    "docID": "N141 Deng 2008",
    "et": "GroupName",
    "off": 22691,
    "sff": "co-graft"
  },
  {
    "docID": "N141 Deng 2008",
    "et": "GroupName",
    "off": 18748,
    "sff": "control group rats"
  },
  {
    "docID": "N141 Deng 2008",
    "et": "GroupName",
    "off": 730,
    "sff": "SCI"
  }
]
