[
  {
    "docID": "N142 Deumens 2006 2",
    "et": "GroupName",
    "off": 11658,
    "sff": "mm"
  },
  {
    "docID": "N142 Deumens 2006 2",
    "et": "GroupName",
    "off": 18309,
    "sff": "7"
  },
  {
    "docID": "N142 Deumens 2006 2",
    "et": "GroupName",
    "off": 16694,
    "sff": "site"
  },
  {
    "docID": "N142 Deumens 2006 2",
    "et": "GroupName",
    "off": 9733,
    "sff": "medium"
  },
  {
    "docID": "N142 Deumens 2006 2",
    "et": "GroupName",
    "off": 748,
    "sff": "OEC"
  },
  {
    "docID": "N142 Deumens 2006 2",
    "et": "GroupName",
    "off": 22544,
    "sff": "1"
  },
  {
    "docID": "N142 Deumens 2006 2",
    "et": "GroupName",
    "off": 18173,
    "sff": "animal"
  },
  {
    "docID": "N142 Deumens 2006 2",
    "et": "GroupName",
    "off": 6768,
    "sff": "animals"
  },
  {
    "docID": "N142 Deumens 2006 2",
    "et": "GroupName",
    "off": 10453,
    "sff": "transplantation"
  },
  {
    "docID": "N142 Deumens 2006 2",
    "et": "GroupName",
    "off": 14814,
    "sff": "saline"
  },
  {
    "docID": "N142 Deumens 2006 2",
    "et": "GroupName",
    "off": 22613,
    "sff": "2"
  },
  {
    "docID": "N142 Deumens 2006 2",
    "et": "GroupName",
    "off": 23007,
    "sff": "transplanted animals"
  },
  {
    "docID": "N142 Deumens 2006 2",
    "et": "GroupName",
    "off": 15030,
    "sff": "mixture"
  },
  {
    "docID": "N142 Deumens 2006 2",
    "et": "GroupName",
    "off": 10292,
    "sff": "medium"
  },
  {
    "docID": "N142 Deumens 2006 2",
    "et": "GroupName",
    "off": 22805,
    "sff": "control group"
  },
  {
    "docID": "N142 Deumens 2006 2",
    "et": "GroupName",
    "off": 17695,
    "sff": "3"
  },
  {
    "docID": "N142 Deumens 2006 2",
    "et": "GroupName",
    "off": 28291,
    "sff": "control animals"
  },
  {
    "docID": "N142 Deumens 2006 2",
    "et": "GroupName",
    "off": 6867,
    "sff": "group"
  },
  {
    "docID": "N142 Deumens 2006 2",
    "et": "GroupName",
    "off": 2573,
    "sff": "matrix"
  },
  {
    "docID": "N142 Deumens 2006 2",
    "et": "GroupName",
    "off": 27926,
    "sff": "C"
  },
  {
    "docID": "N142 Deumens 2006 2",
    "et": "GroupName",
    "off": 27263,
    "sff": "control animals"
  },
  {
    "docID": "N142 Deumens 2006 2",
    "et": "GroupName",
    "off": 24826,
    "sff": "control animals"
  },
  {
    "docID": "N142 Deumens 2006 2",
    "et": "GroupName",
    "off": 9302,
    "sff": "site"
  },
  {
    "docID": "N142 Deumens 2006 2",
    "et": "GroupName",
    "off": 24637,
    "sff": "tissue"
  },
  {
    "docID": "N142 Deumens 2006 2",
    "et": "GroupName",
    "off": 28696,
    "sff": "control animals"
  },
  {
    "docID": "N142 Deumens 2006 2",
    "et": "GroupName",
    "off": 19944,
    "sff": "one"
  },
  {
    "docID": "N142 Deumens 2006 2",
    "et": "GroupName",
    "off": 13251,
    "sff": "PBS"
  },
  {
    "docID": "N142 Deumens 2006 2",
    "et": "GroupName",
    "off": 12694,
    "sff": "control"
  },
  {
    "docID": "N142 Deumens 2006 2",
    "et": "GroupName",
    "off": 13243,
    "sff": "saline"
  },
  {
    "docID": "N142 Deumens 2006 2",
    "et": "GroupName",
    "off": 23155,
    "sff": "transplanted group"
  },
  {
    "docID": "N142 Deumens 2006 2",
    "et": "GroupName",
    "off": 14165,
    "sff": "cord"
  },
  {
    "docID": "N142 Deumens 2006 2",
    "et": "GroupName",
    "off": 25550,
    "sff": "tissue"
  },
  {
    "docID": "N142 Deumens 2006 2",
    "et": "GroupName",
    "off": 13785,
    "sff": "PBS"
  },
  {
    "docID": "N142 Deumens 2006 2",
    "et": "GroupName",
    "off": 25949,
    "sff": "control animals"
  },
  {
    "docID": "N142 Deumens 2006 2",
    "et": "GroupName",
    "off": 7550,
    "sff": "treatment"
  },
  {
    "docID": "N142 Deumens 2006 2",
    "et": "GroupName",
    "off": 12318,
    "sff": "experimental group"
  },
  {
    "docID": "N142 Deumens 2006 2",
    "et": "GroupName",
    "off": 20697,
    "sff": "control animals"
  },
  {
    "docID": "N142 Deumens 2006 2",
    "et": "GroupName",
    "off": 21117,
    "sff": "transplanted"
  },
  {
    "docID": "N142 Deumens 2006 2",
    "et": "GroupName",
    "off": 13478,
    "sff": "injection"
  },
  {
    "docID": "N142 Deumens 2006 2",
    "et": "GroupName",
    "off": 2485,
    "sff": "acute"
  },
  {
    "docID": "N142 Deumens 2006 2",
    "et": "GroupName",
    "off": 10763,
    "sff": "2"
  },
  {
    "docID": "N142 Deumens 2006 2",
    "et": "GroupName",
    "off": 6861,
    "sff": "other group"
  },
  {
    "docID": "N142 Deumens 2006 2",
    "et": "GroupName",
    "off": 22424,
    "sff": "transplantation"
  },
  {
    "docID": "N142 Deumens 2006 2",
    "et": "GroupName",
    "off": 17643,
    "sff": "animal"
  },
  {
    "docID": "N142 Deumens 2006 2",
    "et": "GroupName",
    "off": 28562,
    "sff": "control groups"
  },
  {
    "docID": "N142 Deumens 2006 2",
    "et": "GroupName",
    "off": 16455,
    "sff": "sections"
  },
  {
    "docID": "N142 Deumens 2006 2",
    "et": "GroupName",
    "off": 12308,
    "sff": "site"
  },
  {
    "docID": "N142 Deumens 2006 2",
    "et": "GroupName",
    "off": 21617,
    "sff": "scores"
  },
  {
    "docID": "N142 Deumens 2006 2",
    "et": "GroupName",
    "off": 6895,
    "sff": "control group"
  },
  {
    "docID": "N142 Deumens 2006 2",
    "et": "GroupName",
    "off": 12686,
    "sff": "mm"
  },
  {
    "docID": "N142 Deumens 2006 2",
    "et": "GroupName",
    "off": 8281,
    "sff": "medium"
  }
]
