[
  {
    "docID": "N143 Deumens 2006",
    "et": "GroupName",
    "off": 26329,
    "sff": "control animals"
  },
  {
    "docID": "N143 Deumens 2006",
    "et": "GroupName",
    "off": 27203,
    "sff": "animal"
  },
  {
    "docID": "N143 Deumens 2006",
    "et": "GroupName",
    "off": 12917,
    "sff": "2"
  },
  {
    "docID": "N143 Deumens 2006",
    "et": "GroupName",
    "off": 25107,
    "sff": "animals"
  },
  {
    "docID": "N143 Deumens 2006",
    "et": "GroupName",
    "off": 42332,
    "sff": "control animals"
  },
  {
    "docID": "N143 Deumens 2006",
    "et": "GroupName",
    "off": 35548,
    "sff": "control animals"
  },
  {
    "docID": "N143 Deumens 2006",
    "et": "GroupName",
    "off": 14086,
    "sff": "experimental group"
  },
  {
    "docID": "N143 Deumens 2006",
    "et": "GroupName",
    "off": 26590,
    "sff": "control animals"
  },
  {
    "docID": "N143 Deumens 2006",
    "et": "GroupName",
    "off": 32868,
    "sff": "control animals"
  },
  {
    "docID": "N143 Deumens 2006",
    "et": "GroupName",
    "off": 36963,
    "sff": "control animals"
  },
  {
    "docID": "N143 Deumens 2006",
    "et": "GroupName",
    "off": 35171,
    "sff": "control animals"
  },
  {
    "docID": "N143 Deumens 2006",
    "et": "GroupName",
    "off": 15517,
    "sff": "injection"
  },
  {
    "docID": "N143 Deumens 2006",
    "et": "GroupName",
    "off": 42695,
    "sff": "control animals"
  },
  {
    "docID": "N143 Deumens 2006",
    "et": "GroupName",
    "off": 7672,
    "sff": "group"
  },
  {
    "docID": "N143 Deumens 2006",
    "et": "GroupName",
    "off": 29888,
    "sff": "OEC"
  },
  {
    "docID": "N143 Deumens 2006",
    "et": "GroupName",
    "off": 41290,
    "sff": "control animals"
  },
  {
    "docID": "N143 Deumens 2006",
    "et": "GroupName",
    "off": 31950,
    "sff": "control animals"
  },
  {
    "docID": "N143 Deumens 2006",
    "et": "GroupName",
    "off": 40021,
    "sff": "control animals"
  },
  {
    "docID": "N143 Deumens 2006",
    "et": "GroupName",
    "off": 21558,
    "sff": "control animals"
  },
  {
    "docID": "N143 Deumens 2006",
    "et": "GroupName",
    "off": 974,
    "sff": "OEC"
  },
  {
    "docID": "N143 Deumens 2006",
    "et": "GroupName",
    "off": 28371,
    "sff": "intervention"
  },
  {
    "docID": "N143 Deumens 2006",
    "et": "GroupName",
    "off": 25790,
    "sff": "C"
  },
  {
    "docID": "N143 Deumens 2006",
    "et": "GroupName",
    "off": 36861,
    "sff": "site"
  },
  {
    "docID": "N143 Deumens 2006",
    "et": "GroupName",
    "off": 24318,
    "sff": "site"
  },
  {
    "docID": "N143 Deumens 2006",
    "et": "GroupName",
    "off": 35011,
    "sff": "control animals"
  },
  {
    "docID": "N143 Deumens 2006",
    "et": "GroupName",
    "off": 16251,
    "sff": "cord"
  },
  {
    "docID": "N143 Deumens 2006",
    "et": "GroupName",
    "off": 22192,
    "sff": "animal"
  },
  {
    "docID": "N143 Deumens 2006",
    "et": "GroupName",
    "off": 28045,
    "sff": "site"
  },
  {
    "docID": "N143 Deumens 2006",
    "et": "GroupName",
    "off": 14603,
    "sff": "site"
  },
  {
    "docID": "N143 Deumens 2006",
    "et": "GroupName",
    "off": 40410,
    "sff": "animals"
  },
  {
    "docID": "N143 Deumens 2006",
    "et": "GroupName",
    "off": 15250,
    "sff": "PBS"
  },
  {
    "docID": "N143 Deumens 2006",
    "et": "GroupName",
    "off": 40869,
    "sff": "control animals"
  },
  {
    "docID": "N143 Deumens 2006",
    "et": "GroupName",
    "off": 40713,
    "sff": "control animals"
  },
  {
    "docID": "N143 Deumens 2006",
    "et": "GroupName",
    "off": 27529,
    "sff": "control animals"
  },
  {
    "docID": "N143 Deumens 2006",
    "et": "GroupName",
    "off": 11364,
    "sff": "mm"
  },
  {
    "docID": "N143 Deumens 2006",
    "et": "GroupName",
    "off": 1933,
    "sff": "control animals"
  },
  {
    "docID": "N143 Deumens 2006",
    "et": "GroupName",
    "off": 34059,
    "sff": "control animals"
  },
  {
    "docID": "N143 Deumens 2006",
    "et": "GroupName",
    "off": 28817,
    "sff": "control animals"
  },
  {
    "docID": "N143 Deumens 2006",
    "et": "GroupName",
    "off": 13787,
    "sff": "mm"
  },
  {
    "docID": "N143 Deumens 2006",
    "et": "GroupName",
    "off": 20453,
    "sff": "animal"
  },
  {
    "docID": "N143 Deumens 2006",
    "et": "GroupName",
    "off": 37178,
    "sff": "transplanted animals"
  },
  {
    "docID": "N143 Deumens 2006",
    "et": "GroupName",
    "off": 20865,
    "sff": "control animals"
  },
  {
    "docID": "N143 Deumens 2006",
    "et": "GroupName",
    "off": 14467,
    "sff": "control group"
  },
  {
    "docID": "N143 Deumens 2006",
    "et": "GroupName",
    "off": 25921,
    "sff": "site"
  },
  {
    "docID": "N143 Deumens 2006",
    "et": "GroupName",
    "off": 7683,
    "sff": "10"
  },
  {
    "docID": "N143 Deumens 2006",
    "et": "GroupName",
    "off": 28292,
    "sff": "control animals"
  },
  {
    "docID": "N143 Deumens 2006",
    "et": "GroupName",
    "off": 25502,
    "sff": "cord"
  },
  {
    "docID": "N143 Deumens 2006",
    "et": "GroupName",
    "off": 22089,
    "sff": "treatment"
  },
  {
    "docID": "N143 Deumens 2006",
    "et": "GroupName",
    "off": 37229,
    "sff": "control animals"
  },
  {
    "docID": "N143 Deumens 2006",
    "et": "GroupName",
    "off": 21510,
    "sff": "sections"
  },
  {
    "docID": "N143 Deumens 2006",
    "et": "GroupName",
    "off": 7820,
    "sff": "other group"
  },
  {
    "docID": "N143 Deumens 2006",
    "et": "GroupName",
    "off": 35956,
    "sff": "control animals"
  }
]
