[
  {
    "docID": "N144 Ferrero-Gutierrez 2013",
    "et": "GroupName",
    "off": 23883,
    "sff": "scaffold"
  },
  {
    "docID": "N144 Ferrero-Gutierrez 2013",
    "et": "GroupName",
    "off": 11215,
    "sff": "scaffold"
  },
  {
    "docID": "N144 Ferrero-Gutierrez 2013",
    "et": "GroupName",
    "off": 21541,
    "sff": "alone"
  },
  {
    "docID": "N144 Ferrero-Gutierrez 2013",
    "et": "GroupName",
    "off": 11914,
    "sff": "medium"
  },
  {
    "docID": "N144 Ferrero-Gutierrez 2013",
    "et": "GroupName",
    "off": 22193,
    "sff": "G1"
  },
  {
    "docID": "N144 Ferrero-Gutierrez 2013",
    "et": "GroupName",
    "off": 21961,
    "sff": "G1"
  },
  {
    "docID": "N144 Ferrero-Gutierrez 2013",
    "et": "GroupName",
    "off": 25564,
    "sff": "scaffold"
  },
  {
    "docID": "N144 Ferrero-Gutierrez 2013",
    "et": "GroupName",
    "off": 24543,
    "sff": "scaffold"
  },
  {
    "docID": "N144 Ferrero-Gutierrez 2013",
    "et": "GroupName",
    "off": 14233,
    "sff": "transected"
  },
  {
    "docID": "N144 Ferrero-Gutierrez 2013",
    "et": "GroupName",
    "off": 22349,
    "sff": "G1"
  },
  {
    "docID": "N144 Ferrero-Gutierrez 2013",
    "et": "GroupName",
    "off": 13721,
    "sff": "medium"
  },
  {
    "docID": "N144 Ferrero-Gutierrez 2013",
    "et": "GroupName",
    "off": 29409,
    "sff": "scaffold"
  },
  {
    "docID": "N144 Ferrero-Gutierrez 2013",
    "et": "GroupName",
    "off": 21308,
    "sff": "scaffold alone"
  },
  {
    "docID": "N144 Ferrero-Gutierrez 2013",
    "et": "GroupName",
    "off": 15336,
    "sff": "days"
  },
  {
    "docID": "N144 Ferrero-Gutierrez 2013",
    "et": "GroupName",
    "off": 22200,
    "sff": "SCI + scaffold"
  },
  {
    "docID": "N144 Ferrero-Gutierrez 2013",
    "et": "GroupName",
    "off": 15965,
    "sff": "SCI-only"
  },
  {
    "docID": "N144 Ferrero-Gutierrez 2013",
    "et": "GroupName",
    "off": 26426,
    "sff": "treatment"
  },
  {
    "docID": "N144 Ferrero-Gutierrez 2013",
    "et": "GroupName",
    "off": 16022,
    "sff": "G2"
  },
  {
    "docID": "N144 Ferrero-Gutierrez 2013",
    "et": "GroupName",
    "off": 25558,
    "sff": "SCI + scaffold"
  },
  {
    "docID": "N144 Ferrero-Gutierrez 2013",
    "et": "GroupName",
    "off": 15960,
    "sff": "G1"
  },
  {
    "docID": "N144 Ferrero-Gutierrez 2013",
    "et": "GroupName",
    "off": 29426,
    "sff": "site"
  },
  {
    "docID": "N144 Ferrero-Gutierrez 2013",
    "et": "GroupName",
    "off": 1394,
    "sff": "scaffold"
  },
  {
    "docID": "N144 Ferrero-Gutierrez 2013",
    "et": "GroupName",
    "off": 21317,
    "sff": "alone"
  },
  {
    "docID": "N144 Ferrero-Gutierrez 2013",
    "et": "GroupName",
    "off": 25360,
    "sff": "0"
  },
  {
    "docID": "N144 Ferrero-Gutierrez 2013",
    "et": "GroupName",
    "off": 11113,
    "sff": "scaffold"
  },
  {
    "docID": "N144 Ferrero-Gutierrez 2013",
    "et": "GroupName",
    "off": 28380,
    "sff": "control group"
  },
  {
    "docID": "N144 Ferrero-Gutierrez 2013",
    "et": "GroupName",
    "off": 21532,
    "sff": "scaffold alone"
  },
  {
    "docID": "N144 Ferrero-Gutierrez 2013",
    "et": "GroupName",
    "off": 26081,
    "sff": "group"
  },
  {
    "docID": "N144 Ferrero-Gutierrez 2013",
    "et": "GroupName",
    "off": 22264,
    "sff": "G3"
  },
  {
    "docID": "N144 Ferrero-Gutierrez 2013",
    "et": "GroupName",
    "off": 16118,
    "sff": "G3"
  },
  {
    "docID": "N144 Ferrero-Gutierrez 2013",
    "et": "GroupName",
    "off": 22898,
    "sff": "G1"
  },
  {
    "docID": "N144 Ferrero-Gutierrez 2013",
    "et": "GroupName",
    "off": 30996,
    "sff": "control groups"
  },
  {
    "docID": "N144 Ferrero-Gutierrez 2013",
    "et": "GroupName",
    "off": 21513,
    "sff": "scaffold"
  },
  {
    "docID": "N144 Ferrero-Gutierrez 2013",
    "et": "GroupName",
    "off": 10067,
    "sff": "medium"
  },
  {
    "docID": "N144 Ferrero-Gutierrez 2013",
    "et": "GroupName",
    "off": 15152,
    "sff": "injury"
  },
  {
    "docID": "N144 Ferrero-Gutierrez 2013",
    "et": "GroupName",
    "off": 26509,
    "sff": "control groups"
  },
  {
    "docID": "N144 Ferrero-Gutierrez 2013",
    "et": "GroupName",
    "off": 21523,
    "sff": "Control"
  },
  {
    "docID": "N144 Ferrero-Gutierrez 2013",
    "et": "GroupName",
    "off": 8593,
    "sff": "OECs"
  },
  {
    "docID": "N144 Ferrero-Gutierrez 2013",
    "et": "GroupName",
    "off": 16013,
    "sff": "Group 2"
  },
  {
    "docID": "N144 Ferrero-Gutierrez 2013",
    "et": "GroupName",
    "off": 28761,
    "sff": "treatment groups"
  },
  {
    "docID": "N144 Ferrero-Gutierrez 2013",
    "et": "GroupName",
    "off": 25473,
    "sff": "G3"
  },
  {
    "docID": "N144 Ferrero-Gutierrez 2013",
    "et": "GroupName",
    "off": 8411,
    "sff": "days"
  },
  {
    "docID": "N144 Ferrero-Gutierrez 2013",
    "et": "GroupName",
    "off": 16716,
    "sff": "treatment"
  },
  {
    "docID": "N144 Ferrero-Gutierrez 2013",
    "et": "GroupName",
    "off": 8649,
    "sff": "OB"
  },
  {
    "docID": "N144 Ferrero-Gutierrez 2013",
    "et": "GroupName",
    "off": 25521,
    "sff": "control groups"
  },
  {
    "docID": "N144 Ferrero-Gutierrez 2013",
    "et": "GroupName",
    "off": 11235,
    "sff": "OECs"
  },
  {
    "docID": "N144 Ferrero-Gutierrez 2013",
    "et": "GroupName",
    "off": 11013,
    "sff": "control"
  },
  {
    "docID": "N144 Ferrero-Gutierrez 2013",
    "et": "GroupName",
    "off": 16027,
    "sff": "SCI + scaffold"
  },
  {
    "docID": "N144 Ferrero-Gutierrez 2013",
    "et": "GroupName",
    "off": 21299,
    "sff": "Control"
  },
  {
    "docID": "N144 Ferrero-Gutierrez 2013",
    "et": "GroupName",
    "off": 12673,
    "sff": "medium"
  },
  {
    "docID": "N144 Ferrero-Gutierrez 2013",
    "et": "GroupName",
    "off": 30567,
    "sff": "SCI with cell seeded scaffold"
  },
  {
    "docID": "N144 Ferrero-Gutierrez 2013",
    "et": "GroupName",
    "off": 22945,
    "sff": "G3"
  }
]
