[
  {
    "docID": "N145 Fouad 2005",
    "et": "GroupName",
    "off": 37922,
    "sff": "control group"
  },
  {
    "docID": "N145 Fouad 2005",
    "et": "GroupName",
    "off": 1254,
    "sff": "SCs"
  },
  {
    "docID": "N145 Fouad 2005",
    "et": "GroupName",
    "off": 31512,
    "sff": "rats with Matrigel only"
  },
  {
    "docID": "N145 Fouad 2005",
    "et": "GroupName",
    "off": 19159,
    "sff": "IL"
  },
  {
    "docID": "N145 Fouad 2005",
    "et": "GroupName",
    "off": 9038,
    "sff": "OEG grafts"
  },
  {
    "docID": "N145 Fouad 2005",
    "et": "GroupName",
    "off": 1517,
    "sff": "untreated group"
  },
  {
    "docID": "N145 Fouad 2005",
    "et": "GroupName",
    "off": 9134,
    "sff": "5"
  },
  {
    "docID": "N145 Fouad 2005",
    "et": "GroupName",
    "off": 32871,
    "sff": "grafted groups"
  },
  {
    "docID": "N145 Fouad 2005",
    "et": "GroupName",
    "off": 32750,
    "sff": "group with grafts and cABC"
  },
  {
    "docID": "N145 Fouad 2005",
    "et": "GroupName",
    "off": 24738,
    "sff": "animal"
  },
  {
    "docID": "N145 Fouad 2005",
    "et": "GroupName",
    "off": 27709,
    "sff": "grafts only"
  },
  {
    "docID": "N145 Fouad 2005",
    "et": "GroupName",
    "off": 26775,
    "sff": "animals"
  },
  {
    "docID": "N145 Fouad 2005",
    "et": "GroupName",
    "off": 9120,
    "sff": "cABC"
  },
  {
    "docID": "N145 Fouad 2005",
    "et": "GroupName",
    "off": 8954,
    "sff": "graft-only group"
  },
  {
    "docID": "N145 Fouad 2005",
    "et": "GroupName",
    "off": 28873,
    "sff": "controls"
  },
  {
    "docID": "N145 Fouad 2005",
    "et": "GroupName",
    "off": 9120,
    "sff": "cABC group"
  },
  {
    "docID": "N145 Fouad 2005",
    "et": "GroupName",
    "off": 37657,
    "sff": "control"
  },
  {
    "docID": "N145 Fouad 2005",
    "et": "GroupName",
    "off": 8877,
    "sff": "OEG grafts"
  },
  {
    "docID": "N145 Fouad 2005",
    "et": "GroupName",
    "off": 32686,
    "sff": "grafts only"
  },
  {
    "docID": "N145 Fouad 2005",
    "et": "GroupName",
    "off": 11554,
    "sff": "vehicle"
  },
  {
    "docID": "N145 Fouad 2005",
    "et": "GroupName",
    "off": 37657,
    "sff": "control group"
  },
  {
    "docID": "N145 Fouad 2005",
    "et": "GroupName",
    "off": 33843,
    "sff": "animals"
  },
  {
    "docID": "N145 Fouad 2005",
    "et": "GroupName",
    "off": 30952,
    "sff": "5"
  },
  {
    "docID": "N145 Fouad 2005",
    "et": "GroupName",
    "off": 36736,
    "sff": "untreated animals"
  },
  {
    "docID": "N145 Fouad 2005",
    "et": "GroupName",
    "off": 37732,
    "sff": "group with grafts"
  },
  {
    "docID": "N145 Fouad 2005",
    "et": "GroupName",
    "off": 8954,
    "sff": "graft-only"
  },
  {
    "docID": "N145 Fouad 2005",
    "et": "GroupName",
    "off": 35829,
    "sff": "rats with grafts only"
  },
  {
    "docID": "N145 Fouad 2005",
    "et": "GroupName",
    "off": 30443,
    "sff": "only"
  },
  {
    "docID": "N145 Fouad 2005",
    "et": "GroupName",
    "off": 30926,
    "sff": "cABC"
  },
  {
    "docID": "N145 Fouad 2005",
    "et": "GroupName",
    "off": 11311,
    "sff": "Matrigel"
  },
  {
    "docID": "N145 Fouad 2005",
    "et": "GroupName",
    "off": 38634,
    "sff": "only"
  },
  {
    "docID": "N145 Fouad 2005",
    "et": "GroupName",
    "off": 30829,
    "sff": "control group"
  },
  {
    "docID": "N145 Fouad 2005",
    "et": "GroupName",
    "off": 9882,
    "sff": "transected"
  },
  {
    "docID": "N145 Fouad 2005",
    "et": "GroupName",
    "off": 27182,
    "sff": "groups"
  },
  {
    "docID": "N145 Fouad 2005",
    "et": "GroupName",
    "off": 8881,
    "sff": "grafts"
  },
  {
    "docID": "N145 Fouad 2005",
    "et": "GroupName",
    "off": 36581,
    "sff": "rats with grafts only"
  },
  {
    "docID": "N145 Fouad 2005",
    "et": "GroupName",
    "off": 35839,
    "sff": "grafts only"
  },
  {
    "docID": "N145 Fouad 2005",
    "et": "GroupName",
    "off": 15061,
    "sff": "animal"
  },
  {
    "docID": "N145 Fouad 2005",
    "et": "GroupName",
    "off": 36598,
    "sff": "only"
  },
  {
    "docID": "N145 Fouad 2005",
    "et": "GroupName",
    "off": 31178,
    "sff": "control group"
  },
  {
    "docID": "N145 Fouad 2005",
    "et": "GroupName",
    "off": 28890,
    "sff": "cABC-treated rats"
  },
  {
    "docID": "N145 Fouad 2005",
    "et": "GroupName",
    "off": 34665,
    "sff": "cABC"
  },
  {
    "docID": "N145 Fouad 2005",
    "et": "GroupName",
    "off": 27912,
    "sff": "group with grafts and cABC"
  },
  {
    "docID": "N145 Fouad 2005",
    "et": "GroupName",
    "off": 36591,
    "sff": "grafts only"
  },
  {
    "docID": "N145 Fouad 2005",
    "et": "GroupName",
    "off": 9042,
    "sff": "grafts"
  },
  {
    "docID": "N145 Fouad 2005",
    "et": "GroupName",
    "off": 30436,
    "sff": "grafts only"
  },
  {
    "docID": "N145 Fouad 2005",
    "et": "GroupName",
    "off": 17175,
    "sff": "one"
  },
  {
    "docID": "N145 Fouad 2005",
    "et": "GroupName",
    "off": 14162,
    "sff": "cABC-treated"
  },
  {
    "docID": "N145 Fouad 2005",
    "et": "GroupName",
    "off": 12906,
    "sff": "PBS"
  },
  {
    "docID": "N145 Fouad 2005",
    "et": "GroupName",
    "off": 38627,
    "sff": "grafts only"
  },
  {
    "docID": "N145 Fouad 2005",
    "et": "GroupName",
    "off": 12279,
    "sff": "cABC"
  },
  {
    "docID": "N145 Fouad 2005",
    "et": "GroupName",
    "off": 27508,
    "sff": "cord"
  }
]
