[
  {
    "docID": "N146 Fouad 2009",
    "et": "GroupName",
    "off": 12462,
    "sff": "untreated rats"
  },
  {
    "docID": "N146 Fouad 2009",
    "et": "GroupName",
    "off": 6390,
    "sff": "4"
  },
  {
    "docID": "N146 Fouad 2009",
    "et": "GroupName",
    "off": 17446,
    "sff": "treated rats"
  },
  {
    "docID": "N146 Fouad 2009",
    "et": "GroupName",
    "off": 12533,
    "sff": "control"
  },
  {
    "docID": "N146 Fouad 2009",
    "et": "GroupName",
    "off": 15663,
    "sff": "treated animals"
  },
  {
    "docID": "N146 Fouad 2009",
    "et": "GroupName",
    "off": 14036,
    "sff": "treated"
  },
  {
    "docID": "N146 Fouad 2009",
    "et": "GroupName",
    "off": 14302,
    "sff": "animals that received the combined treatment"
  },
  {
    "docID": "N146 Fouad 2009",
    "et": "GroupName",
    "off": 12374,
    "sff": "treated"
  },
  {
    "docID": "N146 Fouad 2009",
    "et": "GroupName",
    "off": 8345,
    "sff": "saline"
  },
  {
    "docID": "N146 Fouad 2009",
    "et": "GroupName",
    "off": 17773,
    "sff": "control"
  },
  {
    "docID": "N146 Fouad 2009",
    "et": "GroupName",
    "off": 5898,
    "sff": "treated rats"
  },
  {
    "docID": "N146 Fouad 2009",
    "et": "GroupName",
    "off": 6773,
    "sff": "expression"
  },
  {
    "docID": "N146 Fouad 2009",
    "et": "GroupName",
    "off": 1543,
    "sff": "treated rats"
  },
  {
    "docID": "N146 Fouad 2009",
    "et": "GroupName",
    "off": 17800,
    "sff": "treated rats"
  },
  {
    "docID": "N146 Fouad 2009",
    "et": "GroupName",
    "off": 13030,
    "sff": "untreated"
  },
  {
    "docID": "N146 Fouad 2009",
    "et": "GroupName",
    "off": 1217,
    "sff": "7"
  },
  {
    "docID": "N146 Fouad 2009",
    "et": "GroupName",
    "off": 10306,
    "sff": "5"
  },
  {
    "docID": "N146 Fouad 2009",
    "et": "GroupName",
    "off": 12393,
    "sff": "untreated"
  },
  {
    "docID": "N146 Fouad 2009",
    "et": "GroupName",
    "off": 12544,
    "sff": "4"
  },
  {
    "docID": "N146 Fouad 2009",
    "et": "GroupName",
    "off": 14328,
    "sff": "combined treatment"
  },
  {
    "docID": "N146 Fouad 2009",
    "et": "GroupName",
    "off": 16200,
    "sff": "controls"
  },
  {
    "docID": "N146 Fouad 2009",
    "et": "GroupName",
    "off": 16953,
    "sff": "unlesioned controls"
  },
  {
    "docID": "N146 Fouad 2009",
    "et": "GroupName",
    "off": 17231,
    "sff": "untreated rats"
  },
  {
    "docID": "N146 Fouad 2009",
    "et": "GroupName",
    "off": 15264,
    "sff": "treated group"
  },
  {
    "docID": "N146 Fouad 2009",
    "et": "GroupName",
    "off": 11967,
    "sff": "untreated"
  },
  {
    "docID": "N146 Fouad 2009",
    "et": "GroupName",
    "off": 16189,
    "sff": "unlesioned controls"
  },
  {
    "docID": "N146 Fouad 2009",
    "et": "GroupName",
    "off": 14067,
    "sff": "untreated group"
  },
  {
    "docID": "N146 Fouad 2009",
    "et": "GroupName",
    "off": 11556,
    "sff": "7"
  },
  {
    "docID": "N146 Fouad 2009",
    "et": "GroupName",
    "off": 15711,
    "sff": "controls"
  },
  {
    "docID": "N146 Fouad 2009",
    "et": "GroupName",
    "off": 16992,
    "sff": "4"
  },
  {
    "docID": "N146 Fouad 2009",
    "et": "GroupName",
    "off": 15933,
    "sff": "untreated group"
  },
  {
    "docID": "N146 Fouad 2009",
    "et": "GroupName",
    "off": 15264,
    "sff": "treated"
  },
  {
    "docID": "N146 Fouad 2009",
    "et": "GroupName",
    "off": 12986,
    "sff": "control"
  },
  {
    "docID": "N146 Fouad 2009",
    "et": "GroupName",
    "off": 11967,
    "sff": "untreated group"
  },
  {
    "docID": "N146 Fouad 2009",
    "et": "GroupName",
    "off": 12462,
    "sff": "untreated"
  },
  {
    "docID": "N146 Fouad 2009",
    "et": "GroupName",
    "off": 16905,
    "sff": "treated SCI rats"
  },
  {
    "docID": "N146 Fouad 2009",
    "et": "GroupName",
    "off": 15611,
    "sff": "untreated rats"
  },
  {
    "docID": "N146 Fouad 2009",
    "et": "GroupName",
    "off": 10202,
    "sff": "C"
  },
  {
    "docID": "N146 Fouad 2009",
    "et": "GroupName",
    "off": 12147,
    "sff": "untreated rats"
  },
  {
    "docID": "N146 Fouad 2009",
    "et": "GroupName",
    "off": 15743,
    "sff": "3"
  },
  {
    "docID": "N146 Fouad 2009",
    "et": "GroupName",
    "off": 14635,
    "sff": "groups"
  },
  {
    "docID": "N146 Fouad 2009",
    "et": "GroupName",
    "off": 16964,
    "sff": "controls"
  },
  {
    "docID": "N146 Fouad 2009",
    "et": "GroupName",
    "off": 14449,
    "sff": "injury"
  },
  {
    "docID": "N146 Fouad 2009",
    "et": "GroupName",
    "off": 11522,
    "sff": "untreated rats"
  },
  {
    "docID": "N146 Fouad 2009",
    "et": "GroupName",
    "off": 12548,
    "sff": "treated"
  },
  {
    "docID": "N146 Fouad 2009",
    "et": "GroupName",
    "off": 14077,
    "sff": "group"
  },
  {
    "docID": "N146 Fouad 2009",
    "et": "GroupName",
    "off": 16778,
    "sff": "untreated SCI group"
  },
  {
    "docID": "N146 Fouad 2009",
    "et": "GroupName",
    "off": 6406,
    "sff": "controls"
  },
  {
    "docID": "N146 Fouad 2009",
    "et": "GroupName",
    "off": 12566,
    "sff": "untreated"
  },
  {
    "docID": "N146 Fouad 2009",
    "et": "GroupName",
    "off": 12359,
    "sff": "control"
  },
  {
    "docID": "N146 Fouad 2009",
    "et": "GroupName",
    "off": 17241,
    "sff": "rats"
  },
  {
    "docID": "N146 Fouad 2009",
    "et": "GroupName",
    "off": 1205,
    "sff": "Controls"
  }
]
