[
  {
    "docID": "N147 Garc%2B¡a-Al%2B¡as 2004",
    "et": "GroupName",
    "off": 25176,
    "sff": "group SC"
  },
  {
    "docID": "N147 Garc%2B¡a-Al%2B¡as 2004",
    "et": "GroupName",
    "off": 21704,
    "sff": "OEC"
  },
  {
    "docID": "N147 Garc%2B¡a-Al%2B¡as 2004",
    "et": "GroupName",
    "off": 25498,
    "sff": "DM"
  },
  {
    "docID": "N147 Garc%2B¡a-Al%2B¡as 2004",
    "et": "GroupName",
    "off": 13518,
    "sff": "5"
  },
  {
    "docID": "N147 Garc%2B¡a-Al%2B¡as 2004",
    "et": "GroupName",
    "off": 18643,
    "sff": "group DM"
  },
  {
    "docID": "N147 Garc%2B¡a-Al%2B¡as 2004",
    "et": "GroupName",
    "off": 19407,
    "sff": "group DM"
  },
  {
    "docID": "N147 Garc%2B¡a-Al%2B¡as 2004",
    "et": "GroupName",
    "off": 25478,
    "sff": "groups OEC"
  },
  {
    "docID": "N147 Garc%2B¡a-Al%2B¡as 2004",
    "et": "GroupName",
    "off": 25151,
    "sff": "OEC"
  },
  {
    "docID": "N147 Garc%2B¡a-Al%2B¡as 2004",
    "et": "GroupName",
    "off": 20012,
    "sff": "SC"
  },
  {
    "docID": "N147 Garc%2B¡a-Al%2B¡as 2004",
    "et": "GroupName",
    "off": 25145,
    "sff": "group OEC"
  },
  {
    "docID": "N147 Garc%2B¡a-Al%2B¡as 2004",
    "et": "GroupName",
    "off": 24818,
    "sff": "group SC"
  },
  {
    "docID": "N147 Garc%2B¡a-Al%2B¡as 2004",
    "et": "GroupName",
    "off": 19631,
    "sff": "SC"
  },
  {
    "docID": "N147 Garc%2B¡a-Al%2B¡as 2004",
    "et": "GroupName",
    "off": 1855,
    "sff": "control injured rats"
  },
  {
    "docID": "N147 Garc%2B¡a-Al%2B¡as 2004",
    "et": "GroupName",
    "off": 19643,
    "sff": "group DM"
  },
  {
    "docID": "N147 Garc%2B¡a-Al%2B¡as 2004",
    "et": "GroupName",
    "off": 935,
    "sff": "control group"
  },
  {
    "docID": "N147 Garc%2B¡a-Al%2B¡as 2004",
    "et": "GroupName",
    "off": 19387,
    "sff": "group SC"
  },
  {
    "docID": "N147 Garc%2B¡a-Al%2B¡as 2004",
    "et": "GroupName",
    "off": 689,
    "sff": "Schwann cells"
  },
  {
    "docID": "N147 Garc%2B¡a-Al%2B¡as 2004",
    "et": "GroupName",
    "off": 681,
    "sff": "OEC"
  },
  {
    "docID": "N147 Garc%2B¡a-Al%2B¡as 2004",
    "et": "GroupName",
    "off": 704,
    "sff": "group SC"
  },
  {
    "docID": "N147 Garc%2B¡a-Al%2B¡as 2004",
    "et": "GroupName",
    "off": 19376,
    "sff": "OEC"
  },
  {
    "docID": "N147 Garc%2B¡a-Al%2B¡as 2004",
    "et": "GroupName",
    "off": 18608,
    "sff": "OEC"
  },
  {
    "docID": "N147 Garc%2B¡a-Al%2B¡as 2004",
    "et": "GroupName",
    "off": 18621,
    "sff": "group SC"
  },
  {
    "docID": "N147 Garc%2B¡a-Al%2B¡as 2004",
    "et": "GroupName",
    "off": 19763,
    "sff": "DM"
  },
  {
    "docID": "N147 Garc%2B¡a-Al%2B¡as 2004",
    "et": "GroupName",
    "off": 24631,
    "sff": "DM group"
  },
  {
    "docID": "N147 Garc%2B¡a-Al%2B¡as 2004",
    "et": "GroupName",
    "off": 9122,
    "sff": "dpo"
  },
  {
    "docID": "N147 Garc%2B¡a-Al%2B¡as 2004",
    "et": "GroupName",
    "off": 8061,
    "sff": "SCs"
  },
  {
    "docID": "N147 Garc%2B¡a-Al%2B¡as 2004",
    "et": "GroupName",
    "off": 22413,
    "sff": "SC"
  },
  {
    "docID": "N147 Garc%2B¡a-Al%2B¡as 2004",
    "et": "GroupName",
    "off": 20007,
    "sff": "OEC"
  },
  {
    "docID": "N147 Garc%2B¡a-Al%2B¡as 2004",
    "et": "GroupName",
    "off": 19616,
    "sff": "OEC"
  },
  {
    "docID": "N147 Garc%2B¡a-Al%2B¡as 2004",
    "et": "GroupName",
    "off": 22284,
    "sff": "OEC"
  },
  {
    "docID": "N147 Garc%2B¡a-Al%2B¡as 2004",
    "et": "GroupName",
    "off": 25485,
    "sff": "OEC"
  },
  {
    "docID": "N147 Garc%2B¡a-Al%2B¡as 2004",
    "et": "GroupName",
    "off": 19739,
    "sff": "group SC"
  },
  {
    "docID": "N147 Garc%2B¡a-Al%2B¡as 2004",
    "et": "GroupName",
    "off": 21135,
    "sff": "OEC"
  },
  {
    "docID": "N147 Garc%2B¡a-Al%2B¡as 2004",
    "et": "GroupName",
    "off": 23827,
    "sff": "DM group"
  },
  {
    "docID": "N147 Garc%2B¡a-Al%2B¡as 2004",
    "et": "GroupName",
    "off": 19724,
    "sff": "group OEC"
  },
  {
    "docID": "N147 Garc%2B¡a-Al%2B¡as 2004",
    "et": "GroupName",
    "off": 7966,
    "sff": "group SC"
  },
  {
    "docID": "N147 Garc%2B¡a-Al%2B¡as 2004",
    "et": "GroupName",
    "off": 22524,
    "sff": "OEC"
  },
  {
    "docID": "N147 Garc%2B¡a-Al%2B¡as 2004",
    "et": "GroupName",
    "off": 19625,
    "sff": "group SC"
  },
  {
    "docID": "N147 Garc%2B¡a-Al%2B¡as 2004",
    "et": "GroupName",
    "off": 20596,
    "sff": "SC"
  },
  {
    "docID": "N147 Garc%2B¡a-Al%2B¡as 2004",
    "et": "GroupName",
    "off": 20591,
    "sff": "OEC"
  },
  {
    "docID": "N147 Garc%2B¡a-Al%2B¡as 2004",
    "et": "GroupName",
    "off": 950,
    "sff": "group DM"
  },
  {
    "docID": "N147 Garc%2B¡a-Al%2B¡as 2004",
    "et": "GroupName",
    "off": 18602,
    "sff": "group OEC"
  },
  {
    "docID": "N147 Garc%2B¡a-Al%2B¡as 2004",
    "et": "GroupName",
    "off": 19370,
    "sff": "group OEC"
  },
  {
    "docID": "N147 Garc%2B¡a-Al%2B¡as 2004",
    "et": "GroupName",
    "off": 1657,
    "sff": "DM group"
  },
  {
    "docID": "N147 Garc%2B¡a-Al%2B¡as 2004",
    "et": "GroupName",
    "off": 8175,
    "sff": "DM"
  },
  {
    "docID": "N147 Garc%2B¡a-Al%2B¡as 2004",
    "et": "GroupName",
    "off": 19757,
    "sff": "group DM"
  },
  {
    "docID": "N147 Garc%2B¡a-Al%2B¡as 2004",
    "et": "GroupName",
    "off": 23819,
    "sff": "control DM group"
  },
  {
    "docID": "N147 Garc%2B¡a-Al%2B¡as 2004",
    "et": "GroupName",
    "off": 710,
    "sff": "SC"
  },
  {
    "docID": "N147 Garc%2B¡a-Al%2B¡as 2004",
    "et": "GroupName",
    "off": 19610,
    "sff": "group OEC"
  },
  {
    "docID": "N147 Garc%2B¡a-Al%2B¡as 2004",
    "et": "GroupName",
    "off": 22407,
    "sff": "group SC"
  },
  {
    "docID": "N147 Garc%2B¡a-Al%2B¡as 2004",
    "et": "GroupName",
    "off": 21519,
    "sff": "controls"
  },
  {
    "docID": "N147 Garc%2B¡a-Al%2B¡as 2004",
    "et": "GroupName",
    "off": 675,
    "sff": "group OEC"
  },
  {
    "docID": "N147 Garc%2B¡a-Al%2B¡as 2004",
    "et": "GroupName",
    "off": 1684,
    "sff": "OEC group"
  }
]
