[
  {
    "docID": "N148 Gorrie 2010",
    "et": "GroupName",
    "off": 14869,
    "sff": "cords"
  },
  {
    "docID": "N148 Gorrie 2010",
    "et": "GroupName",
    "off": 15323,
    "sff": "groups"
  },
  {
    "docID": "N148 Gorrie 2010",
    "et": "GroupName",
    "off": 15318,
    "sff": "hOEC groups"
  },
  {
    "docID": "N148 Gorrie 2010",
    "et": "GroupName",
    "off": 10968,
    "sff": "groups"
  },
  {
    "docID": "N148 Gorrie 2010",
    "et": "GroupName",
    "off": 8542,
    "sff": "lesion"
  },
  {
    "docID": "N148 Gorrie 2010",
    "et": "GroupName",
    "off": 16557,
    "sff": "hOEC transplanted spinal cords"
  },
  {
    "docID": "N148 Gorrie 2010",
    "et": "GroupName",
    "off": 15826,
    "sff": "controls"
  },
  {
    "docID": "N148 Gorrie 2010",
    "et": "GroupName",
    "off": 2080,
    "sff": "cord"
  },
  {
    "docID": "N148 Gorrie 2010",
    "et": "GroupName",
    "off": 13003,
    "sff": "hOEC transplant group"
  },
  {
    "docID": "N148 Gorrie 2010",
    "et": "GroupName",
    "off": 8294,
    "sff": "lesion"
  },
  {
    "docID": "N148 Gorrie 2010",
    "et": "GroupName",
    "off": 6654,
    "sff": "OEC"
  },
  {
    "docID": "N148 Gorrie 2010",
    "et": "GroupName",
    "off": 14903,
    "sff": "controls"
  },
  {
    "docID": "N148 Gorrie 2010",
    "et": "GroupName",
    "off": 7566,
    "sff": "hOEC transplanted"
  },
  {
    "docID": "N148 Gorrie 2010",
    "et": "GroupName",
    "off": 18062,
    "sff": "hOEC transplanted"
  },
  {
    "docID": "N148 Gorrie 2010",
    "et": "GroupName",
    "off": 13916,
    "sff": "hOEC-treated"
  },
  {
    "docID": "N148 Gorrie 2010",
    "et": "GroupName",
    "off": 11086,
    "sff": "lesions"
  },
  {
    "docID": "N148 Gorrie 2010",
    "et": "GroupName",
    "off": 7566,
    "sff": "hOEC"
  },
  {
    "docID": "N148 Gorrie 2010",
    "et": "GroupName",
    "off": 10917,
    "sff": "control group"
  },
  {
    "docID": "N148 Gorrie 2010",
    "et": "GroupName",
    "off": 13170,
    "sff": "injury"
  },
  {
    "docID": "N148 Gorrie 2010",
    "et": "GroupName",
    "off": 6767,
    "sff": "controls"
  },
  {
    "docID": "N148 Gorrie 2010",
    "et": "GroupName",
    "off": 8125,
    "sff": "cord"
  },
  {
    "docID": "N148 Gorrie 2010",
    "et": "GroupName",
    "off": 7405,
    "sff": "control"
  },
  {
    "docID": "N148 Gorrie 2010",
    "et": "GroupName",
    "off": 7013,
    "sff": "after"
  },
  {
    "docID": "N148 Gorrie 2010",
    "et": "GroupName",
    "off": 16962,
    "sff": "cord"
  },
  {
    "docID": "N148 Gorrie 2010",
    "et": "GroupName",
    "off": 1365,
    "sff": "controls"
  },
  {
    "docID": "N148 Gorrie 2010",
    "et": "GroupName",
    "off": 12194,
    "sff": "OEC"
  },
  {
    "docID": "N148 Gorrie 2010",
    "et": "GroupName",
    "off": 9090,
    "sff": "cells"
  },
  {
    "docID": "N148 Gorrie 2010",
    "et": "GroupName",
    "off": 15929,
    "sff": "cord"
  },
  {
    "docID": "N148 Gorrie 2010",
    "et": "GroupName",
    "off": 13144,
    "sff": "OEC group"
  },
  {
    "docID": "N148 Gorrie 2010",
    "et": "GroupName",
    "off": 9014,
    "sff": "only"
  },
  {
    "docID": "N148 Gorrie 2010",
    "et": "GroupName",
    "off": 16861,
    "sff": "hOEC transplanted"
  },
  {
    "docID": "N148 Gorrie 2010",
    "et": "GroupName",
    "off": 10289,
    "sff": "cells"
  },
  {
    "docID": "N148 Gorrie 2010",
    "et": "GroupName",
    "off": 10510,
    "sff": "controls"
  },
  {
    "docID": "N148 Gorrie 2010",
    "et": "GroupName",
    "off": 13144,
    "sff": "OEC"
  },
  {
    "docID": "N148 Gorrie 2010",
    "et": "GroupName",
    "off": 15096,
    "sff": "level"
  },
  {
    "docID": "N148 Gorrie 2010",
    "et": "GroupName",
    "off": 549,
    "sff": "cells"
  },
  {
    "docID": "N148 Gorrie 2010",
    "et": "GroupName",
    "off": 14009,
    "sff": "control group"
  },
  {
    "docID": "N148 Gorrie 2010",
    "et": "GroupName",
    "off": 14844,
    "sff": "hOEC transplanted spinal cords"
  },
  {
    "docID": "N148 Gorrie 2010",
    "et": "GroupName",
    "off": 9152,
    "sff": "hOEC"
  },
  {
    "docID": "N148 Gorrie 2010",
    "et": "GroupName",
    "off": 8063,
    "sff": "controls"
  },
  {
    "docID": "N148 Gorrie 2010",
    "et": "GroupName",
    "off": 16512,
    "sff": "controls"
  },
  {
    "docID": "N148 Gorrie 2010",
    "et": "GroupName",
    "off": 11464,
    "sff": "surgery"
  },
  {
    "docID": "N148 Gorrie 2010",
    "et": "GroupName",
    "off": 741,
    "sff": "injury"
  },
  {
    "docID": "N148 Gorrie 2010",
    "et": "GroupName",
    "off": 15358,
    "sff": "controls"
  },
  {
    "docID": "N148 Gorrie 2010",
    "et": "GroupName",
    "off": 8021,
    "sff": "hOEC transplanted"
  },
  {
    "docID": "N148 Gorrie 2010",
    "et": "GroupName",
    "off": 16703,
    "sff": "transplanted rats"
  },
  {
    "docID": "N148 Gorrie 2010",
    "et": "GroupName",
    "off": 14009,
    "sff": "control"
  },
  {
    "docID": "N148 Gorrie 2010",
    "et": "GroupName",
    "off": 13352,
    "sff": "controls"
  },
  {
    "docID": "N148 Gorrie 2010",
    "et": "GroupName",
    "off": 6654,
    "sff": "OEC group"
  },
  {
    "docID": "N148 Gorrie 2010",
    "et": "GroupName",
    "off": 9473,
    "sff": "lesion"
  },
  {
    "docID": "N148 Gorrie 2010",
    "et": "GroupName",
    "off": 1025,
    "sff": "EGFP"
  },
  {
    "docID": "N148 Gorrie 2010",
    "et": "GroupName",
    "off": 16866,
    "sff": "transplanted animals"
  }
]
