[
  {
    "docID": "N149 Granger 2012",
    "et": "GroupName",
    "off": 9369,
    "sff": "site"
  },
  {
    "docID": "N149 Granger 2012",
    "et": "GroupName",
    "off": 18209,
    "sff": "alone"
  },
  {
    "docID": "N149 Granger 2012",
    "et": "GroupName",
    "off": 25058,
    "sff": "C"
  },
  {
    "docID": "N149 Granger 2012",
    "et": "GroupName",
    "off": 12723,
    "sff": "values"
  },
  {
    "docID": "N149 Granger 2012",
    "et": "GroupName",
    "off": 1986,
    "sff": "cell transport medium alone"
  },
  {
    "docID": "N149 Granger 2012",
    "et": "GroupName",
    "off": 14553,
    "sff": "mucosa"
  },
  {
    "docID": "N149 Granger 2012",
    "et": "GroupName",
    "off": 1495,
    "sff": "cells"
  },
  {
    "docID": "N149 Granger 2012",
    "et": "GroupName",
    "off": 15626,
    "sff": "PBS"
  },
  {
    "docID": "N149 Granger 2012",
    "et": "GroupName",
    "off": 27003,
    "sff": "test"
  },
  {
    "docID": "N149 Granger 2012",
    "et": "GroupName",
    "off": 7663,
    "sff": "injury"
  },
  {
    "docID": "N149 Granger 2012",
    "et": "GroupName",
    "off": 19427,
    "sff": "olfactory mucosal cell"
  },
  {
    "docID": "N149 Granger 2012",
    "et": "GroupName",
    "off": 23306,
    "sff": "medium alone"
  },
  {
    "docID": "N149 Granger 2012",
    "et": "GroupName",
    "off": 2141,
    "sff": "cell transport medium alone"
  },
  {
    "docID": "N149 Granger 2012",
    "et": "GroupName",
    "off": 18320,
    "sff": "medium alone"
  },
  {
    "docID": "N149 Granger 2012",
    "et": "GroupName",
    "off": 20364,
    "sff": "alone"
  },
  {
    "docID": "N149 Granger 2012",
    "et": "GroupName",
    "off": 15608,
    "sff": "solution"
  },
  {
    "docID": "N149 Granger 2012",
    "et": "GroupName",
    "off": 25343,
    "sff": "C"
  },
  {
    "docID": "N149 Granger 2012",
    "et": "GroupName",
    "off": 1785,
    "sff": "injury"
  },
  {
    "docID": "N149 Granger 2012",
    "et": "GroupName",
    "off": 31468,
    "sff": "recipients"
  },
  {
    "docID": "N149 Granger 2012",
    "et": "GroupName",
    "off": 27310,
    "sff": "test"
  },
  {
    "docID": "N149 Granger 2012",
    "et": "GroupName",
    "off": 31445,
    "sff": "3"
  },
  {
    "docID": "N149 Granger 2012",
    "et": "GroupName",
    "off": 8168,
    "sff": "injections"
  },
  {
    "docID": "N149 Granger 2012",
    "et": "GroupName",
    "off": 25912,
    "sff": "NC"
  },
  {
    "docID": "N149 Granger 2012",
    "et": "GroupName",
    "off": 6909,
    "sff": "cord"
  },
  {
    "docID": "N149 Granger 2012",
    "et": "GroupName",
    "off": 30806,
    "sff": "intervention"
  },
  {
    "docID": "N149 Granger 2012",
    "et": "GroupName",
    "off": 2156,
    "sff": "medium alone"
  },
  {
    "docID": "N149 Granger 2012",
    "et": "GroupName",
    "off": 10859,
    "sff": "treatment"
  },
  {
    "docID": "N149 Granger 2012",
    "et": "GroupName",
    "off": 21900,
    "sff": "recipients"
  },
  {
    "docID": "N149 Granger 2012",
    "et": "GroupName",
    "off": 29601,
    "sff": "olfactory mucosal cell transplant recipients"
  },
  {
    "docID": "N149 Granger 2012",
    "et": "GroupName",
    "off": 31261,
    "sff": "cells"
  },
  {
    "docID": "N149 Granger 2012",
    "et": "GroupName",
    "off": 18305,
    "sff": "cell transport medium alone"
  },
  {
    "docID": "N149 Granger 2012",
    "et": "GroupName",
    "off": 22040,
    "sff": "cells"
  },
  {
    "docID": "N149 Granger 2012",
    "et": "GroupName",
    "off": 18386,
    "sff": "cord"
  },
  {
    "docID": "N149 Granger 2012",
    "et": "GroupName",
    "off": 10886,
    "sff": "0"
  },
  {
    "docID": "N149 Granger 2012",
    "et": "GroupName",
    "off": 25883,
    "sff": "cell transport medium alone"
  },
  {
    "docID": "N149 Granger 2012",
    "et": "GroupName",
    "off": 15166,
    "sff": "medium"
  },
  {
    "docID": "N149 Granger 2012",
    "et": "GroupName",
    "off": 2008,
    "sff": "alone"
  },
  {
    "docID": "N149 Granger 2012",
    "et": "GroupName",
    "off": 14267,
    "sff": "medium"
  },
  {
    "docID": "N149 Granger 2012",
    "et": "GroupName",
    "off": 29000,
    "sff": "1"
  },
  {
    "docID": "N149 Granger 2012",
    "et": "GroupName",
    "off": 2001,
    "sff": "medium alone"
  },
  {
    "docID": "N149 Granger 2012",
    "et": "GroupName",
    "off": 19952,
    "sff": "values"
  },
  {
    "docID": "N149 Granger 2012",
    "et": "GroupName",
    "off": 26291,
    "sff": "scores"
  },
  {
    "docID": "N149 Granger 2012",
    "et": "GroupName",
    "off": 18202,
    "sff": "medium alone"
  },
  {
    "docID": "N149 Granger 2012",
    "et": "GroupName",
    "off": 29087,
    "sff": "intervention"
  },
  {
    "docID": "N149 Granger 2012",
    "et": "GroupName",
    "off": 30925,
    "sff": "olfactory mucosal cell transplantation"
  },
  {
    "docID": "N149 Granger 2012",
    "et": "GroupName",
    "off": 9506,
    "sff": "cell transport medium alone"
  },
  {
    "docID": "N149 Granger 2012",
    "et": "GroupName",
    "off": 15288,
    "sff": "seeded"
  },
  {
    "docID": "N149 Granger 2012",
    "et": "GroupName",
    "off": 19487,
    "sff": "control"
  },
  {
    "docID": "N149 Granger 2012",
    "et": "GroupName",
    "off": 19487,
    "sff": "control group"
  },
  {
    "docID": "N149 Granger 2012",
    "et": "GroupName",
    "off": 27360,
    "sff": "test"
  },
  {
    "docID": "N149 Granger 2012",
    "et": "GroupName",
    "off": 9521,
    "sff": "medium alone"
  },
  {
    "docID": "N149 Granger 2012",
    "et": "GroupName",
    "off": 28657,
    "sff": "2"
  }
]
