[
  {
    "docID": "N150 Guest 2008",
    "et": "GroupName",
    "off": 10358,
    "sff": "days"
  },
  {
    "docID": "N150 Guest 2008",
    "et": "GroupName",
    "off": 9747,
    "sff": "DMEM"
  },
  {
    "docID": "N150 Guest 2008",
    "et": "GroupName",
    "off": 43243,
    "sff": "mm"
  },
  {
    "docID": "N150 Guest 2008",
    "et": "GroupName",
    "off": 20619,
    "sff": "control rats"
  },
  {
    "docID": "N150 Guest 2008",
    "et": "GroupName",
    "off": 29934,
    "sff": "3"
  },
  {
    "docID": "N150 Guest 2008",
    "et": "GroupName",
    "off": 43205,
    "sff": "animals"
  },
  {
    "docID": "N150 Guest 2008",
    "et": "GroupName",
    "off": 11643,
    "sff": "days"
  },
  {
    "docID": "N150 Guest 2008",
    "et": "GroupName",
    "off": 48335,
    "sff": "cells"
  },
  {
    "docID": "N150 Guest 2008",
    "et": "GroupName",
    "off": 1808,
    "sff": "controls"
  },
  {
    "docID": "N150 Guest 2008",
    "et": "GroupName",
    "off": 14977,
    "sff": "site"
  },
  {
    "docID": "N150 Guest 2008",
    "et": "GroupName",
    "off": 47997,
    "sff": "7"
  },
  {
    "docID": "N150 Guest 2008",
    "et": "GroupName",
    "off": 29887,
    "sff": "2"
  },
  {
    "docID": "N150 Guest 2008",
    "et": "GroupName",
    "off": 39672,
    "sff": "site"
  },
  {
    "docID": "N150 Guest 2008",
    "et": "GroupName",
    "off": 29488,
    "sff": "B"
  },
  {
    "docID": "N150 Guest 2008",
    "et": "GroupName",
    "off": 34629,
    "sff": "transplant"
  },
  {
    "docID": "N150 Guest 2008",
    "et": "GroupName",
    "off": 32433,
    "sff": "injections"
  },
  {
    "docID": "N150 Guest 2008",
    "et": "GroupName",
    "off": 28469,
    "sff": "OEG-transplanted"
  },
  {
    "docID": "N150 Guest 2008",
    "et": "GroupName",
    "off": 39137,
    "sff": "scar"
  },
  {
    "docID": "N150 Guest 2008",
    "et": "GroupName",
    "off": 31871,
    "sff": "C"
  },
  {
    "docID": "N150 Guest 2008",
    "et": "GroupName",
    "off": 27086,
    "sff": "OB"
  },
  {
    "docID": "N150 Guest 2008",
    "et": "GroupName",
    "off": 32513,
    "sff": "control"
  },
  {
    "docID": "N150 Guest 2008",
    "et": "GroupName",
    "off": 11143,
    "sff": "DMEM"
  },
  {
    "docID": "N150 Guest 2008",
    "et": "GroupName",
    "off": 16956,
    "sff": "mm"
  },
  {
    "docID": "N150 Guest 2008",
    "et": "GroupName",
    "off": 27212,
    "sff": "culture"
  },
  {
    "docID": "N150 Guest 2008",
    "et": "GroupName",
    "off": 39215,
    "sff": "transplanted animals"
  },
  {
    "docID": "N150 Guest 2008",
    "et": "GroupName",
    "off": 23876,
    "sff": "mm"
  },
  {
    "docID": "N150 Guest 2008",
    "et": "GroupName",
    "off": 38222,
    "sff": "control animals"
  },
  {
    "docID": "N150 Guest 2008",
    "et": "GroupName",
    "off": 18836,
    "sff": "cells"
  },
  {
    "docID": "N150 Guest 2008",
    "et": "GroupName",
    "off": 43178,
    "sff": "mm"
  },
  {
    "docID": "N150 Guest 2008",
    "et": "GroupName",
    "off": 29805,
    "sff": "0"
  },
  {
    "docID": "N150 Guest 2008",
    "et": "GroupName",
    "off": 15309,
    "sff": "10"
  },
  {
    "docID": "N150 Guest 2008",
    "et": "GroupName",
    "off": 17857,
    "sff": "injury"
  },
  {
    "docID": "N150 Guest 2008",
    "et": "GroupName",
    "off": 24885,
    "sff": "injected"
  },
  {
    "docID": "N150 Guest 2008",
    "et": "GroupName",
    "off": 25185,
    "sff": "sections"
  },
  {
    "docID": "N150 Guest 2008",
    "et": "GroupName",
    "off": 43274,
    "sff": "zone"
  },
  {
    "docID": "N150 Guest 2008",
    "et": "GroupName",
    "off": 44121,
    "sff": "control animals"
  },
  {
    "docID": "N150 Guest 2008",
    "et": "GroupName",
    "off": 46050,
    "sff": "transection"
  },
  {
    "docID": "N150 Guest 2008",
    "et": "GroupName",
    "off": 9150,
    "sff": "media"
  },
  {
    "docID": "N150 Guest 2008",
    "et": "GroupName",
    "off": 24897,
    "sff": "5"
  },
  {
    "docID": "N150 Guest 2008",
    "et": "GroupName",
    "off": 1247,
    "sff": "medium"
  },
  {
    "docID": "N150 Guest 2008",
    "et": "GroupName",
    "off": 47684,
    "sff": "5"
  },
  {
    "docID": "N150 Guest 2008",
    "et": "GroupName",
    "off": 24915,
    "sff": "transplanted rats"
  },
  {
    "docID": "N150 Guest 2008",
    "et": "GroupName",
    "off": 16603,
    "sff": "OEGtransplanted"
  },
  {
    "docID": "N150 Guest 2008",
    "et": "GroupName",
    "off": 1214,
    "sff": "controls"
  },
  {
    "docID": "N150 Guest 2008",
    "et": "GroupName",
    "off": 24912,
    "sff": "5"
  },
  {
    "docID": "N150 Guest 2008",
    "et": "GroupName",
    "off": 24904,
    "sff": "POEG"
  },
  {
    "docID": "N150 Guest 2008",
    "et": "GroupName",
    "off": 43197,
    "sff": "control animals"
  },
  {
    "docID": "N150 Guest 2008",
    "et": "GroupName",
    "off": 17487,
    "sff": "POEG-transplanted"
  },
  {
    "docID": "N150 Guest 2008",
    "et": "GroupName",
    "off": 830,
    "sff": "POEG"
  },
  {
    "docID": "N150 Guest 2008",
    "et": "GroupName",
    "off": 24656,
    "sff": "OEG-transplanted rats"
  },
  {
    "docID": "N150 Guest 2008",
    "et": "GroupName",
    "off": 25417,
    "sff": "sections"
  },
  {
    "docID": "N150 Guest 2008",
    "et": "GroupName",
    "off": 14152,
    "sff": "medium"
  }
]
