[
  {
    "docID": "N151 Huang 2010",
    "et": "GroupName",
    "off": 3715,
    "sff": "transplantation"
  },
  {
    "docID": "N151 Huang 2010",
    "et": "GroupName",
    "off": 4021,
    "sff": "cells"
  },
  {
    "docID": "N151 Huang 2010",
    "et": "GroupName",
    "off": 1327,
    "sff": "one"
  },
  {
    "docID": "N151 Huang 2010",
    "et": "GroupName",
    "off": 3317,
    "sff": "treatment"
  },
  {
    "docID": "N151 Huang 2010",
    "et": "GroupName",
    "off": 4075,
    "sff": "cord"
  },
  {
    "docID": "N151 Huang 2010",
    "et": "GroupName",
    "off": 3634,
    "sff": "cells"
  },
  {
    "docID": "N151 Huang 2010",
    "et": "GroupName",
    "off": 2571,
    "sff": "B"
  },
  {
    "docID": "N151 Huang 2010",
    "et": "GroupName",
    "off": 1869,
    "sff": "rats"
  },
  {
    "docID": "N151 Huang 2010",
    "et": "GroupName",
    "off": 1507,
    "sff": "treatment"
  },
  {
    "docID": "N151 Huang 2010",
    "et": "GroupName",
    "off": 3238,
    "sff": "2"
  },
  {
    "docID": "N151 Huang 2010",
    "et": "GroupName",
    "off": 2047,
    "sff": "cord"
  },
  {
    "docID": "N151 Huang 2010",
    "et": "GroupName",
    "off": 2262,
    "sff": "treated"
  },
  {
    "docID": "N151 Huang 2010",
    "et": "GroupName",
    "off": 2329,
    "sff": "intact"
  },
  {
    "docID": "N151 Huang 2010",
    "et": "GroupName",
    "off": 3547,
    "sff": "C"
  },
  {
    "docID": "N151 Huang 2010",
    "et": "GroupName",
    "off": 2689,
    "sff": "medium"
  },
  {
    "docID": "N151 Huang 2010",
    "et": "GroupName",
    "off": 1436,
    "sff": "SCI"
  },
  {
    "docID": "N151 Huang 2010",
    "et": "GroupName",
    "off": 3828,
    "sff": "spinal"
  },
  {
    "docID": "N151 Huang 2010",
    "et": "GroupName",
    "off": 1223,
    "sff": "site"
  },
  {
    "docID": "N151 Huang 2010",
    "et": "GroupName",
    "off": 3570,
    "sff": "spinal"
  },
  {
    "docID": "N151 Huang 2010",
    "et": "GroupName",
    "off": 3033,
    "sff": "cells"
  },
  {
    "docID": "N151 Huang 2010",
    "et": "GroupName",
    "off": 3801,
    "sff": "cells"
  },
  {
    "docID": "N151 Huang 2010",
    "et": "GroupName",
    "off": 2531,
    "sff": "cells"
  },
  {
    "docID": "N151 Huang 2010",
    "et": "GroupName",
    "off": 3943,
    "sff": "control"
  },
  {
    "docID": "N151 Huang 2010",
    "et": "GroupName",
    "off": 1039,
    "sff": "SCI"
  },
  {
    "docID": "N151 Huang 2010",
    "et": "GroupName",
    "off": 30,
    "sff": "injured"
  },
  {
    "docID": "N151 Huang 2010",
    "et": "GroupName",
    "off": 3512,
    "sff": "B"
  },
  {
    "docID": "N151 Huang 2010",
    "et": "GroupName",
    "off": 2441,
    "sff": "1"
  },
  {
    "docID": "N151 Huang 2010",
    "et": "GroupName",
    "off": 2336,
    "sff": "rats"
  },
  {
    "docID": "N151 Huang 2010",
    "et": "GroupName",
    "off": 1858,
    "sff": "transected"
  },
  {
    "docID": "N151 Huang 2010",
    "et": "GroupName",
    "off": 2939,
    "sff": "C"
  },
  {
    "docID": "N151 Huang 2010",
    "et": "GroupName",
    "off": 1013,
    "sff": "after"
  },
  {
    "docID": "N151 Huang 2010",
    "et": "GroupName",
    "off": 3369,
    "sff": "site"
  },
  {
    "docID": "N151 Huang 2010",
    "et": "GroupName",
    "off": 1001,
    "sff": "lesion"
  },
  {
    "docID": "N151 Huang 2010",
    "et": "GroupName",
    "off": 1726,
    "sff": "cell"
  },
  {
    "docID": "N151 Huang 2010",
    "et": "GroupName",
    "off": 2564,
    "sff": "GDNF"
  },
  {
    "docID": "N151 Huang 2010",
    "et": "GroupName",
    "off": 1031,
    "sff": "injury"
  },
  {
    "docID": "N151 Huang 2010",
    "et": "GroupName",
    "off": 1557,
    "sff": "site"
  },
  {
    "docID": "N151 Huang 2010",
    "et": "GroupName",
    "off": 1569,
    "sff": "spinal"
  },
  {
    "docID": "N151 Huang 2010",
    "et": "GroupName",
    "off": 2262,
    "sff": "treated rats"
  },
  {
    "docID": "N151 Huang 2010",
    "et": "GroupName",
    "off": 3852,
    "sff": "site"
  },
  {
    "docID": "N151 Huang 2010",
    "et": "GroupName",
    "off": 2932,
    "sff": "days"
  },
  {
    "docID": "N151 Huang 2010",
    "et": "GroupName",
    "off": 2699,
    "sff": "culture"
  },
  {
    "docID": "N151 Huang 2010",
    "et": "GroupName",
    "off": 3983,
    "sff": "group"
  },
  {
    "docID": "N151 Huang 2010",
    "et": "GroupName",
    "off": 3593,
    "sff": "site"
  },
  {
    "docID": "N151 Huang 2010",
    "et": "GroupName",
    "off": 2812,
    "sff": "days"
  },
  {
    "docID": "N151 Huang 2010",
    "et": "GroupName",
    "off": 1801,
    "sff": "site"
  },
  {
    "docID": "N151 Huang 2010",
    "et": "GroupName",
    "off": 2742,
    "sff": "control"
  },
  {
    "docID": "N151 Huang 2010",
    "et": "GroupName",
    "off": 1331,
    "sff": "animal"
  },
  {
    "docID": "N151 Huang 2010",
    "et": "GroupName",
    "off": 2538,
    "sff": "which"
  },
  {
    "docID": "N151 Huang 2010",
    "et": "GroupName",
    "off": 3382,
    "sff": "C"
  },
  {
    "docID": "N151 Huang 2010",
    "et": "GroupName",
    "off": 3973,
    "sff": "treatment"
  }
]
