[
  {
    "docID": "N153 Imaizumi 2000",
    "et": "GroupName",
    "off": 6619,
    "sff": "solution"
  },
  {
    "docID": "N153 Imaizumi 2000",
    "et": "GroupName",
    "off": 20980,
    "sff": "site"
  },
  {
    "docID": "N153 Imaizumi 2000",
    "et": "GroupName",
    "off": 20705,
    "sff": "Schwann cells"
  },
  {
    "docID": "N153 Imaizumi 2000",
    "et": "GroupName",
    "off": 18019,
    "sff": "1"
  },
  {
    "docID": "N153 Imaizumi 2000",
    "et": "GroupName",
    "off": 18535,
    "sff": "site"
  },
  {
    "docID": "N153 Imaizumi 2000",
    "et": "GroupName",
    "off": 15610,
    "sff": "cord"
  },
  {
    "docID": "N153 Imaizumi 2000",
    "et": "GroupName",
    "off": 21808,
    "sff": "lesion"
  },
  {
    "docID": "N153 Imaizumi 2000",
    "et": "GroupName",
    "off": 14303,
    "sff": "transplantation groups"
  },
  {
    "docID": "N153 Imaizumi 2000",
    "et": "GroupName",
    "off": 13965,
    "sff": "control"
  },
  {
    "docID": "N153 Imaizumi 2000",
    "et": "GroupName",
    "off": 21736,
    "sff": "5"
  },
  {
    "docID": "N153 Imaizumi 2000",
    "et": "GroupName",
    "off": 26119,
    "sff": "lesions"
  },
  {
    "docID": "N153 Imaizumi 2000",
    "et": "GroupName",
    "off": 22192,
    "sff": "2"
  },
  {
    "docID": "N153 Imaizumi 2000",
    "et": "GroupName",
    "off": 18161,
    "sff": "Schwann cell transplantation"
  },
  {
    "docID": "N153 Imaizumi 2000",
    "et": "GroupName",
    "off": 15728,
    "sff": "Schwann cells"
  },
  {
    "docID": "N153 Imaizumi 2000",
    "et": "GroupName",
    "off": 17716,
    "sff": "Schwann cell transplantation"
  },
  {
    "docID": "N153 Imaizumi 2000",
    "et": "GroupName",
    "off": 13080,
    "sff": "site"
  },
  {
    "docID": "N153 Imaizumi 2000",
    "et": "GroupName",
    "off": 24294,
    "sff": "transected spinal cords injected with control media"
  },
  {
    "docID": "N153 Imaizumi 2000",
    "et": "GroupName",
    "off": 24153,
    "sff": "10"
  },
  {
    "docID": "N153 Imaizumi 2000",
    "et": "GroupName",
    "off": 559,
    "sff": "OECs"
  },
  {
    "docID": "N153 Imaizumi 2000",
    "et": "GroupName",
    "off": 18602,
    "sff": "control"
  },
  {
    "docID": "N153 Imaizumi 2000",
    "et": "GroupName",
    "off": 23207,
    "sff": "cells"
  },
  {
    "docID": "N153 Imaizumi 2000",
    "et": "GroupName",
    "off": 18483,
    "sff": "control"
  },
  {
    "docID": "N153 Imaizumi 2000",
    "et": "GroupName",
    "off": 5744,
    "sff": "mm"
  },
  {
    "docID": "N153 Imaizumi 2000",
    "et": "GroupName",
    "off": 18931,
    "sff": "mm"
  },
  {
    "docID": "N153 Imaizumi 2000",
    "et": "GroupName",
    "off": 16150,
    "sff": "mm"
  },
  {
    "docID": "N153 Imaizumi 2000",
    "et": "GroupName",
    "off": 18233,
    "sff": "intact control spinal cords"
  },
  {
    "docID": "N153 Imaizumi 2000",
    "et": "GroupName",
    "off": 26390,
    "sff": "Schwann cells"
  },
  {
    "docID": "N153 Imaizumi 2000",
    "et": "GroupName",
    "off": 23682,
    "sff": "transected spinal cords injected with control media"
  },
  {
    "docID": "N153 Imaizumi 2000",
    "et": "GroupName",
    "off": 12828,
    "sff": "Schwann cell transplantation"
  },
  {
    "docID": "N153 Imaizumi 2000",
    "et": "GroupName",
    "off": 13088,
    "sff": "mm"
  },
  {
    "docID": "N153 Imaizumi 2000",
    "et": "GroupName",
    "off": 14474,
    "sff": "OEC"
  },
  {
    "docID": "N153 Imaizumi 2000",
    "et": "GroupName",
    "off": 1750,
    "sff": "transected"
  },
  {
    "docID": "N153 Imaizumi 2000",
    "et": "GroupName",
    "off": 11261,
    "sff": "cells"
  },
  {
    "docID": "N153 Imaizumi 2000",
    "et": "GroupName",
    "off": 16134,
    "sff": "mm"
  },
  {
    "docID": "N153 Imaizumi 2000",
    "et": "GroupName",
    "off": 24363,
    "sff": "10"
  },
  {
    "docID": "N153 Imaizumi 2000",
    "et": "GroupName",
    "off": 18108,
    "sff": "OEC transplantation"
  },
  {
    "docID": "N153 Imaizumi 2000",
    "et": "GroupName",
    "off": 13857,
    "sff": "site"
  },
  {
    "docID": "N153 Imaizumi 2000",
    "et": "GroupName",
    "off": 17391,
    "sff": "low"
  },
  {
    "docID": "N153 Imaizumi 2000",
    "et": "GroupName",
    "off": 19799,
    "sff": "control"
  },
  {
    "docID": "N153 Imaizumi 2000",
    "et": "GroupName",
    "off": 19121,
    "sff": "controls"
  },
  {
    "docID": "N153 Imaizumi 2000",
    "et": "GroupName",
    "off": 5552,
    "sff": "Schwann cells"
  },
  {
    "docID": "N153 Imaizumi 2000",
    "et": "GroupName",
    "off": 15659,
    "sff": "transplantation"
  },
  {
    "docID": "N153 Imaizumi 2000",
    "et": "GroupName",
    "off": 14132,
    "sff": "OEC"
  },
  {
    "docID": "N153 Imaizumi 2000",
    "et": "GroupName",
    "off": 20067,
    "sff": "controls"
  },
  {
    "docID": "N153 Imaizumi 2000",
    "et": "GroupName",
    "off": 18427,
    "sff": "5"
  },
  {
    "docID": "N153 Imaizumi 2000",
    "et": "GroupName",
    "off": 14422,
    "sff": "OEC transplants"
  },
  {
    "docID": "N153 Imaizumi 2000",
    "et": "GroupName",
    "off": 14057,
    "sff": "control"
  },
  {
    "docID": "N153 Imaizumi 2000",
    "et": "GroupName",
    "off": 26459,
    "sff": "controls"
  },
  {
    "docID": "N153 Imaizumi 2000",
    "et": "GroupName",
    "off": 26552,
    "sff": "test"
  },
  {
    "docID": "N153 Imaizumi 2000",
    "et": "GroupName",
    "off": 14364,
    "sff": "Schwann cell transplants"
  },
  {
    "docID": "N153 Imaizumi 2000",
    "et": "GroupName",
    "off": 18255,
    "sff": "cords"
  },
  {
    "docID": "N153 Imaizumi 2000",
    "et": "GroupName",
    "off": 15743,
    "sff": "C"
  }
]
