[
  {
    "docID": "N154 Iwatsuki 2008",
    "et": "GroupName",
    "off": 2723,
    "sff": "mixture"
  },
  {
    "docID": "N154 Iwatsuki 2008",
    "et": "GroupName",
    "off": 8610,
    "sff": "control rats"
  },
  {
    "docID": "N154 Iwatsuki 2008",
    "et": "GroupName",
    "off": 8364,
    "sff": "group"
  },
  {
    "docID": "N154 Iwatsuki 2008",
    "et": "GroupName",
    "off": 1886,
    "sff": "mucosa"
  },
  {
    "docID": "N154 Iwatsuki 2008",
    "et": "GroupName",
    "off": 8578,
    "sff": "rats"
  },
  {
    "docID": "N154 Iwatsuki 2008",
    "et": "GroupName",
    "off": 4127,
    "sff": "spinal"
  },
  {
    "docID": "N154 Iwatsuki 2008",
    "et": "GroupName",
    "off": 8911,
    "sff": "grafts"
  },
  {
    "docID": "N154 Iwatsuki 2008",
    "et": "GroupName",
    "off": 9137,
    "sff": "olfactory mucosa"
  },
  {
    "docID": "N154 Iwatsuki 2008",
    "et": "GroupName",
    "off": 4264,
    "sff": "respiratory mucosa"
  },
  {
    "docID": "N154 Iwatsuki 2008",
    "et": "GroupName",
    "off": 9051,
    "sff": "2"
  },
  {
    "docID": "N154 Iwatsuki 2008",
    "et": "GroupName",
    "off": 8939,
    "sff": "olfactory mucosa transplantation"
  },
  {
    "docID": "N154 Iwatsuki 2008",
    "et": "GroupName",
    "off": 2478,
    "sff": "grafted"
  },
  {
    "docID": "N154 Iwatsuki 2008",
    "et": "GroupName",
    "off": 8586,
    "sff": "5"
  },
  {
    "docID": "N154 Iwatsuki 2008",
    "et": "GroupName",
    "off": 7945,
    "sff": "transplantation"
  },
  {
    "docID": "N154 Iwatsuki 2008",
    "et": "GroupName",
    "off": 8841,
    "sff": "transplantation"
  },
  {
    "docID": "N154 Iwatsuki 2008",
    "et": "GroupName",
    "off": 9147,
    "sff": "mucosa"
  },
  {
    "docID": "N154 Iwatsuki 2008",
    "et": "GroupName",
    "off": 9432,
    "sff": "control"
  },
  {
    "docID": "N154 Iwatsuki 2008",
    "et": "GroupName",
    "off": 2486,
    "sff": "site"
  },
  {
    "docID": "N154 Iwatsuki 2008",
    "et": "GroupName",
    "off": 9286,
    "sff": "2"
  },
  {
    "docID": "N154 Iwatsuki 2008",
    "et": "GroupName",
    "off": 1638,
    "sff": "therapy"
  },
  {
    "docID": "N154 Iwatsuki 2008",
    "et": "GroupName",
    "off": 8732,
    "sff": "olfactory"
  },
  {
    "docID": "N154 Iwatsuki 2008",
    "et": "GroupName",
    "off": 4276,
    "sff": "mucosa"
  },
  {
    "docID": "N154 Iwatsuki 2008",
    "et": "GroupName",
    "off": 1028,
    "sff": "respiratory mucosa-transplanted rats"
  },
  {
    "docID": "N154 Iwatsuki 2008",
    "et": "GroupName",
    "off": 8635,
    "sff": "1"
  },
  {
    "docID": "N154 Iwatsuki 2008",
    "et": "GroupName",
    "off": 7652,
    "sff": "olfactory mucosa"
  },
  {
    "docID": "N154 Iwatsuki 2008",
    "et": "GroupName",
    "off": 7652,
    "sff": "olfactory"
  },
  {
    "docID": "N154 Iwatsuki 2008",
    "et": "GroupName",
    "off": 8548,
    "sff": "olfactory"
  },
  {
    "docID": "N154 Iwatsuki 2008",
    "et": "GroupName",
    "off": 8626,
    "sff": "5"
  },
  {
    "docID": "N154 Iwatsuki 2008",
    "et": "GroupName",
    "off": 1344,
    "sff": "injury"
  },
  {
    "docID": "N154 Iwatsuki 2008",
    "et": "GroupName",
    "off": 9377,
    "sff": "mucosa"
  },
  {
    "docID": "N154 Iwatsuki 2008",
    "et": "GroupName",
    "off": 7792,
    "sff": "olfactory"
  },
  {
    "docID": "N154 Iwatsuki 2008",
    "et": "GroupName",
    "off": 9365,
    "sff": "respiratory mucosa"
  },
  {
    "docID": "N154 Iwatsuki 2008",
    "et": "GroupName",
    "off": 7792,
    "sff": "olfactory mucosa"
  },
  {
    "docID": "N154 Iwatsuki 2008",
    "et": "GroupName",
    "off": 8863,
    "sff": "1"
  },
  {
    "docID": "N154 Iwatsuki 2008",
    "et": "GroupName",
    "off": 3926,
    "sff": "transplantation"
  },
  {
    "docID": "N154 Iwatsuki 2008",
    "et": "GroupName",
    "off": 4220,
    "sff": "control animals"
  },
  {
    "docID": "N154 Iwatsuki 2008",
    "et": "GroupName",
    "off": 9571,
    "sff": "graft"
  },
  {
    "docID": "N154 Iwatsuki 2008",
    "et": "GroupName",
    "off": 8762,
    "sff": "rats"
  },
  {
    "docID": "N154 Iwatsuki 2008",
    "et": "GroupName",
    "off": 9474,
    "sff": "mucosa"
  },
  {
    "docID": "N154 Iwatsuki 2008",
    "et": "GroupName",
    "off": 9462,
    "sff": "respiratory mucosa"
  },
  {
    "docID": "N154 Iwatsuki 2008",
    "et": "GroupName",
    "off": 9001,
    "sff": "grafts"
  },
  {
    "docID": "N154 Iwatsuki 2008",
    "et": "GroupName",
    "off": 937,
    "sff": "grafts"
  },
  {
    "docID": "N154 Iwatsuki 2008",
    "et": "GroupName",
    "off": 4059,
    "sff": "respiratory mucosa"
  },
  {
    "docID": "N154 Iwatsuki 2008",
    "et": "GroupName",
    "off": 1876,
    "sff": "olfactory mucosa"
  },
  {
    "docID": "N154 Iwatsuki 2008",
    "et": "GroupName",
    "off": 1060,
    "sff": "rats"
  },
  {
    "docID": "N154 Iwatsuki 2008",
    "et": "GroupName",
    "off": 924,
    "sff": "cells"
  },
  {
    "docID": "N154 Iwatsuki 2008",
    "et": "GroupName",
    "off": 2201,
    "sff": "cells"
  },
  {
    "docID": "N154 Iwatsuki 2008",
    "et": "GroupName",
    "off": 8005,
    "sff": "transplantation"
  },
  {
    "docID": "N154 Iwatsuki 2008",
    "et": "GroupName",
    "off": 9029,
    "sff": "transplantation"
  },
  {
    "docID": "N154 Iwatsuki 2008",
    "et": "GroupName",
    "off": 9432,
    "sff": "control rats"
  },
  {
    "docID": "N154 Iwatsuki 2008",
    "et": "GroupName",
    "off": 4001,
    "sff": "sections"
  }
]
