[
  {
    "docID": "N156 Kalincik 2010 2",
    "et": "GroupName",
    "off": 7120,
    "sff": "animals"
  },
  {
    "docID": "N156 Kalincik 2010 2",
    "et": "GroupName",
    "off": 6948,
    "sff": "OEC-treated animals"
  },
  {
    "docID": "N156 Kalincik 2010 2",
    "et": "GroupName",
    "off": 31190,
    "sff": "OEC-treated"
  },
  {
    "docID": "N156 Kalincik 2010 2",
    "et": "GroupName",
    "off": 34134,
    "sff": "OEC-treated"
  },
  {
    "docID": "N156 Kalincik 2010 2",
    "et": "GroupName",
    "off": 13594,
    "sff": "Experimental animals"
  },
  {
    "docID": "N156 Kalincik 2010 2",
    "et": "GroupName",
    "off": 33571,
    "sff": "transplantation"
  },
  {
    "docID": "N156 Kalincik 2010 2",
    "et": "GroupName",
    "off": 7131,
    "sff": "7"
  },
  {
    "docID": "N156 Kalincik 2010 2",
    "et": "GroupName",
    "off": 27846,
    "sff": "control"
  },
  {
    "docID": "N156 Kalincik 2010 2",
    "et": "GroupName",
    "off": 31031,
    "sff": "OEC-treated animals"
  },
  {
    "docID": "N156 Kalincik 2010 2",
    "et": "GroupName",
    "off": 27083,
    "sff": "control"
  },
  {
    "docID": "N156 Kalincik 2010 2",
    "et": "GroupName",
    "off": 28082,
    "sff": "OEC-treated animals"
  },
  {
    "docID": "N156 Kalincik 2010 2",
    "et": "GroupName",
    "off": 22439,
    "sff": "site"
  },
  {
    "docID": "N156 Kalincik 2010 2",
    "et": "GroupName",
    "off": 20237,
    "sff": "medium"
  },
  {
    "docID": "N156 Kalincik 2010 2",
    "et": "GroupName",
    "off": 21809,
    "sff": "treatment"
  },
  {
    "docID": "N156 Kalincik 2010 2",
    "et": "GroupName",
    "off": 30780,
    "sff": "OEC-treated animals"
  },
  {
    "docID": "N156 Kalincik 2010 2",
    "et": "GroupName",
    "off": 31418,
    "sff": "OEC-treated animals"
  },
  {
    "docID": "N156 Kalincik 2010 2",
    "et": "GroupName",
    "off": 10136,
    "sff": "solution"
  },
  {
    "docID": "N156 Kalincik 2010 2",
    "et": "GroupName",
    "off": 22711,
    "sff": "OECtreated"
  },
  {
    "docID": "N156 Kalincik 2010 2",
    "et": "GroupName",
    "off": 25147,
    "sff": "intact"
  },
  {
    "docID": "N156 Kalincik 2010 2",
    "et": "GroupName",
    "off": 15137,
    "sff": "days"
  },
  {
    "docID": "N156 Kalincik 2010 2",
    "et": "GroupName",
    "off": 1006,
    "sff": "control animals"
  },
  {
    "docID": "N156 Kalincik 2010 2",
    "et": "GroupName",
    "off": 24297,
    "sff": "OEC-treated"
  },
  {
    "docID": "N156 Kalincik 2010 2",
    "et": "GroupName",
    "off": 1856,
    "sff": "controls"
  },
  {
    "docID": "N156 Kalincik 2010 2",
    "et": "GroupName",
    "off": 35385,
    "sff": "location"
  },
  {
    "docID": "N156 Kalincik 2010 2",
    "et": "GroupName",
    "off": 31508,
    "sff": "control group"
  },
  {
    "docID": "N156 Kalincik 2010 2",
    "et": "GroupName",
    "off": 35545,
    "sff": "OEC-treated animals"
  },
  {
    "docID": "N156 Kalincik 2010 2",
    "et": "GroupName",
    "off": 35142,
    "sff": "OEC treatment"
  },
  {
    "docID": "N156 Kalincik 2010 2",
    "et": "GroupName",
    "off": 32707,
    "sff": "cords"
  },
  {
    "docID": "N156 Kalincik 2010 2",
    "et": "GroupName",
    "off": 31227,
    "sff": "control group"
  },
  {
    "docID": "N156 Kalincik 2010 2",
    "et": "GroupName",
    "off": 31063,
    "sff": "controls"
  },
  {
    "docID": "N156 Kalincik 2010 2",
    "et": "GroupName",
    "off": 34291,
    "sff": "injury"
  },
  {
    "docID": "N156 Kalincik 2010 2",
    "et": "GroupName",
    "off": 16429,
    "sff": "mm"
  },
  {
    "docID": "N156 Kalincik 2010 2",
    "et": "GroupName",
    "off": 13607,
    "sff": "animals"
  },
  {
    "docID": "N156 Kalincik 2010 2",
    "et": "GroupName",
    "off": 35146,
    "sff": "treatment"
  },
  {
    "docID": "N156 Kalincik 2010 2",
    "et": "GroupName",
    "off": 31227,
    "sff": "control"
  },
  {
    "docID": "N156 Kalincik 2010 2",
    "et": "GroupName",
    "off": 30816,
    "sff": "controls"
  },
  {
    "docID": "N156 Kalincik 2010 2",
    "et": "GroupName",
    "off": 14039,
    "sff": "control animals"
  },
  {
    "docID": "N156 Kalincik 2010 2",
    "et": "GroupName",
    "off": 30058,
    "sff": "groups"
  },
  {
    "docID": "N156 Kalincik 2010 2",
    "et": "GroupName",
    "off": 12644,
    "sff": "implantation"
  },
  {
    "docID": "N156 Kalincik 2010 2",
    "et": "GroupName",
    "off": 6327,
    "sff": "cord"
  },
  {
    "docID": "N156 Kalincik 2010 2",
    "et": "GroupName",
    "off": 26979,
    "sff": "groups"
  },
  {
    "docID": "N156 Kalincik 2010 2",
    "et": "GroupName",
    "off": 7112,
    "sff": "control animals"
  },
  {
    "docID": "N156 Kalincik 2010 2",
    "et": "GroupName",
    "off": 31508,
    "sff": "control"
  },
  {
    "docID": "N156 Kalincik 2010 2",
    "et": "GroupName",
    "off": 27846,
    "sff": "control group"
  },
  {
    "docID": "N156 Kalincik 2010 2",
    "et": "GroupName",
    "off": 27083,
    "sff": "control group"
  },
  {
    "docID": "N156 Kalincik 2010 2",
    "et": "GroupName",
    "off": 27189,
    "sff": "OEC-treated"
  },
  {
    "docID": "N156 Kalincik 2010 2",
    "et": "GroupName",
    "off": 34386,
    "sff": "7"
  },
  {
    "docID": "N156 Kalincik 2010 2",
    "et": "GroupName",
    "off": 27049,
    "sff": "OEC-treated"
  },
  {
    "docID": "N156 Kalincik 2010 2",
    "et": "GroupName",
    "off": 25371,
    "sff": "animal"
  },
  {
    "docID": "N156 Kalincik 2010 2",
    "et": "GroupName",
    "off": 27219,
    "sff": "control group"
  },
  {
    "docID": "N156 Kalincik 2010 2",
    "et": "GroupName",
    "off": 14047,
    "sff": "animals"
  },
  {
    "docID": "N156 Kalincik 2010 2",
    "et": "GroupName",
    "off": 6373,
    "sff": "SCI"
  }
]
