[
  {
    "docID": "N157 Kalincik 2010",
    "et": "GroupName",
    "off": 12896,
    "sff": "tissue"
  },
  {
    "docID": "N157 Kalincik 2010",
    "et": "GroupName",
    "off": 26952,
    "sff": "control groups"
  },
  {
    "docID": "N157 Kalincik 2010",
    "et": "GroupName",
    "off": 23596,
    "sff": "OEC-treated rats"
  },
  {
    "docID": "N157 Kalincik 2010",
    "et": "GroupName",
    "off": 20188,
    "sff": "1"
  },
  {
    "docID": "N157 Kalincik 2010",
    "et": "GroupName",
    "off": 23051,
    "sff": "intact"
  },
  {
    "docID": "N157 Kalincik 2010",
    "et": "GroupName",
    "off": 11491,
    "sff": "medium"
  },
  {
    "docID": "N157 Kalincik 2010",
    "et": "GroupName",
    "off": 7307,
    "sff": "control animals"
  },
  {
    "docID": "N157 Kalincik 2010",
    "et": "GroupName",
    "off": 15282,
    "sff": "SCI"
  },
  {
    "docID": "N157 Kalincik 2010",
    "et": "GroupName",
    "off": 23596,
    "sff": "OEC-treated"
  },
  {
    "docID": "N157 Kalincik 2010",
    "et": "GroupName",
    "off": 22506,
    "sff": "5"
  },
  {
    "docID": "N157 Kalincik 2010",
    "et": "GroupName",
    "off": 15246,
    "sff": "intact"
  },
  {
    "docID": "N157 Kalincik 2010",
    "et": "GroupName",
    "off": 25134,
    "sff": "control groups"
  },
  {
    "docID": "N157 Kalincik 2010",
    "et": "GroupName",
    "off": 10793,
    "sff": "saline"
  },
  {
    "docID": "N157 Kalincik 2010",
    "et": "GroupName",
    "off": 19785,
    "sff": "OECtreated"
  },
  {
    "docID": "N157 Kalincik 2010",
    "et": "GroupName",
    "off": 7110,
    "sff": "mm"
  },
  {
    "docID": "N157 Kalincik 2010",
    "et": "GroupName",
    "off": 14074,
    "sff": "2"
  },
  {
    "docID": "N157 Kalincik 2010",
    "et": "GroupName",
    "off": 19776,
    "sff": "control"
  },
  {
    "docID": "N157 Kalincik 2010",
    "et": "GroupName",
    "off": 14894,
    "sff": "3"
  },
  {
    "docID": "N157 Kalincik 2010",
    "et": "GroupName",
    "off": 7932,
    "sff": "days"
  },
  {
    "docID": "N157 Kalincik 2010",
    "et": "GroupName",
    "off": 26896,
    "sff": "lesion"
  },
  {
    "docID": "N157 Kalincik 2010",
    "et": "GroupName",
    "off": 23643,
    "sff": "control groups"
  },
  {
    "docID": "N157 Kalincik 2010",
    "et": "GroupName",
    "off": 16599,
    "sff": "control groups"
  },
  {
    "docID": "N157 Kalincik 2010",
    "et": "GroupName",
    "off": 12300,
    "sff": "apart"
  },
  {
    "docID": "N157 Kalincik 2010",
    "et": "GroupName",
    "off": 22485,
    "sff": "control groups"
  },
  {
    "docID": "N157 Kalincik 2010",
    "et": "GroupName",
    "off": 24864,
    "sff": "control animals"
  },
  {
    "docID": "N157 Kalincik 2010",
    "et": "GroupName",
    "off": 27260,
    "sff": "lesion"
  },
  {
    "docID": "N157 Kalincik 2010",
    "et": "GroupName",
    "off": 22470,
    "sff": "intact"
  },
  {
    "docID": "N157 Kalincik 2010",
    "et": "GroupName",
    "off": 16205,
    "sff": "treatment"
  },
  {
    "docID": "N157 Kalincik 2010",
    "et": "GroupName",
    "off": 17979,
    "sff": "NC"
  },
  {
    "docID": "N157 Kalincik 2010",
    "et": "GroupName",
    "off": 16607,
    "sff": "groups"
  },
  {
    "docID": "N157 Kalincik 2010",
    "et": "GroupName",
    "off": 23643,
    "sff": "control"
  },
  {
    "docID": "N157 Kalincik 2010",
    "et": "GroupName",
    "off": 1289,
    "sff": "OEC-transplanted animals"
  },
  {
    "docID": "N157 Kalincik 2010",
    "et": "GroupName",
    "off": 21610,
    "sff": "animals"
  },
  {
    "docID": "N157 Kalincik 2010",
    "et": "GroupName",
    "off": 18098,
    "sff": "scar"
  },
  {
    "docID": "N157 Kalincik 2010",
    "et": "GroupName",
    "off": 21218,
    "sff": "lesion"
  },
  {
    "docID": "N157 Kalincik 2010",
    "et": "GroupName",
    "off": 7023,
    "sff": "OEC-treated animals"
  },
  {
    "docID": "N157 Kalincik 2010",
    "et": "GroupName",
    "off": 8257,
    "sff": "week"
  },
  {
    "docID": "N157 Kalincik 2010",
    "et": "GroupName",
    "off": 19513,
    "sff": "4"
  },
  {
    "docID": "N157 Kalincik 2010",
    "et": "GroupName",
    "off": 15253,
    "sff": "animals"
  },
  {
    "docID": "N157 Kalincik 2010",
    "et": "GroupName",
    "off": 19616,
    "sff": "intact"
  },
  {
    "docID": "N157 Kalincik 2010",
    "et": "GroupName",
    "off": 13986,
    "sff": "site"
  },
  {
    "docID": "N157 Kalincik 2010",
    "et": "GroupName",
    "off": 26577,
    "sff": "lesion"
  },
  {
    "docID": "N157 Kalincik 2010",
    "et": "GroupName",
    "off": 23664,
    "sff": "5"
  },
  {
    "docID": "N157 Kalincik 2010",
    "et": "GroupName",
    "off": 8345,
    "sff": "control groups"
  },
  {
    "docID": "N157 Kalincik 2010",
    "et": "GroupName",
    "off": 23772,
    "sff": "OEC-treated animals"
  },
  {
    "docID": "N157 Kalincik 2010",
    "et": "GroupName",
    "off": 14289,
    "sff": "OEC-treated"
  },
  {
    "docID": "N157 Kalincik 2010",
    "et": "GroupName",
    "off": 8803,
    "sff": "sections"
  },
  {
    "docID": "N157 Kalincik 2010",
    "et": "GroupName",
    "off": 21602,
    "sff": "control animals"
  },
  {
    "docID": "N157 Kalincik 2010",
    "et": "GroupName",
    "off": 16652,
    "sff": "SCI"
  },
  {
    "docID": "N157 Kalincik 2010",
    "et": "GroupName",
    "off": 24299,
    "sff": "control"
  }
]
