[
  {
    "docID": "N158 Kang 2015",
    "et": "GroupName",
    "off": 815,
    "sff": "MBL with OEC transplantation group"
  },
  {
    "docID": "N158 Kang 2015",
    "et": "GroupName",
    "off": 10771,
    "sff": "media"
  },
  {
    "docID": "N158 Kang 2015",
    "et": "GroupName",
    "off": 11196,
    "sff": "OECs + MBL group"
  },
  {
    "docID": "N158 Kang 2015",
    "et": "GroupName",
    "off": 17832,
    "sff": "MBL"
  },
  {
    "docID": "N158 Kang 2015",
    "et": "GroupName",
    "off": 10554,
    "sff": "OECs"
  },
  {
    "docID": "N158 Kang 2015",
    "et": "GroupName",
    "off": 18843,
    "sff": "Group C"
  },
  {
    "docID": "N158 Kang 2015",
    "et": "GroupName",
    "off": 4544,
    "sff": "saline"
  },
  {
    "docID": "N158 Kang 2015",
    "et": "GroupName",
    "off": 943,
    "sff": "OECs"
  },
  {
    "docID": "N158 Kang 2015",
    "et": "GroupName",
    "off": 10140,
    "sff": "MBL"
  },
  {
    "docID": "N158 Kang 2015",
    "et": "GroupName",
    "off": 599,
    "sff": "control group"
  },
  {
    "docID": "N158 Kang 2015",
    "et": "GroupName",
    "off": 876,
    "sff": "OEC transplantation group"
  },
  {
    "docID": "N158 Kang 2015",
    "et": "GroupName",
    "off": 2084,
    "sff": "OECs"
  },
  {
    "docID": "N158 Kang 2015",
    "et": "GroupName",
    "off": 20554,
    "sff": "week"
  },
  {
    "docID": "N158 Kang 2015",
    "et": "GroupName",
    "off": 17512,
    "sff": "cells"
  },
  {
    "docID": "N158 Kang 2015",
    "et": "GroupName",
    "off": 11129,
    "sff": "NSCs + MBL group"
  },
  {
    "docID": "N158 Kang 2015",
    "et": "GroupName",
    "off": 18073,
    "sff": "MBL"
  },
  {
    "docID": "N158 Kang 2015",
    "et": "GroupName",
    "off": 18634,
    "sff": "Group B"
  },
  {
    "docID": "N158 Kang 2015",
    "et": "GroupName",
    "off": 744,
    "sff": "OEC transplantation"
  },
  {
    "docID": "N158 Kang 2015",
    "et": "GroupName",
    "off": 744,
    "sff": "OEC transplantation group"
  },
  {
    "docID": "N158 Kang 2015",
    "et": "GroupName",
    "off": 19129,
    "sff": "site"
  },
  {
    "docID": "N158 Kang 2015",
    "et": "GroupName",
    "off": 12011,
    "sff": "injured"
  },
  {
    "docID": "N158 Kang 2015",
    "et": "GroupName",
    "off": 11125,
    "sff": "C"
  },
  {
    "docID": "N158 Kang 2015",
    "et": "GroupName",
    "off": 11075,
    "sff": "NSCs only group"
  },
  {
    "docID": "N158 Kang 2015",
    "et": "GroupName",
    "off": 385,
    "sff": "MBL"
  },
  {
    "docID": "N158 Kang 2015",
    "et": "GroupName",
    "off": 18244,
    "sff": "OECs"
  },
  {
    "docID": "N158 Kang 2015",
    "et": "GroupName",
    "off": 14836,
    "sff": "MBL"
  },
  {
    "docID": "N158 Kang 2015",
    "et": "GroupName",
    "off": 859,
    "sff": "MBL with NSC and OEC transplantation group"
  },
  {
    "docID": "N158 Kang 2015",
    "et": "GroupName",
    "off": 713,
    "sff": "NSC transplantation group"
  },
  {
    "docID": "N158 Kang 2015",
    "et": "GroupName",
    "off": 20370,
    "sff": "cells"
  },
  {
    "docID": "N158 Kang 2015",
    "et": "GroupName",
    "off": 11098,
    "sff": "B"
  },
  {
    "docID": "N158 Kang 2015",
    "et": "GroupName",
    "off": 19994,
    "sff": "cells"
  },
  {
    "docID": "N158 Kang 2015",
    "et": "GroupName",
    "off": 8069,
    "sff": "saline"
  },
  {
    "docID": "N158 Kang 2015",
    "et": "GroupName",
    "off": 593,
    "sff": "blank control group"
  },
  {
    "docID": "N158 Kang 2015",
    "et": "GroupName",
    "off": 775,
    "sff": "MBL with NSC transplantation group"
  },
  {
    "docID": "N158 Kang 2015",
    "et": "GroupName",
    "off": 19249,
    "sff": "side"
  },
  {
    "docID": "N158 Kang 2015",
    "et": "GroupName",
    "off": 3498,
    "sff": "NSCs"
  },
  {
    "docID": "N158 Kang 2015",
    "et": "GroupName",
    "off": 19287,
    "sff": "MBL"
  },
  {
    "docID": "N158 Kang 2015",
    "et": "GroupName",
    "off": 414,
    "sff": "NSCs"
  },
  {
    "docID": "N158 Kang 2015",
    "et": "GroupName",
    "off": 6019,
    "sff": "culture"
  },
  {
    "docID": "N158 Kang 2015",
    "et": "GroupName",
    "off": 771,
    "sff": "C"
  },
  {
    "docID": "N158 Kang 2015",
    "et": "GroupName",
    "off": 11157,
    "sff": "OECs + MBL group"
  },
  {
    "docID": "N158 Kang 2015",
    "et": "GroupName",
    "off": 11189,
    "sff": "NSCs + OECs + MBL group"
  },
  {
    "docID": "N158 Kang 2015",
    "et": "GroupName",
    "off": 17738,
    "sff": "5"
  },
  {
    "docID": "N158 Kang 2015",
    "et": "GroupName",
    "off": 4199,
    "sff": "culture"
  },
  {
    "docID": "N158 Kang 2015",
    "et": "GroupName",
    "off": 18626,
    "sff": "10"
  },
  {
    "docID": "N158 Kang 2015",
    "et": "GroupName",
    "off": 11102,
    "sff": "OECs only group"
  },
  {
    "docID": "N158 Kang 2015",
    "et": "GroupName",
    "off": 907,
    "sff": "NSCs"
  },
  {
    "docID": "N158 Kang 2015",
    "et": "GroupName",
    "off": 740,
    "sff": "B"
  },
  {
    "docID": "N158 Kang 2015",
    "et": "GroupName",
    "off": 2048,
    "sff": "NSCs"
  },
  {
    "docID": "N158 Kang 2015",
    "et": "GroupName",
    "off": 11050,
    "sff": "control group"
  },
  {
    "docID": "N158 Kang 2015",
    "et": "GroupName",
    "off": 15025,
    "sff": "MBL"
  },
  {
    "docID": "N158 Kang 2015",
    "et": "GroupName",
    "off": 11044,
    "sff": "blank control group"
  }
]
