[
  {
    "docID": "N159 Keyvan-Fouladi 2003",
    "et": "GroupName",
    "off": 13482,
    "sff": "transplanted OECs"
  },
  {
    "docID": "N159 Keyvan-Fouladi 2003",
    "et": "GroupName",
    "off": 13495,
    "sff": "OECs"
  },
  {
    "docID": "N159 Keyvan-Fouladi 2003",
    "et": "GroupName",
    "off": 11831,
    "sff": "lesions"
  },
  {
    "docID": "N159 Keyvan-Fouladi 2003",
    "et": "GroupName",
    "off": 16259,
    "sff": "injury"
  },
  {
    "docID": "N159 Keyvan-Fouladi 2003",
    "et": "GroupName",
    "off": 12552,
    "sff": "rats"
  },
  {
    "docID": "N159 Keyvan-Fouladi 2003",
    "et": "GroupName",
    "off": 13225,
    "sff": "transplantation"
  },
  {
    "docID": "N159 Keyvan-Fouladi 2003",
    "et": "GroupName",
    "off": 12637,
    "sff": "7"
  },
  {
    "docID": "N159 Keyvan-Fouladi 2003",
    "et": "GroupName",
    "off": 15297,
    "sff": "transplants"
  },
  {
    "docID": "N159 Keyvan-Fouladi 2003",
    "et": "GroupName",
    "off": 14906,
    "sff": "transplantation"
  },
  {
    "docID": "N159 Keyvan-Fouladi 2003",
    "et": "GroupName",
    "off": 9101,
    "sff": "sections"
  },
  {
    "docID": "N159 Keyvan-Fouladi 2003",
    "et": "GroupName",
    "off": 9201,
    "sff": "level"
  },
  {
    "docID": "N159 Keyvan-Fouladi 2003",
    "et": "GroupName",
    "off": 12587,
    "sff": "4"
  },
  {
    "docID": "N159 Keyvan-Fouladi 2003",
    "et": "GroupName",
    "off": 10396,
    "sff": "side"
  },
  {
    "docID": "N159 Keyvan-Fouladi 2003",
    "et": "GroupName",
    "off": 15850,
    "sff": "7"
  },
  {
    "docID": "N159 Keyvan-Fouladi 2003",
    "et": "GroupName",
    "off": 15968,
    "sff": "C"
  },
  {
    "docID": "N159 Keyvan-Fouladi 2003",
    "et": "GroupName",
    "off": 13328,
    "sff": "4"
  },
  {
    "docID": "N159 Keyvan-Fouladi 2003",
    "et": "GroupName",
    "off": 15349,
    "sff": "site"
  },
  {
    "docID": "N159 Keyvan-Fouladi 2003",
    "et": "GroupName",
    "off": 9995,
    "sff": "2"
  },
  {
    "docID": "N159 Keyvan-Fouladi 2003",
    "et": "GroupName",
    "off": 15947,
    "sff": "transplants"
  },
  {
    "docID": "N159 Keyvan-Fouladi 2003",
    "et": "GroupName",
    "off": 12571,
    "sff": "4"
  },
  {
    "docID": "N159 Keyvan-Fouladi 2003",
    "et": "GroupName",
    "off": 1242,
    "sff": "spinal"
  },
  {
    "docID": "N159 Keyvan-Fouladi 2003",
    "et": "GroupName",
    "off": 12949,
    "sff": "lesion"
  },
  {
    "docID": "N159 Keyvan-Fouladi 2003",
    "et": "GroupName",
    "off": 13920,
    "sff": "transplantation"
  },
  {
    "docID": "N159 Keyvan-Fouladi 2003",
    "et": "GroupName",
    "off": 13140,
    "sff": "transplantation"
  },
  {
    "docID": "N159 Keyvan-Fouladi 2003",
    "et": "GroupName",
    "off": 9649,
    "sff": "sections"
  },
  {
    "docID": "N159 Keyvan-Fouladi 2003",
    "et": "GroupName",
    "off": 11778,
    "sff": "lesion"
  },
  {
    "docID": "N159 Keyvan-Fouladi 2003",
    "et": "GroupName",
    "off": 9447,
    "sff": "B"
  },
  {
    "docID": "N159 Keyvan-Fouladi 2003",
    "et": "GroupName",
    "off": 9335,
    "sff": "lesions"
  },
  {
    "docID": "N159 Keyvan-Fouladi 2003",
    "et": "GroupName",
    "off": 12603,
    "sff": "5"
  },
  {
    "docID": "N159 Keyvan-Fouladi 2003",
    "et": "GroupName",
    "off": 9844,
    "sff": "lesion"
  },
  {
    "docID": "N159 Keyvan-Fouladi 2003",
    "et": "GroupName",
    "off": 13306,
    "sff": "transplantation"
  },
  {
    "docID": "N159 Keyvan-Fouladi 2003",
    "et": "GroupName",
    "off": 873,
    "sff": "site"
  },
  {
    "docID": "N159 Keyvan-Fouladi 2003",
    "et": "GroupName",
    "off": 9303,
    "sff": "side"
  },
  {
    "docID": "N159 Keyvan-Fouladi 2003",
    "et": "GroupName",
    "off": 11954,
    "sff": "level"
  },
  {
    "docID": "N159 Keyvan-Fouladi 2003",
    "et": "GroupName",
    "off": 14224,
    "sff": "injection"
  },
  {
    "docID": "N159 Keyvan-Fouladi 2003",
    "et": "GroupName",
    "off": 12860,
    "sff": "additional"
  },
  {
    "docID": "N159 Keyvan-Fouladi 2003",
    "et": "GroupName",
    "off": 13823,
    "sff": "lesions"
  },
  {
    "docID": "N159 Keyvan-Fouladi 2003",
    "et": "GroupName",
    "off": 13022,
    "sff": "injections of OEC-conditioned medium"
  },
  {
    "docID": "N159 Keyvan-Fouladi 2003",
    "et": "GroupName",
    "off": 13855,
    "sff": "transplanted rats"
  },
  {
    "docID": "N159 Keyvan-Fouladi 2003",
    "et": "GroupName",
    "off": 13036,
    "sff": "OEC-conditioned medium"
  },
  {
    "docID": "N159 Keyvan-Fouladi 2003",
    "et": "GroupName",
    "off": 15982,
    "sff": "rats"
  },
  {
    "docID": "N159 Keyvan-Fouladi 2003",
    "et": "GroupName",
    "off": 12077,
    "sff": "lesions"
  },
  {
    "docID": "N159 Keyvan-Fouladi 2003",
    "et": "GroupName",
    "off": 13946,
    "sff": "rats"
  },
  {
    "docID": "N159 Keyvan-Fouladi 2003",
    "et": "GroupName",
    "off": 9321,
    "sff": "sections"
  },
  {
    "docID": "N159 Keyvan-Fouladi 2003",
    "et": "GroupName",
    "off": 916,
    "sff": "transplantation"
  },
  {
    "docID": "N159 Keyvan-Fouladi 2003",
    "et": "GroupName",
    "off": 13052,
    "sff": "medium"
  },
  {
    "docID": "N159 Keyvan-Fouladi 2003",
    "et": "GroupName",
    "off": 12619,
    "sff": "4"
  },
  {
    "docID": "N159 Keyvan-Fouladi 2003",
    "et": "GroupName",
    "off": 15839,
    "sff": "OECs"
  },
  {
    "docID": "N159 Keyvan-Fouladi 2003",
    "et": "GroupName",
    "off": 11135,
    "sff": "rats"
  },
  {
    "docID": "N159 Keyvan-Fouladi 2003",
    "et": "GroupName",
    "off": 13014,
    "sff": "control injections of OEC-conditioned medium"
  },
  {
    "docID": "N159 Keyvan-Fouladi 2003",
    "et": "GroupName",
    "off": 9888,
    "sff": "lesions"
  }
]
