[
  {
    "docID": "N160 Kubasak 2008",
    "et": "GroupName",
    "off": 22077,
    "sff": "OEG-untrained"
  },
  {
    "docID": "N160 Kubasak 2008",
    "et": "GroupName",
    "off": 27696,
    "sff": "10"
  },
  {
    "docID": "N160 Kubasak 2008",
    "et": "GroupName",
    "off": 38299,
    "sff": "media-injected animals"
  },
  {
    "docID": "N160 Kubasak 2008",
    "et": "GroupName",
    "off": 38811,
    "sff": "media-injected animals"
  },
  {
    "docID": "N160 Kubasak 2008",
    "et": "GroupName",
    "off": 35141,
    "sff": "OEG-untrained"
  },
  {
    "docID": "N160 Kubasak 2008",
    "et": "GroupName",
    "off": 23335,
    "sff": "sham"
  },
  {
    "docID": "N160 Kubasak 2008",
    "et": "GroupName",
    "off": 21436,
    "sff": "media-trained"
  },
  {
    "docID": "N160 Kubasak 2008",
    "et": "GroupName",
    "off": 1230,
    "sff": "OEG-trained"
  },
  {
    "docID": "N160 Kubasak 2008",
    "et": "GroupName",
    "off": 23795,
    "sff": "media-untrained"
  },
  {
    "docID": "N160 Kubasak 2008",
    "et": "GroupName",
    "off": 762,
    "sff": "OEG"
  },
  {
    "docID": "N160 Kubasak 2008",
    "et": "GroupName",
    "off": 22048,
    "sff": "media-trained"
  },
  {
    "docID": "N160 Kubasak 2008",
    "et": "GroupName",
    "off": 34034,
    "sff": "media-untrained"
  },
  {
    "docID": "N160 Kubasak 2008",
    "et": "GroupName",
    "off": 22723,
    "sff": "values"
  },
  {
    "docID": "N160 Kubasak 2008",
    "et": "GroupName",
    "off": 1197,
    "sff": "media-trained"
  },
  {
    "docID": "N160 Kubasak 2008",
    "et": "GroupName",
    "off": 21736,
    "sff": "7"
  },
  {
    "docID": "N160 Kubasak 2008",
    "et": "GroupName",
    "off": 39774,
    "sff": "mediainjected rats"
  },
  {
    "docID": "N160 Kubasak 2008",
    "et": "GroupName",
    "off": 9214,
    "sff": "sham"
  },
  {
    "docID": "N160 Kubasak 2008",
    "et": "GroupName",
    "off": 14480,
    "sff": "later"
  },
  {
    "docID": "N160 Kubasak 2008",
    "et": "GroupName",
    "off": 35358,
    "sff": "media-trained"
  },
  {
    "docID": "N160 Kubasak 2008",
    "et": "GroupName",
    "off": 26814,
    "sff": "media-untrained"
  },
  {
    "docID": "N160 Kubasak 2008",
    "et": "GroupName",
    "off": 21489,
    "sff": "OEG-trained"
  },
  {
    "docID": "N160 Kubasak 2008",
    "et": "GroupName",
    "off": 36328,
    "sff": "sham rats"
  },
  {
    "docID": "N160 Kubasak 2008",
    "et": "GroupName",
    "off": 25295,
    "sff": "OEG-untrained"
  },
  {
    "docID": "N160 Kubasak 2008",
    "et": "GroupName",
    "off": 33881,
    "sff": "OEG-trained"
  },
  {
    "docID": "N160 Kubasak 2008",
    "et": "GroupName",
    "off": 27604,
    "sff": "media-untrained"
  },
  {
    "docID": "N160 Kubasak 2008",
    "et": "GroupName",
    "off": 37187,
    "sff": "media groups"
  },
  {
    "docID": "N160 Kubasak 2008",
    "et": "GroupName",
    "off": 23060,
    "sff": "sham"
  },
  {
    "docID": "N160 Kubasak 2008",
    "et": "GroupName",
    "off": 14033,
    "sff": "experimental group"
  },
  {
    "docID": "N160 Kubasak 2008",
    "et": "GroupName",
    "off": 21460,
    "sff": "OEG-untrained"
  },
  {
    "docID": "N160 Kubasak 2008",
    "et": "GroupName",
    "off": 26841,
    "sff": "OEG-untrained"
  },
  {
    "docID": "N160 Kubasak 2008",
    "et": "GroupName",
    "off": 34503,
    "sff": "7"
  },
  {
    "docID": "N160 Kubasak 2008",
    "et": "GroupName",
    "off": 23414,
    "sff": "media-trained"
  },
  {
    "docID": "N160 Kubasak 2008",
    "et": "GroupName",
    "off": 1487,
    "sff": "sham controls"
  },
  {
    "docID": "N160 Kubasak 2008",
    "et": "GroupName",
    "off": 21409,
    "sff": "media-untrained"
  },
  {
    "docID": "N160 Kubasak 2008",
    "et": "GroupName",
    "off": 42641,
    "sff": "OEG-injected rats"
  },
  {
    "docID": "N160 Kubasak 2008",
    "et": "GroupName",
    "off": 27652,
    "sff": "OEG-untrained"
  },
  {
    "docID": "N160 Kubasak 2008",
    "et": "GroupName",
    "off": 1180,
    "sff": "media-untrained"
  },
  {
    "docID": "N160 Kubasak 2008",
    "et": "GroupName",
    "off": 40493,
    "sff": "OEG-injected animals"
  },
  {
    "docID": "N160 Kubasak 2008",
    "et": "GroupName",
    "off": 25268,
    "sff": "media-untrained"
  },
  {
    "docID": "N160 Kubasak 2008",
    "et": "GroupName",
    "off": 32370,
    "sff": "OEG-untrained"
  },
  {
    "docID": "N160 Kubasak 2008",
    "et": "GroupName",
    "off": 18357,
    "sff": "sham rats"
  },
  {
    "docID": "N160 Kubasak 2008",
    "et": "GroupName",
    "off": 22965,
    "sff": "sham rats"
  },
  {
    "docID": "N160 Kubasak 2008",
    "et": "GroupName",
    "off": 27629,
    "sff": "media-trained"
  },
  {
    "docID": "N160 Kubasak 2008",
    "et": "GroupName",
    "off": 6317,
    "sff": "5"
  },
  {
    "docID": "N160 Kubasak 2008",
    "et": "GroupName",
    "off": 21481,
    "sff": "10"
  },
  {
    "docID": "N160 Kubasak 2008",
    "et": "GroupName",
    "off": 22021,
    "sff": "media-untrained"
  },
  {
    "docID": "N160 Kubasak 2008",
    "et": "GroupName",
    "off": 35327,
    "sff": "media-untrained"
  },
  {
    "docID": "N160 Kubasak 2008",
    "et": "GroupName",
    "off": 27671,
    "sff": "10"
  },
  {
    "docID": "N160 Kubasak 2008",
    "et": "GroupName",
    "off": 35141,
    "sff": "OEG-untrained group"
  },
  {
    "docID": "N160 Kubasak 2008",
    "et": "GroupName",
    "off": 1492,
    "sff": "controls"
  },
  {
    "docID": "N160 Kubasak 2008",
    "et": "GroupName",
    "off": 21508,
    "sff": "10"
  },
  {
    "docID": "N160 Kubasak 2008",
    "et": "GroupName",
    "off": 32093,
    "sff": "OEGuntrained"
  },
  {
    "docID": "N160 Kubasak 2008",
    "et": "GroupName",
    "off": 27679,
    "sff": "OEG-trained"
  }
]
