[
  {
    "docID": "N161 Lang 2013",
    "et": "GroupName",
    "off": 15989,
    "sff": "sham group"
  },
  {
    "docID": "N161 Lang 2013",
    "et": "GroupName",
    "off": 26205,
    "sff": "control"
  },
  {
    "docID": "N161 Lang 2013",
    "et": "GroupName",
    "off": 440,
    "sff": "cord"
  },
  {
    "docID": "N161 Lang 2013",
    "et": "GroupName",
    "off": 1806,
    "sff": "SCI"
  },
  {
    "docID": "N161 Lang 2013",
    "et": "GroupName",
    "off": 25194,
    "sff": "values"
  },
  {
    "docID": "N161 Lang 2013",
    "et": "GroupName",
    "off": 17761,
    "sff": "saline"
  },
  {
    "docID": "N161 Lang 2013",
    "et": "GroupName",
    "off": 15895,
    "sff": "level"
  },
  {
    "docID": "N161 Lang 2013",
    "et": "GroupName",
    "off": 17466,
    "sff": "days"
  },
  {
    "docID": "N161 Lang 2013",
    "et": "GroupName",
    "off": 1798,
    "sff": "injury"
  },
  {
    "docID": "N161 Lang 2013",
    "et": "GroupName",
    "off": 16831,
    "sff": "medium"
  },
  {
    "docID": "N161 Lang 2013",
    "et": "GroupName",
    "off": 15964,
    "sff": "Group C"
  },
  {
    "docID": "N161 Lang 2013",
    "et": "GroupName",
    "off": 25264,
    "sff": "OECs group"
  },
  {
    "docID": "N161 Lang 2013",
    "et": "GroupName",
    "off": 15902,
    "sff": "Group B"
  },
  {
    "docID": "N161 Lang 2013",
    "et": "GroupName",
    "off": 16647,
    "sff": "medium"
  },
  {
    "docID": "N161 Lang 2013",
    "et": "GroupName",
    "off": 24071,
    "sff": "control"
  },
  {
    "docID": "N161 Lang 2013",
    "et": "GroupName",
    "off": 20297,
    "sff": "Group"
  },
  {
    "docID": "N161 Lang 2013",
    "et": "GroupName",
    "off": 21932,
    "sff": "damage"
  },
  {
    "docID": "N161 Lang 2013",
    "et": "GroupName",
    "off": 20441,
    "sff": "site"
  },
  {
    "docID": "N161 Lang 2013",
    "et": "GroupName",
    "off": 23670,
    "sff": "group"
  },
  {
    "docID": "N161 Lang 2013",
    "et": "GroupName",
    "off": 20162,
    "sff": "5"
  },
  {
    "docID": "N161 Lang 2013",
    "et": "GroupName",
    "off": 16791,
    "sff": "medium"
  },
  {
    "docID": "N161 Lang 2013",
    "et": "GroupName",
    "off": 19587,
    "sff": "level"
  },
  {
    "docID": "N161 Lang 2013",
    "et": "GroupName",
    "off": 21320,
    "sff": "damage"
  },
  {
    "docID": "N161 Lang 2013",
    "et": "GroupName",
    "off": 1578,
    "sff": "injury"
  },
  {
    "docID": "N161 Lang 2013",
    "et": "GroupName",
    "off": 23681,
    "sff": "sham group"
  },
  {
    "docID": "N161 Lang 2013",
    "et": "GroupName",
    "off": 369,
    "sff": "OB"
  },
  {
    "docID": "N161 Lang 2013",
    "et": "GroupName",
    "off": 23681,
    "sff": "sham"
  },
  {
    "docID": "N161 Lang 2013",
    "et": "GroupName",
    "off": 937,
    "sff": "BDNF"
  },
  {
    "docID": "N161 Lang 2013",
    "et": "GroupName",
    "off": 20308,
    "sff": "5"
  },
  {
    "docID": "N161 Lang 2013",
    "et": "GroupName",
    "off": 18028,
    "sff": "PBS"
  },
  {
    "docID": "N161 Lang 2013",
    "et": "GroupName",
    "off": 17769,
    "sff": "PBS"
  },
  {
    "docID": "N161 Lang 2013",
    "et": "GroupName",
    "off": 22256,
    "sff": "cord"
  },
  {
    "docID": "N161 Lang 2013",
    "et": "GroupName",
    "off": 20280,
    "sff": "injections"
  },
  {
    "docID": "N161 Lang 2013",
    "et": "GroupName",
    "off": 19533,
    "sff": "C"
  },
  {
    "docID": "N161 Lang 2013",
    "et": "GroupName",
    "off": 327,
    "sff": "cells"
  },
  {
    "docID": "N161 Lang 2013",
    "et": "GroupName",
    "off": 19975,
    "sff": "transplantation"
  },
  {
    "docID": "N161 Lang 2013",
    "et": "GroupName",
    "off": 16048,
    "sff": "injections"
  },
  {
    "docID": "N161 Lang 2013",
    "et": "GroupName",
    "off": 15989,
    "sff": "sham"
  },
  {
    "docID": "N161 Lang 2013",
    "et": "GroupName",
    "off": 20527,
    "sff": "injections"
  },
  {
    "docID": "N161 Lang 2013",
    "et": "GroupName",
    "off": 20203,
    "sff": "Group"
  },
  {
    "docID": "N161 Lang 2013",
    "et": "GroupName",
    "off": 20451,
    "sff": "sham"
  },
  {
    "docID": "N161 Lang 2013",
    "et": "GroupName",
    "off": 1228,
    "sff": "BDNF"
  },
  {
    "docID": "N161 Lang 2013",
    "et": "GroupName",
    "off": 20816,
    "sff": "injection"
  },
  {
    "docID": "N161 Lang 2013",
    "et": "GroupName",
    "off": 22898,
    "sff": "BDNF"
  },
  {
    "docID": "N161 Lang 2013",
    "et": "GroupName",
    "off": 20738,
    "sff": "days"
  },
  {
    "docID": "N161 Lang 2013",
    "et": "GroupName",
    "off": 23562,
    "sff": "PBS"
  },
  {
    "docID": "N161 Lang 2013",
    "et": "GroupName",
    "off": 1431,
    "sff": "OEC transplantation"
  },
  {
    "docID": "N161 Lang 2013",
    "et": "GroupName",
    "off": 334,
    "sff": "OECs"
  },
  {
    "docID": "N161 Lang 2013",
    "et": "GroupName",
    "off": 20183,
    "sff": "administration"
  },
  {
    "docID": "N161 Lang 2013",
    "et": "GroupName",
    "off": 20214,
    "sff": "5"
  },
  {
    "docID": "N161 Lang 2013",
    "et": "GroupName",
    "off": 20147,
    "sff": "treatment"
  }
]
