[
  {
    "docID": "N162 Lebedev 2010",
    "et": "GroupName",
    "off": 11682,
    "sff": "5"
  },
  {
    "docID": "N162 Lebedev 2010",
    "et": "GroupName",
    "off": 11937,
    "sff": "control group"
  },
  {
    "docID": "N162 Lebedev 2010",
    "et": "GroupName",
    "off": 8104,
    "sff": "3"
  },
  {
    "docID": "N162 Lebedev 2010",
    "et": "GroupName",
    "off": 13733,
    "sff": "mm"
  },
  {
    "docID": "N162 Lebedev 2010",
    "et": "GroupName",
    "off": 3148,
    "sff": "olfactory mucosa"
  },
  {
    "docID": "N162 Lebedev 2010",
    "et": "GroupName",
    "off": 12283,
    "sff": "experimental group"
  },
  {
    "docID": "N162 Lebedev 2010",
    "et": "GroupName",
    "off": 11745,
    "sff": "control"
  },
  {
    "docID": "N162 Lebedev 2010",
    "et": "GroupName",
    "off": 6786,
    "sff": "Controls"
  },
  {
    "docID": "N162 Lebedev 2010",
    "et": "GroupName",
    "off": 4683,
    "sff": "medium"
  },
  {
    "docID": "N162 Lebedev 2010",
    "et": "GroupName",
    "off": 12254,
    "sff": "control"
  },
  {
    "docID": "N162 Lebedev 2010",
    "et": "GroupName",
    "off": 11126,
    "sff": "experimental group"
  },
  {
    "docID": "N162 Lebedev 2010",
    "et": "GroupName",
    "off": 10062,
    "sff": "NSC transplantation"
  },
  {
    "docID": "N162 Lebedev 2010",
    "et": "GroupName",
    "off": 13268,
    "sff": "control"
  },
  {
    "docID": "N162 Lebedev 2010",
    "et": "GroupName",
    "off": 15800,
    "sff": "surgery"
  },
  {
    "docID": "N162 Lebedev 2010",
    "et": "GroupName",
    "off": 15742,
    "sff": "control group"
  },
  {
    "docID": "N162 Lebedev 2010",
    "et": "GroupName",
    "off": 10054,
    "sff": "2"
  },
  {
    "docID": "N162 Lebedev 2010",
    "et": "GroupName",
    "off": 4625,
    "sff": "solution"
  },
  {
    "docID": "N162 Lebedev 2010",
    "et": "GroupName",
    "off": 13059,
    "sff": "control"
  },
  {
    "docID": "N162 Lebedev 2010",
    "et": "GroupName",
    "off": 10502,
    "sff": "experimental groups"
  },
  {
    "docID": "N162 Lebedev 2010",
    "et": "GroupName",
    "off": 15742,
    "sff": "control"
  },
  {
    "docID": "N162 Lebedev 2010",
    "et": "GroupName",
    "off": 10107,
    "sff": "control"
  },
  {
    "docID": "N162 Lebedev 2010",
    "et": "GroupName",
    "off": 10490,
    "sff": "control"
  },
  {
    "docID": "N162 Lebedev 2010",
    "et": "GroupName",
    "off": 11126,
    "sff": "experimental"
  },
  {
    "docID": "N162 Lebedev 2010",
    "et": "GroupName",
    "off": 6779,
    "sff": "rats"
  },
  {
    "docID": "N162 Lebedev 2010",
    "et": "GroupName",
    "off": 13059,
    "sff": "control group"
  },
  {
    "docID": "N162 Lebedev 2010",
    "et": "GroupName",
    "off": 12283,
    "sff": "experimental"
  },
  {
    "docID": "N162 Lebedev 2010",
    "et": "GroupName",
    "off": 11250,
    "sff": "days"
  },
  {
    "docID": "N162 Lebedev 2010",
    "et": "GroupName",
    "off": 8041,
    "sff": "which"
  },
  {
    "docID": "N162 Lebedev 2010",
    "et": "GroupName",
    "off": 3171,
    "sff": "mm"
  },
  {
    "docID": "N162 Lebedev 2010",
    "et": "GroupName",
    "off": 11176,
    "sff": "control"
  },
  {
    "docID": "N162 Lebedev 2010",
    "et": "GroupName",
    "off": 13268,
    "sff": "control group"
  },
  {
    "docID": "N162 Lebedev 2010",
    "et": "GroupName",
    "off": 11937,
    "sff": "control"
  },
  {
    "docID": "N162 Lebedev 2010",
    "et": "GroupName",
    "off": 6799,
    "sff": "rats"
  },
  {
    "docID": "N162 Lebedev 2010",
    "et": "GroupName",
    "off": 10399,
    "sff": "control"
  },
  {
    "docID": "N162 Lebedev 2010",
    "et": "GroupName",
    "off": 3634,
    "sff": "saline"
  },
  {
    "docID": "N162 Lebedev 2010",
    "et": "GroupName",
    "off": 15041,
    "sff": "experimental groups"
  },
  {
    "docID": "N162 Lebedev 2010",
    "et": "GroupName",
    "off": 10036,
    "sff": "saline"
  },
  {
    "docID": "N162 Lebedev 2010",
    "et": "GroupName",
    "off": 12895,
    "sff": "experimental group"
  },
  {
    "docID": "N162 Lebedev 2010",
    "et": "GroupName",
    "off": 3904,
    "sff": "F12"
  },
  {
    "docID": "N162 Lebedev 2010",
    "et": "GroupName",
    "off": 6744,
    "sff": "experimental group"
  },
  {
    "docID": "N162 Lebedev 2010",
    "et": "GroupName",
    "off": 4492,
    "sff": "week"
  },
  {
    "docID": "N162 Lebedev 2010",
    "et": "GroupName",
    "off": 14584,
    "sff": "controls"
  },
  {
    "docID": "N162 Lebedev 2010",
    "et": "GroupName",
    "off": 10432,
    "sff": "control"
  },
  {
    "docID": "N162 Lebedev 2010",
    "et": "GroupName",
    "off": 10707,
    "sff": "experimental group"
  },
  {
    "docID": "N162 Lebedev 2010",
    "et": "GroupName",
    "off": 10044,
    "sff": "control"
  },
  {
    "docID": "N162 Lebedev 2010",
    "et": "GroupName",
    "off": 13520,
    "sff": "1"
  },
  {
    "docID": "N162 Lebedev 2010",
    "et": "GroupName",
    "off": 6258,
    "sff": "mm"
  },
  {
    "docID": "N162 Lebedev 2010",
    "et": "GroupName",
    "off": 9527,
    "sff": "sections"
  },
  {
    "docID": "N162 Lebedev 2010",
    "et": "GroupName",
    "off": 14524,
    "sff": "experimental"
  },
  {
    "docID": "N162 Lebedev 2010",
    "et": "GroupName",
    "off": 10673,
    "sff": "control"
  },
  {
    "docID": "N162 Lebedev 2010",
    "et": "GroupName",
    "off": 11441,
    "sff": "control"
  },
  {
    "docID": "N162 Lebedev 2010",
    "et": "GroupName",
    "off": 11597,
    "sff": "experimental group"
  }
]
