[
  {
    "docID": "N164 Li 2003",
    "et": "GroupName",
    "off": 18658,
    "sff": "surgery"
  },
  {
    "docID": "N164 Li 2003",
    "et": "GroupName",
    "off": 8083,
    "sff": "site"
  },
  {
    "docID": "N164 Li 2003",
    "et": "GroupName",
    "off": 14108,
    "sff": "B"
  },
  {
    "docID": "N164 Li 2003",
    "et": "GroupName",
    "off": 14513,
    "sff": "4"
  },
  {
    "docID": "N164 Li 2003",
    "et": "GroupName",
    "off": 15354,
    "sff": "normal"
  },
  {
    "docID": "N164 Li 2003",
    "et": "GroupName",
    "off": 10125,
    "sff": "transplanted OECs"
  },
  {
    "docID": "N164 Li 2003",
    "et": "GroupName",
    "off": 15766,
    "sff": "B"
  },
  {
    "docID": "N164 Li 2003",
    "et": "GroupName",
    "off": 18813,
    "sff": "alone"
  },
  {
    "docID": "N164 Li 2003",
    "et": "GroupName",
    "off": 6267,
    "sff": "C"
  },
  {
    "docID": "N164 Li 2003",
    "et": "GroupName",
    "off": 6775,
    "sff": "cells"
  },
  {
    "docID": "N164 Li 2003",
    "et": "GroupName",
    "off": 11945,
    "sff": "PBS"
  },
  {
    "docID": "N164 Li 2003",
    "et": "GroupName",
    "off": 16657,
    "sff": "3"
  },
  {
    "docID": "N164 Li 2003",
    "et": "GroupName",
    "off": 7458,
    "sff": "lesions"
  },
  {
    "docID": "N164 Li 2003",
    "et": "GroupName",
    "off": 13333,
    "sff": "3"
  },
  {
    "docID": "N164 Li 2003",
    "et": "GroupName",
    "off": 15362,
    "sff": "unoperated"
  },
  {
    "docID": "N164 Li 2003",
    "et": "GroupName",
    "off": 18738,
    "sff": "transplanted group"
  },
  {
    "docID": "N164 Li 2003",
    "et": "GroupName",
    "off": 16916,
    "sff": "cord"
  },
  {
    "docID": "N164 Li 2003",
    "et": "GroupName",
    "off": 16396,
    "sff": "transplanted animals"
  },
  {
    "docID": "N164 Li 2003",
    "et": "GroupName",
    "off": 8474,
    "sff": "transplantation"
  },
  {
    "docID": "N164 Li 2003",
    "et": "GroupName",
    "off": 12561,
    "sff": "cord"
  },
  {
    "docID": "N164 Li 2003",
    "et": "GroupName",
    "off": 20369,
    "sff": "cord"
  },
  {
    "docID": "N164 Li 2003",
    "et": "GroupName",
    "off": 9981,
    "sff": "lesion-alone"
  },
  {
    "docID": "N164 Li 2003",
    "et": "GroupName",
    "off": 14316,
    "sff": "transplanted OECs"
  },
  {
    "docID": "N164 Li 2003",
    "et": "GroupName",
    "off": 16257,
    "sff": "lesion plus transplant animals"
  },
  {
    "docID": "N164 Li 2003",
    "et": "GroupName",
    "off": 9994,
    "sff": "animals"
  },
  {
    "docID": "N164 Li 2003",
    "et": "GroupName",
    "off": 16643,
    "sff": "lesions"
  },
  {
    "docID": "N164 Li 2003",
    "et": "GroupName",
    "off": 12495,
    "sff": "cord"
  },
  {
    "docID": "N164 Li 2003",
    "et": "GroupName",
    "off": 15325,
    "sff": "transplant"
  },
  {
    "docID": "N164 Li 2003",
    "et": "GroupName",
    "off": 7775,
    "sff": "transplant"
  },
  {
    "docID": "N164 Li 2003",
    "et": "GroupName",
    "off": 13006,
    "sff": "B"
  },
  {
    "docID": "N164 Li 2003",
    "et": "GroupName",
    "off": 11905,
    "sff": "both"
  },
  {
    "docID": "N164 Li 2003",
    "et": "GroupName",
    "off": 13794,
    "sff": "transplants"
  },
  {
    "docID": "N164 Li 2003",
    "et": "GroupName",
    "off": 14877,
    "sff": "7"
  },
  {
    "docID": "N164 Li 2003",
    "et": "GroupName",
    "off": 5377,
    "sff": "female"
  },
  {
    "docID": "N164 Li 2003",
    "et": "GroupName",
    "off": 15125,
    "sff": "lesion-alone group"
  },
  {
    "docID": "N164 Li 2003",
    "et": "GroupName",
    "off": 14202,
    "sff": "animals"
  },
  {
    "docID": "N164 Li 2003",
    "et": "GroupName",
    "off": 15208,
    "sff": "transplant group"
  },
  {
    "docID": "N164 Li 2003",
    "et": "GroupName",
    "off": 7110,
    "sff": "mm"
  },
  {
    "docID": "N164 Li 2003",
    "et": "GroupName",
    "off": 17743,
    "sff": "side"
  },
  {
    "docID": "N164 Li 2003",
    "et": "GroupName",
    "off": 14329,
    "sff": "OECs"
  },
  {
    "docID": "N164 Li 2003",
    "et": "GroupName",
    "off": 19954,
    "sff": "animals"
  },
  {
    "docID": "N164 Li 2003",
    "et": "GroupName",
    "off": 19857,
    "sff": "lesion-alone group"
  },
  {
    "docID": "N164 Li 2003",
    "et": "GroupName",
    "off": 15889,
    "sff": "2"
  },
  {
    "docID": "N164 Li 2003",
    "et": "GroupName",
    "off": 7895,
    "sff": "transplants"
  },
  {
    "docID": "N164 Li 2003",
    "et": "GroupName",
    "off": 6509,
    "sff": "site"
  },
  {
    "docID": "N164 Li 2003",
    "et": "GroupName",
    "off": 14779,
    "sff": "scores"
  },
  {
    "docID": "N164 Li 2003",
    "et": "GroupName",
    "off": 1263,
    "sff": "cord"
  },
  {
    "docID": "N164 Li 2003",
    "et": "GroupName",
    "off": 15461,
    "sff": "tissue"
  },
  {
    "docID": "N164 Li 2003",
    "et": "GroupName",
    "off": 11093,
    "sff": "normal"
  },
  {
    "docID": "N164 Li 2003",
    "et": "GroupName",
    "off": 15219,
    "sff": "group"
  },
  {
    "docID": "N164 Li 2003",
    "et": "GroupName",
    "off": 14914,
    "sff": "transplants"
  },
  {
    "docID": "N164 Li 2003",
    "et": "GroupName",
    "off": 18738,
    "sff": "transplanted"
  }
]
