[
  {
    "docID": "N165 Li 2010",
    "et": "GroupName",
    "off": 11247,
    "sff": "transplantation"
  },
  {
    "docID": "N165 Li 2010",
    "et": "GroupName",
    "off": 6442,
    "sff": "control group"
  },
  {
    "docID": "N165 Li 2010",
    "et": "GroupName",
    "off": 287,
    "sff": "cells"
  },
  {
    "docID": "N165 Li 2010",
    "et": "GroupName",
    "off": 12524,
    "sff": "4"
  },
  {
    "docID": "N165 Li 2010",
    "et": "GroupName",
    "off": 12021,
    "sff": "transplantation"
  },
  {
    "docID": "N165 Li 2010",
    "et": "GroupName",
    "off": 566,
    "sff": "injury"
  },
  {
    "docID": "N165 Li 2010",
    "et": "GroupName",
    "off": 10129,
    "sff": "week"
  },
  {
    "docID": "N165 Li 2010",
    "et": "GroupName",
    "off": 10251,
    "sff": "control"
  },
  {
    "docID": "N165 Li 2010",
    "et": "GroupName",
    "off": 10879,
    "sff": "GFP-OECs"
  },
  {
    "docID": "N165 Li 2010",
    "et": "GroupName",
    "off": 5178,
    "sff": "days"
  },
  {
    "docID": "N165 Li 2010",
    "et": "GroupName",
    "off": 7375,
    "sff": "experimental"
  },
  {
    "docID": "N165 Li 2010",
    "et": "GroupName",
    "off": 1227,
    "sff": "injury"
  },
  {
    "docID": "N165 Li 2010",
    "et": "GroupName",
    "off": 9539,
    "sff": "C"
  },
  {
    "docID": "N165 Li 2010",
    "et": "GroupName",
    "off": 1354,
    "sff": "transplantation"
  },
  {
    "docID": "N165 Li 2010",
    "et": "GroupName",
    "off": 7442,
    "sff": "4"
  },
  {
    "docID": "N165 Li 2010",
    "et": "GroupName",
    "off": 1118,
    "sff": "cord"
  },
  {
    "docID": "N165 Li 2010",
    "et": "GroupName",
    "off": 413,
    "sff": "OECs"
  },
  {
    "docID": "N165 Li 2010",
    "et": "GroupName",
    "off": 7436,
    "sff": "2"
  },
  {
    "docID": "N165 Li 2010",
    "et": "GroupName",
    "off": 959,
    "sff": "transplantation"
  },
  {
    "docID": "N165 Li 2010",
    "et": "GroupName",
    "off": 12148,
    "sff": "week"
  },
  {
    "docID": "N165 Li 2010",
    "et": "GroupName",
    "off": 10089,
    "sff": "week"
  },
  {
    "docID": "N165 Li 2010",
    "et": "GroupName",
    "off": 336,
    "sff": "cord"
  },
  {
    "docID": "N165 Li 2010",
    "et": "GroupName",
    "off": 12319,
    "sff": "control"
  },
  {
    "docID": "N165 Li 2010",
    "et": "GroupName",
    "off": 7375,
    "sff": "experimental group"
  },
  {
    "docID": "N165 Li 2010",
    "et": "GroupName",
    "off": 7272,
    "sff": "control group"
  },
  {
    "docID": "N165 Li 2010",
    "et": "GroupName",
    "off": 8069,
    "sff": "cord"
  },
  {
    "docID": "N165 Li 2010",
    "et": "GroupName",
    "off": 11843,
    "sff": "groups"
  },
  {
    "docID": "N165 Li 2010",
    "et": "GroupName",
    "off": 10151,
    "sff": "4"
  },
  {
    "docID": "N165 Li 2010",
    "et": "GroupName",
    "off": 11050,
    "sff": "2"
  },
  {
    "docID": "N165 Li 2010",
    "et": "GroupName",
    "off": 10210,
    "sff": "control group"
  },
  {
    "docID": "N165 Li 2010",
    "et": "GroupName",
    "off": 7229,
    "sff": "injection"
  },
  {
    "docID": "N165 Li 2010",
    "et": "GroupName",
    "off": 5899,
    "sff": "solution"
  },
  {
    "docID": "N165 Li 2010",
    "et": "GroupName",
    "off": 10364,
    "sff": "cord"
  },
  {
    "docID": "N165 Li 2010",
    "et": "GroupName",
    "off": 294,
    "sff": "OECs"
  },
  {
    "docID": "N165 Li 2010",
    "et": "GroupName",
    "off": 11688,
    "sff": "transplantation"
  },
  {
    "docID": "N165 Li 2010",
    "et": "GroupName",
    "off": 9160,
    "sff": "week"
  },
  {
    "docID": "N165 Li 2010",
    "et": "GroupName",
    "off": 5552,
    "sff": "OECs"
  },
  {
    "docID": "N165 Li 2010",
    "et": "GroupName",
    "off": 10251,
    "sff": "control group"
  },
  {
    "docID": "N165 Li 2010",
    "et": "GroupName",
    "off": 10714,
    "sff": "OECs"
  },
  {
    "docID": "N165 Li 2010",
    "et": "GroupName",
    "off": 11314,
    "sff": "one"
  },
  {
    "docID": "N165 Li 2010",
    "et": "GroupName",
    "off": 12045,
    "sff": "3"
  },
  {
    "docID": "N165 Li 2010",
    "et": "GroupName",
    "off": 7439,
    "sff": "3"
  },
  {
    "docID": "N165 Li 2010",
    "et": "GroupName",
    "off": 9526,
    "sff": "B"
  },
  {
    "docID": "N165 Li 2010",
    "et": "GroupName",
    "off": 4855,
    "sff": "C"
  },
  {
    "docID": "N165 Li 2010",
    "et": "GroupName",
    "off": 7272,
    "sff": "control"
  },
  {
    "docID": "N165 Li 2010",
    "et": "GroupName",
    "off": 8186,
    "sff": "control group"
  },
  {
    "docID": "N165 Li 2010",
    "et": "GroupName",
    "off": 6801,
    "sff": "contusion"
  },
  {
    "docID": "N165 Li 2010",
    "et": "GroupName",
    "off": 4450,
    "sff": "solution"
  },
  {
    "docID": "N165 Li 2010",
    "et": "GroupName",
    "off": 8836,
    "sff": "transplantation"
  },
  {
    "docID": "N165 Li 2010",
    "et": "GroupName",
    "off": 5409,
    "sff": "days"
  },
  {
    "docID": "N165 Li 2010",
    "et": "GroupName",
    "off": 540,
    "sff": "mm"
  }
]
