[
  {
    "docID": "N166 Li 2011",
    "et": "GroupName",
    "off": 15186,
    "sff": "OEC group"
  },
  {
    "docID": "N166 Li 2011",
    "et": "GroupName",
    "off": 13015,
    "sff": "rats"
  },
  {
    "docID": "N166 Li 2011",
    "et": "GroupName",
    "off": 2321,
    "sff": "DMEMinjected animals"
  },
  {
    "docID": "N166 Li 2011",
    "et": "GroupName",
    "off": 22521,
    "sff": "controls"
  },
  {
    "docID": "N166 Li 2011",
    "et": "GroupName",
    "off": 22431,
    "sff": "DMEM injections"
  },
  {
    "docID": "N166 Li 2011",
    "et": "GroupName",
    "off": 14974,
    "sff": "control"
  },
  {
    "docID": "N166 Li 2011",
    "et": "GroupName",
    "off": 22866,
    "sff": "normal"
  },
  {
    "docID": "N166 Li 2011",
    "et": "GroupName",
    "off": 21685,
    "sff": "OEC groups"
  },
  {
    "docID": "N166 Li 2011",
    "et": "GroupName",
    "off": 16900,
    "sff": "DMEM group"
  },
  {
    "docID": "N166 Li 2011",
    "et": "GroupName",
    "off": 16900,
    "sff": "DMEM"
  },
  {
    "docID": "N166 Li 2011",
    "et": "GroupName",
    "off": 23030,
    "sff": "OEC group"
  },
  {
    "docID": "N166 Li 2011",
    "et": "GroupName",
    "off": 15148,
    "sff": "control"
  },
  {
    "docID": "N166 Li 2011",
    "et": "GroupName",
    "off": 16531,
    "sff": "control group"
  },
  {
    "docID": "N166 Li 2011",
    "et": "GroupName",
    "off": 16509,
    "sff": "OEC group"
  },
  {
    "docID": "N166 Li 2011",
    "et": "GroupName",
    "off": 15186,
    "sff": "OEC"
  },
  {
    "docID": "N166 Li 2011",
    "et": "GroupName",
    "off": 21374,
    "sff": "OEC group"
  },
  {
    "docID": "N166 Li 2011",
    "et": "GroupName",
    "off": 19556,
    "sff": "OEC group"
  },
  {
    "docID": "N166 Li 2011",
    "et": "GroupName",
    "off": 1769,
    "sff": "OECs-transplanted"
  },
  {
    "docID": "N166 Li 2011",
    "et": "GroupName",
    "off": 1897,
    "sff": "OECs-rats"
  },
  {
    "docID": "N166 Li 2011",
    "et": "GroupName",
    "off": 16874,
    "sff": "OEC group"
  },
  {
    "docID": "N166 Li 2011",
    "et": "GroupName",
    "off": 16531,
    "sff": "control"
  },
  {
    "docID": "N166 Li 2011",
    "et": "GroupName",
    "off": 15148,
    "sff": "control group"
  },
  {
    "docID": "N166 Li 2011",
    "et": "GroupName",
    "off": 21374,
    "sff": "OEC"
  },
  {
    "docID": "N166 Li 2011",
    "et": "GroupName",
    "off": 16509,
    "sff": "OEC"
  },
  {
    "docID": "N166 Li 2011",
    "et": "GroupName",
    "off": 17438,
    "sff": "normal"
  },
  {
    "docID": "N166 Li 2011",
    "et": "GroupName",
    "off": 23030,
    "sff": "OEC"
  },
  {
    "docID": "N166 Li 2011",
    "et": "GroupName",
    "off": 1769,
    "sff": "OECs-transplanted rats"
  },
  {
    "docID": "N166 Li 2011",
    "et": "GroupName",
    "off": 15004,
    "sff": "OEC group"
  },
  {
    "docID": "N166 Li 2011",
    "et": "GroupName",
    "off": 16885,
    "sff": "C"
  },
  {
    "docID": "N166 Li 2011",
    "et": "GroupName",
    "off": 21919,
    "sff": "OEC group"
  },
  {
    "docID": "N166 Li 2011",
    "et": "GroupName",
    "off": 16874,
    "sff": "OEC"
  },
  {
    "docID": "N166 Li 2011",
    "et": "GroupName",
    "off": 13562,
    "sff": "mm"
  },
  {
    "docID": "N166 Li 2011",
    "et": "GroupName",
    "off": 16265,
    "sff": "OEC group"
  },
  {
    "docID": "N166 Li 2011",
    "et": "GroupName",
    "off": 21166,
    "sff": "control animals"
  },
  {
    "docID": "N166 Li 2011",
    "et": "GroupName",
    "off": 17646,
    "sff": "OEC groups"
  },
  {
    "docID": "N166 Li 2011",
    "et": "GroupName",
    "off": 21919,
    "sff": "OEC"
  },
  {
    "docID": "N166 Li 2011",
    "et": "GroupName",
    "off": 21611,
    "sff": "control"
  },
  {
    "docID": "N166 Li 2011",
    "et": "GroupName",
    "off": 16912,
    "sff": "B"
  },
  {
    "docID": "N166 Li 2011",
    "et": "GroupName",
    "off": 15004,
    "sff": "OEC"
  },
  {
    "docID": "N166 Li 2011",
    "et": "GroupName",
    "off": 9291,
    "sff": "Rats"
  },
  {
    "docID": "N166 Li 2011",
    "et": "GroupName",
    "off": 20230,
    "sff": "OEC groups"
  },
  {
    "docID": "N166 Li 2011",
    "et": "GroupName",
    "off": 21977,
    "sff": "DMEM"
  },
  {
    "docID": "N166 Li 2011",
    "et": "GroupName",
    "off": 1809,
    "sff": "DMEM-injected animals"
  },
  {
    "docID": "N166 Li 2011",
    "et": "GroupName",
    "off": 2053,
    "sff": "OECs-group"
  },
  {
    "docID": "N166 Li 2011",
    "et": "GroupName",
    "off": 22995,
    "sff": "DMEM group"
  },
  {
    "docID": "N166 Li 2011",
    "et": "GroupName",
    "off": 12762,
    "sff": "treatment groups"
  },
  {
    "docID": "N166 Li 2011",
    "et": "GroupName",
    "off": 19666,
    "sff": "DMEM group"
  },
  {
    "docID": "N166 Li 2011",
    "et": "GroupName",
    "off": 16265,
    "sff": "OEC"
  },
  {
    "docID": "N166 Li 2011",
    "et": "GroupName",
    "off": 1924,
    "sff": "DMEM-rats"
  },
  {
    "docID": "N166 Li 2011",
    "et": "GroupName",
    "off": 22995,
    "sff": "DMEM"
  },
  {
    "docID": "N166 Li 2011",
    "et": "GroupName",
    "off": 16235,
    "sff": "control group"
  },
  {
    "docID": "N166 Li 2011",
    "et": "GroupName",
    "off": 21611,
    "sff": "control group"
  },
  {
    "docID": "N166 Li 2011",
    "et": "GroupName",
    "off": 21977,
    "sff": "DMEM group"
  }
]
