[
  {
    "docID": "N167 Li 2012",
    "et": "GroupName",
    "off": 21523,
    "sff": "OECs"
  },
  {
    "docID": "N167 Li 2012",
    "et": "GroupName",
    "off": 21421,
    "sff": "DMEM group"
  },
  {
    "docID": "N167 Li 2012",
    "et": "GroupName",
    "off": 18083,
    "sff": "injection"
  },
  {
    "docID": "N167 Li 2012",
    "et": "GroupName",
    "off": 10849,
    "sff": "PBS"
  },
  {
    "docID": "N167 Li 2012",
    "et": "GroupName",
    "off": 19218,
    "sff": "SCs"
  },
  {
    "docID": "N167 Li 2012",
    "et": "GroupName",
    "off": 19904,
    "sff": "OECs group"
  },
  {
    "docID": "N167 Li 2012",
    "et": "GroupName",
    "off": 18108,
    "sff": "3"
  },
  {
    "docID": "N167 Li 2012",
    "et": "GroupName",
    "off": 21644,
    "sff": "group"
  },
  {
    "docID": "N167 Li 2012",
    "et": "GroupName",
    "off": 16291,
    "sff": "control"
  },
  {
    "docID": "N167 Li 2012",
    "et": "GroupName",
    "off": 14496,
    "sff": "SCs"
  },
  {
    "docID": "N167 Li 2012",
    "et": "GroupName",
    "off": 8426,
    "sff": "control animals"
  },
  {
    "docID": "N167 Li 2012",
    "et": "GroupName",
    "off": 8918,
    "sff": "PBS"
  },
  {
    "docID": "N167 Li 2012",
    "et": "GroupName",
    "off": 8195,
    "sff": "lesion"
  },
  {
    "docID": "N167 Li 2012",
    "et": "GroupName",
    "off": 11626,
    "sff": "animal"
  },
  {
    "docID": "N167 Li 2012",
    "et": "GroupName",
    "off": 295,
    "sff": "cells"
  },
  {
    "docID": "N167 Li 2012",
    "et": "GroupName",
    "off": 18929,
    "sff": "SCs"
  },
  {
    "docID": "N167 Li 2012",
    "et": "GroupName",
    "off": 21639,
    "sff": "DMEM group"
  },
  {
    "docID": "N167 Li 2012",
    "et": "GroupName",
    "off": 19218,
    "sff": "SCs group"
  },
  {
    "docID": "N167 Li 2012",
    "et": "GroupName",
    "off": 16178,
    "sff": "normal"
  },
  {
    "docID": "N167 Li 2012",
    "et": "GroupName",
    "off": 7603,
    "sff": "cord"
  },
  {
    "docID": "N167 Li 2012",
    "et": "GroupName",
    "off": 11912,
    "sff": "treatment groups"
  },
  {
    "docID": "N167 Li 2012",
    "et": "GroupName",
    "off": 287,
    "sff": "Schwann cells"
  },
  {
    "docID": "N167 Li 2012",
    "et": "GroupName",
    "off": 20978,
    "sff": "controls"
  },
  {
    "docID": "N167 Li 2012",
    "et": "GroupName",
    "off": 21523,
    "sff": "OECs group"
  },
  {
    "docID": "N167 Li 2012",
    "et": "GroupName",
    "off": 12135,
    "sff": "group"
  },
  {
    "docID": "N167 Li 2012",
    "et": "GroupName",
    "off": 15496,
    "sff": "SCs"
  },
  {
    "docID": "N167 Li 2012",
    "et": "GroupName",
    "off": 15113,
    "sff": "SCs"
  },
  {
    "docID": "N167 Li 2012",
    "et": "GroupName",
    "off": 20803,
    "sff": "DMEM rats"
  },
  {
    "docID": "N167 Li 2012",
    "et": "GroupName",
    "off": 21581,
    "sff": "SCs"
  },
  {
    "docID": "N167 Li 2012",
    "et": "GroupName",
    "off": 20057,
    "sff": "SCs receiving animals"
  },
  {
    "docID": "N167 Li 2012",
    "et": "GroupName",
    "off": 8805,
    "sff": "saline"
  },
  {
    "docID": "N167 Li 2012",
    "et": "GroupName",
    "off": 19285,
    "sff": "OECs"
  },
  {
    "docID": "N167 Li 2012",
    "et": "GroupName",
    "off": 18929,
    "sff": "SCs group"
  },
  {
    "docID": "N167 Li 2012",
    "et": "GroupName",
    "off": 19927,
    "sff": "SCs"
  },
  {
    "docID": "N167 Li 2012",
    "et": "GroupName",
    "off": 8411,
    "sff": "injection"
  },
  {
    "docID": "N167 Li 2012",
    "et": "GroupName",
    "off": 15496,
    "sff": "SCs group"
  },
  {
    "docID": "N167 Li 2012",
    "et": "GroupName",
    "off": 14177,
    "sff": "SCs"
  },
  {
    "docID": "N167 Li 2012",
    "et": "GroupName",
    "off": 16611,
    "sff": "SCs"
  },
  {
    "docID": "N167 Li 2012",
    "et": "GroupName",
    "off": 15473,
    "sff": "OECs group"
  },
  {
    "docID": "N167 Li 2012",
    "et": "GroupName",
    "off": 15146,
    "sff": "mm"
  },
  {
    "docID": "N167 Li 2012",
    "et": "GroupName",
    "off": 19033,
    "sff": "OECs"
  },
  {
    "docID": "N167 Li 2012",
    "et": "GroupName",
    "off": 16246,
    "sff": "DMEM group"
  },
  {
    "docID": "N167 Li 2012",
    "et": "GroupName",
    "off": 18588,
    "sff": "cord"
  },
  {
    "docID": "N167 Li 2012",
    "et": "GroupName",
    "off": 302,
    "sff": "SCs"
  },
  {
    "docID": "N167 Li 2012",
    "et": "GroupName",
    "off": 19927,
    "sff": "SCs group"
  },
  {
    "docID": "N167 Li 2012",
    "et": "GroupName",
    "off": 15706,
    "sff": "OECs group"
  },
  {
    "docID": "N167 Li 2012",
    "et": "GroupName",
    "off": 2022,
    "sff": "SCI"
  },
  {
    "docID": "N167 Li 2012",
    "et": "GroupName",
    "off": 19033,
    "sff": "OECs group"
  },
  {
    "docID": "N167 Li 2012",
    "et": "GroupName",
    "off": 14670,
    "sff": "injection"
  },
  {
    "docID": "N167 Li 2012",
    "et": "GroupName",
    "off": 333,
    "sff": "cells"
  },
  {
    "docID": "N167 Li 2012",
    "et": "GroupName",
    "off": 19904,
    "sff": "OECs"
  },
  {
    "docID": "N167 Li 2012",
    "et": "GroupName",
    "off": 21470,
    "sff": "SCs group"
  }
]
