[
  {
    "docID": "N168 Li 2016",
    "et": "GroupName",
    "off": 3824,
    "sff": "Group 2"
  },
  {
    "docID": "N168 Li 2016",
    "et": "GroupName",
    "off": 3703,
    "sff": "5"
  },
  {
    "docID": "N168 Li 2016",
    "et": "GroupName",
    "off": 3707,
    "sff": "1"
  },
  {
    "docID": "N168 Li 2016",
    "et": "GroupName",
    "off": 4635,
    "sff": "later"
  },
  {
    "docID": "N168 Li 2016",
    "et": "GroupName",
    "off": 9655,
    "sff": "transplantation"
  },
  {
    "docID": "N168 Li 2016",
    "et": "GroupName",
    "off": 15296,
    "sff": "2"
  },
  {
    "docID": "N168 Li 2016",
    "et": "GroupName",
    "off": 16041,
    "sff": "Group 3"
  },
  {
    "docID": "N168 Li 2016",
    "et": "GroupName",
    "off": 8935,
    "sff": "C"
  },
  {
    "docID": "N168 Li 2016",
    "et": "GroupName",
    "off": 12649,
    "sff": "5"
  },
  {
    "docID": "N168 Li 2016",
    "et": "GroupName",
    "off": 12396,
    "sff": "5"
  },
  {
    "docID": "N168 Li 2016",
    "et": "GroupName",
    "off": 4962,
    "sff": "Animals"
  },
  {
    "docID": "N168 Li 2016",
    "et": "GroupName",
    "off": 16034,
    "sff": "alone"
  },
  {
    "docID": "N168 Li 2016",
    "et": "GroupName",
    "off": 13528,
    "sff": "5"
  },
  {
    "docID": "N168 Li 2016",
    "et": "GroupName",
    "off": 11241,
    "sff": "days"
  },
  {
    "docID": "N168 Li 2016",
    "et": "GroupName",
    "off": 10727,
    "sff": "other"
  },
  {
    "docID": "N168 Li 2016",
    "et": "GroupName",
    "off": 4896,
    "sff": "2"
  },
  {
    "docID": "N168 Li 2016",
    "et": "GroupName",
    "off": 4294,
    "sff": "Group 4"
  },
  {
    "docID": "N168 Li 2016",
    "et": "GroupName",
    "off": 12628,
    "sff": "3"
  },
  {
    "docID": "N168 Li 2016",
    "et": "GroupName",
    "off": 9071,
    "sff": "lesion"
  },
  {
    "docID": "N168 Li 2016",
    "et": "GroupName",
    "off": 4513,
    "sff": "OEC transplants"
  },
  {
    "docID": "N168 Li 2016",
    "et": "GroupName",
    "off": 3725,
    "sff": "4"
  },
  {
    "docID": "N168 Li 2016",
    "et": "GroupName",
    "off": 10319,
    "sff": "1"
  },
  {
    "docID": "N168 Li 2016",
    "et": "GroupName",
    "off": 15952,
    "sff": "lesions"
  },
  {
    "docID": "N168 Li 2016",
    "et": "GroupName",
    "off": 4378,
    "sff": "OEC transplants"
  },
  {
    "docID": "N168 Li 2016",
    "et": "GroupName",
    "off": 3693,
    "sff": "days"
  },
  {
    "docID": "N168 Li 2016",
    "et": "GroupName",
    "off": 3718,
    "sff": "2"
  },
  {
    "docID": "N168 Li 2016",
    "et": "GroupName",
    "off": 14281,
    "sff": "1"
  },
  {
    "docID": "N168 Li 2016",
    "et": "GroupName",
    "off": 9007,
    "sff": "Group 4"
  },
  {
    "docID": "N168 Li 2016",
    "et": "GroupName",
    "off": 6145,
    "sff": "control"
  },
  {
    "docID": "N168 Li 2016",
    "et": "GroupName",
    "off": 6024,
    "sff": "OEC transplants"
  },
  {
    "docID": "N168 Li 2016",
    "et": "GroupName",
    "off": 7321,
    "sff": "cells"
  },
  {
    "docID": "N168 Li 2016",
    "et": "GroupName",
    "off": 9954,
    "sff": "Group 5"
  },
  {
    "docID": "N168 Li 2016",
    "et": "GroupName",
    "off": 3757,
    "sff": "3"
  },
  {
    "docID": "N168 Li 2016",
    "et": "GroupName",
    "off": 14533,
    "sff": "cord"
  },
  {
    "docID": "N168 Li 2016",
    "et": "GroupName",
    "off": 8915,
    "sff": "B"
  },
  {
    "docID": "N168 Li 2016",
    "et": "GroupName",
    "off": 9195,
    "sff": "transplantation"
  },
  {
    "docID": "N168 Li 2016",
    "et": "GroupName",
    "off": 14950,
    "sff": "2"
  },
  {
    "docID": "N168 Li 2016",
    "et": "GroupName",
    "off": 1925,
    "sff": "cells"
  },
  {
    "docID": "N168 Li 2016",
    "et": "GroupName",
    "off": 6054,
    "sff": "5"
  },
  {
    "docID": "N168 Li 2016",
    "et": "GroupName",
    "off": 4431,
    "sff": "Group 5"
  },
  {
    "docID": "N168 Li 2016",
    "et": "GroupName",
    "off": 9419,
    "sff": "Group 5"
  },
  {
    "docID": "N168 Li 2016",
    "et": "GroupName",
    "off": 4894,
    "sff": "5"
  },
  {
    "docID": "N168 Li 2016",
    "et": "GroupName",
    "off": 1320,
    "sff": "lesion"
  },
  {
    "docID": "N168 Li 2016",
    "et": "GroupName",
    "off": 3729,
    "sff": "3"
  },
  {
    "docID": "N168 Li 2016",
    "et": "GroupName",
    "off": 3736,
    "sff": "3"
  },
  {
    "docID": "N168 Li 2016",
    "et": "GroupName",
    "off": 7540,
    "sff": "solution"
  },
  {
    "docID": "N168 Li 2016",
    "et": "GroupName",
    "off": 11917,
    "sff": "5"
  },
  {
    "docID": "N168 Li 2016",
    "et": "GroupName",
    "off": 3714,
    "sff": "5"
  },
  {
    "docID": "N168 Li 2016",
    "et": "GroupName",
    "off": 11528,
    "sff": "3"
  },
  {
    "docID": "N168 Li 2016",
    "et": "GroupName",
    "off": 14237,
    "sff": "cord"
  },
  {
    "docID": "N168 Li 2016",
    "et": "GroupName",
    "off": 3924,
    "sff": "Group 3"
  }
]
