[
  {
    "docID": "N170 Liu 2010",
    "et": "GroupName",
    "off": 11846,
    "sff": "TCG"
  },
  {
    "docID": "N170 Liu 2010",
    "et": "GroupName",
    "off": 781,
    "sff": "transplantation"
  },
  {
    "docID": "N170 Liu 2010",
    "et": "GroupName",
    "off": 12083,
    "sff": "OTG"
  },
  {
    "docID": "N170 Liu 2010",
    "et": "GroupName",
    "off": 12749,
    "sff": "OTG"
  },
  {
    "docID": "N170 Liu 2010",
    "et": "GroupName",
    "off": 12117,
    "sff": "TCG"
  },
  {
    "docID": "N170 Liu 2010",
    "et": "GroupName",
    "off": 351,
    "sff": "OEG"
  },
  {
    "docID": "N170 Liu 2010",
    "et": "GroupName",
    "off": 10869,
    "sff": "IL"
  },
  {
    "docID": "N170 Liu 2010",
    "et": "GroupName",
    "off": 11600,
    "sff": "TCG"
  },
  {
    "docID": "N170 Liu 2010",
    "et": "GroupName",
    "off": 12869,
    "sff": "OTG"
  },
  {
    "docID": "N170 Liu 2010",
    "et": "GroupName",
    "off": 13504,
    "sff": "OTG"
  },
  {
    "docID": "N170 Liu 2010",
    "et": "GroupName",
    "off": 11945,
    "sff": "TCG"
  },
  {
    "docID": "N170 Liu 2010",
    "et": "GroupName",
    "off": 13593,
    "sff": "DCG"
  },
  {
    "docID": "N170 Liu 2010",
    "et": "GroupName",
    "off": 381,
    "sff": "injury"
  },
  {
    "docID": "N170 Liu 2010",
    "et": "GroupName",
    "off": 12952,
    "sff": "DCG"
  },
  {
    "docID": "N170 Liu 2010",
    "et": "GroupName",
    "off": 10535,
    "sff": "TCG"
  },
  {
    "docID": "N170 Liu 2010",
    "et": "GroupName",
    "off": 13458,
    "sff": "DCG"
  },
  {
    "docID": "N170 Liu 2010",
    "et": "GroupName",
    "off": 808,
    "sff": "control groups"
  },
  {
    "docID": "N170 Liu 2010",
    "et": "GroupName",
    "off": 11402,
    "sff": "DCG"
  },
  {
    "docID": "N170 Liu 2010",
    "et": "GroupName",
    "off": 12869,
    "sff": "OTG group"
  },
  {
    "docID": "N170 Liu 2010",
    "et": "GroupName",
    "off": 12974,
    "sff": "OTG"
  },
  {
    "docID": "N170 Liu 2010",
    "et": "GroupName",
    "off": 8494,
    "sff": "surgery"
  },
  {
    "docID": "N170 Liu 2010",
    "et": "GroupName",
    "off": 746,
    "sff": "OEG-treated groups"
  },
  {
    "docID": "N170 Liu 2010",
    "et": "GroupName",
    "off": 8531,
    "sff": "days"
  },
  {
    "docID": "N170 Liu 2010",
    "et": "GroupName",
    "off": 10530,
    "sff": "OTG"
  },
  {
    "docID": "N170 Liu 2010",
    "et": "GroupName",
    "off": 11064,
    "sff": "surgery"
  },
  {
    "docID": "N170 Liu 2010",
    "et": "GroupName",
    "off": 8605,
    "sff": "DCG"
  },
  {
    "docID": "N170 Liu 2010",
    "et": "GroupName",
    "off": 12370,
    "sff": "0"
  },
  {
    "docID": "N170 Liu 2010",
    "et": "GroupName",
    "off": 11705,
    "sff": "DCG"
  },
  {
    "docID": "N170 Liu 2010",
    "et": "GroupName",
    "off": 12935,
    "sff": "TCG"
  },
  {
    "docID": "N170 Liu 2010",
    "et": "GroupName",
    "off": 516,
    "sff": "surgery"
  },
  {
    "docID": "N170 Liu 2010",
    "et": "GroupName",
    "off": 9119,
    "sff": "days"
  },
  {
    "docID": "N170 Liu 2010",
    "et": "GroupName",
    "off": 12721,
    "sff": "DCG"
  },
  {
    "docID": "N170 Liu 2010",
    "et": "GroupName",
    "off": 12626,
    "sff": "groups"
  },
  {
    "docID": "N170 Liu 2010",
    "et": "GroupName",
    "off": 10544,
    "sff": "DCG"
  },
  {
    "docID": "N170 Liu 2010",
    "et": "GroupName",
    "off": 389,
    "sff": "SCI"
  },
  {
    "docID": "N170 Liu 2010",
    "et": "GroupName",
    "off": 8591,
    "sff": "OTG"
  },
  {
    "docID": "N170 Liu 2010",
    "et": "GroupName",
    "off": 600,
    "sff": "controls"
  },
  {
    "docID": "N170 Liu 2010",
    "et": "GroupName",
    "off": 12563,
    "sff": "surgery"
  },
  {
    "docID": "N170 Liu 2010",
    "et": "GroupName",
    "off": 8596,
    "sff": "TCG"
  },
  {
    "docID": "N170 Liu 2010",
    "et": "GroupName",
    "off": 11272,
    "sff": "OTG"
  },
  {
    "docID": "N170 Liu 2010",
    "et": "GroupName",
    "off": 8153,
    "sff": "0"
  },
  {
    "docID": "N170 Liu 2010",
    "et": "GroupName",
    "off": 8474,
    "sff": "surgery"
  },
  {
    "docID": "N170 Liu 2010",
    "et": "GroupName",
    "off": 8204,
    "sff": "normal"
  },
  {
    "docID": "N170 Liu 2010",
    "et": "GroupName",
    "off": 11612,
    "sff": "OTG transplantation group"
  },
  {
    "docID": "N170 Liu 2010",
    "et": "GroupName",
    "off": 13450,
    "sff": "TCG"
  },
  {
    "docID": "N170 Liu 2010",
    "et": "GroupName",
    "off": 5737,
    "sff": "TCG"
  },
  {
    "docID": "N170 Liu 2010",
    "et": "GroupName",
    "off": 5968,
    "sff": "DCG"
  },
  {
    "docID": "N170 Liu 2010",
    "et": "GroupName",
    "off": 12634,
    "sff": "TCG"
  },
  {
    "docID": "N170 Liu 2010",
    "et": "GroupName",
    "off": 5108,
    "sff": "injured"
  },
  {
    "docID": "N170 Liu 2010",
    "et": "GroupName",
    "off": 13042,
    "sff": "control groups"
  },
  {
    "docID": "N170 Liu 2010",
    "et": "GroupName",
    "off": 12647,
    "sff": "OTG"
  },
  {
    "docID": "N170 Liu 2010",
    "et": "GroupName",
    "off": 5346,
    "sff": "OTG"
  }
]
