[
  {
    "docID": "N171 L+¦pez Vales 2007",
    "et": "GroupName",
    "off": 19042,
    "sff": "DM-injected animals"
  },
  {
    "docID": "N171 L+¦pez Vales 2007",
    "et": "GroupName",
    "off": 19699,
    "sff": "control rats"
  },
  {
    "docID": "N171 L+¦pez Vales 2007",
    "et": "GroupName",
    "off": 19205,
    "sff": "2"
  },
  {
    "docID": "N171 L+¦pez Vales 2007",
    "et": "GroupName",
    "off": 22593,
    "sff": "OEC"
  },
  {
    "docID": "N171 L+¦pez Vales 2007",
    "et": "GroupName",
    "off": 21893,
    "sff": "4"
  },
  {
    "docID": "N171 L+¦pez Vales 2007",
    "et": "GroupName",
    "off": 7432,
    "sff": "OECs"
  },
  {
    "docID": "N171 L+¦pez Vales 2007",
    "et": "GroupName",
    "off": 6118,
    "sff": "medium"
  },
  {
    "docID": "N171 L+¦pez Vales 2007",
    "et": "GroupName",
    "off": 6376,
    "sff": "medium"
  },
  {
    "docID": "N171 L+¦pez Vales 2007",
    "et": "GroupName",
    "off": 10951,
    "sff": "injury"
  },
  {
    "docID": "N171 L+¦pez Vales 2007",
    "et": "GroupName",
    "off": 22587,
    "sff": "group OEC"
  },
  {
    "docID": "N171 L+¦pez Vales 2007",
    "et": "GroupName",
    "off": 21178,
    "sff": "group OEC"
  },
  {
    "docID": "N171 L+¦pez Vales 2007",
    "et": "GroupName",
    "off": 17461,
    "sff": "OEC"
  },
  {
    "docID": "N171 L+¦pez Vales 2007",
    "et": "GroupName",
    "off": 17027,
    "sff": "DM"
  },
  {
    "docID": "N171 L+¦pez Vales 2007",
    "et": "GroupName",
    "off": 23611,
    "sff": "tissue"
  },
  {
    "docID": "N171 L+¦pez Vales 2007",
    "et": "GroupName",
    "off": 21184,
    "sff": "OEC"
  },
  {
    "docID": "N171 L+¦pez Vales 2007",
    "et": "GroupName",
    "off": 14066,
    "sff": "0"
  },
  {
    "docID": "N171 L+¦pez Vales 2007",
    "et": "GroupName",
    "off": 22454,
    "sff": "group DM"
  },
  {
    "docID": "N171 L+¦pez Vales 2007",
    "et": "GroupName",
    "off": 15789,
    "sff": "group DM"
  },
  {
    "docID": "N171 L+¦pez Vales 2007",
    "et": "GroupName",
    "off": 16354,
    "sff": "OEC"
  },
  {
    "docID": "N171 L+¦pez Vales 2007",
    "et": "GroupName",
    "off": 16623,
    "sff": "OEC"
  },
  {
    "docID": "N171 L+¦pez Vales 2007",
    "et": "GroupName",
    "off": 12957,
    "sff": "controls"
  },
  {
    "docID": "N171 L+¦pez Vales 2007",
    "et": "GroupName",
    "off": 22417,
    "sff": "DM-injected animals"
  },
  {
    "docID": "N171 L+¦pez Vales 2007",
    "et": "GroupName",
    "off": 8538,
    "sff": "rat"
  },
  {
    "docID": "N171 L+¦pez Vales 2007",
    "et": "GroupName",
    "off": 7743,
    "sff": "10"
  },
  {
    "docID": "N171 L+¦pez Vales 2007",
    "et": "GroupName",
    "off": 16606,
    "sff": "DM"
  },
  {
    "docID": "N171 L+¦pez Vales 2007",
    "et": "GroupName",
    "off": 10422,
    "sff": "values"
  },
  {
    "docID": "N171 L+¦pez Vales 2007",
    "et": "GroupName",
    "off": 16004,
    "sff": "grafting"
  },
  {
    "docID": "N171 L+¦pez Vales 2007",
    "et": "GroupName",
    "off": 17601,
    "sff": "C"
  },
  {
    "docID": "N171 L+¦pez Vales 2007",
    "et": "GroupName",
    "off": 17187,
    "sff": "OECs"
  },
  {
    "docID": "N171 L+¦pez Vales 2007",
    "et": "GroupName",
    "off": 19470,
    "sff": "2"
  },
  {
    "docID": "N171 L+¦pez Vales 2007",
    "et": "GroupName",
    "off": 15954,
    "sff": "DM"
  },
  {
    "docID": "N171 L+¦pez Vales 2007",
    "et": "GroupName",
    "off": 17989,
    "sff": "2"
  },
  {
    "docID": "N171 L+¦pez Vales 2007",
    "et": "GroupName",
    "off": 12126,
    "sff": "saline"
  },
  {
    "docID": "N171 L+¦pez Vales 2007",
    "et": "GroupName",
    "off": 8984,
    "sff": "cord"
  },
  {
    "docID": "N171 L+¦pez Vales 2007",
    "et": "GroupName",
    "off": 16018,
    "sff": "dpo"
  },
  {
    "docID": "N171 L+¦pez Vales 2007",
    "et": "GroupName",
    "off": 19771,
    "sff": "controls"
  },
  {
    "docID": "N171 L+¦pez Vales 2007",
    "et": "GroupName",
    "off": 6332,
    "sff": "F12"
  },
  {
    "docID": "N171 L+¦pez Vales 2007",
    "et": "GroupName",
    "off": 593,
    "sff": "OECs"
  },
  {
    "docID": "N171 L+¦pez Vales 2007",
    "et": "GroupName",
    "off": 15331,
    "sff": "C"
  },
  {
    "docID": "N171 L+¦pez Vales 2007",
    "et": "GroupName",
    "off": 17021,
    "sff": "group DM"
  },
  {
    "docID": "N171 L+¦pez Vales 2007",
    "et": "GroupName",
    "off": 7728,
    "sff": "OEC group"
  },
  {
    "docID": "N171 L+¦pez Vales 2007",
    "et": "GroupName",
    "off": 22460,
    "sff": "DM"
  },
  {
    "docID": "N171 L+¦pez Vales 2007",
    "et": "GroupName",
    "off": 17450,
    "sff": "DM"
  },
  {
    "docID": "N171 L+¦pez Vales 2007",
    "et": "GroupName",
    "off": 16617,
    "sff": "group OEC"
  },
  {
    "docID": "N171 L+¦pez Vales 2007",
    "et": "GroupName",
    "off": 7034,
    "sff": "transection"
  },
  {
    "docID": "N171 L+¦pez Vales 2007",
    "et": "GroupName",
    "off": 7855,
    "sff": "DM group"
  },
  {
    "docID": "N171 L+¦pez Vales 2007",
    "et": "GroupName",
    "off": 7748,
    "sff": "Control animals"
  },
  {
    "docID": "N171 L+¦pez Vales 2007",
    "et": "GroupName",
    "off": 21017,
    "sff": "3"
  },
  {
    "docID": "N171 L+¦pez Vales 2007",
    "et": "GroupName",
    "off": 23315,
    "sff": "5"
  },
  {
    "docID": "N171 L+¦pez Vales 2007",
    "et": "GroupName",
    "off": 21392,
    "sff": "3"
  },
  {
    "docID": "N171 L+¦pez Vales 2007",
    "et": "GroupName",
    "off": 16600,
    "sff": "group DM"
  },
  {
    "docID": "N171 L+¦pez Vales 2007",
    "et": "GroupName",
    "off": 16481,
    "sff": "OEC-transplanted rats"
  }
]
