[
  {
    "docID": "N172 L+¦pez-Vales 2004",
    "et": "GroupName",
    "off": 9643,
    "sff": "cord"
  },
  {
    "docID": "N172 L+¦pez-Vales 2004",
    "et": "GroupName",
    "off": 25097,
    "sff": "OEC groups"
  },
  {
    "docID": "N172 L+¦pez-Vales 2004",
    "et": "GroupName",
    "off": 20489,
    "sff": "OEC"
  },
  {
    "docID": "N172 L+¦pez-Vales 2004",
    "et": "GroupName",
    "off": 22061,
    "sff": "group OEC"
  },
  {
    "docID": "N172 L+¦pez-Vales 2004",
    "et": "GroupName",
    "off": 20228,
    "sff": "OEC"
  },
  {
    "docID": "N172 L+¦pez-Vales 2004",
    "et": "GroupName",
    "off": 10044,
    "sff": "alone"
  },
  {
    "docID": "N172 L+¦pez-Vales 2004",
    "et": "GroupName",
    "off": 10057,
    "sff": "DMEM"
  },
  {
    "docID": "N172 L+¦pez-Vales 2004",
    "et": "GroupName",
    "off": 20734,
    "sff": "OEC"
  },
  {
    "docID": "N172 L+¦pez-Vales 2004",
    "et": "GroupName",
    "off": 21113,
    "sff": "OEC"
  },
  {
    "docID": "N172 L+¦pez-Vales 2004",
    "et": "GroupName",
    "off": 18939,
    "sff": "OEC"
  },
  {
    "docID": "N172 L+¦pez-Vales 2004",
    "et": "GroupName",
    "off": 21230,
    "sff": "OEC groups"
  },
  {
    "docID": "N172 L+¦pez-Vales 2004",
    "et": "GroupName",
    "off": 1176,
    "sff": "DMEM-injected rats"
  },
  {
    "docID": "N172 L+¦pez-Vales 2004",
    "et": "GroupName",
    "off": 19875,
    "sff": "DMEM group"
  },
  {
    "docID": "N172 L+¦pez-Vales 2004",
    "et": "GroupName",
    "off": 27885,
    "sff": "OEC"
  },
  {
    "docID": "N172 L+¦pez-Vales 2004",
    "et": "GroupName",
    "off": 28026,
    "sff": "dpo"
  },
  {
    "docID": "N172 L+¦pez-Vales 2004",
    "et": "GroupName",
    "off": 19304,
    "sff": "surgery"
  },
  {
    "docID": "N172 L+¦pez-Vales 2004",
    "et": "GroupName",
    "off": 21719,
    "sff": "animals"
  },
  {
    "docID": "N172 L+¦pez-Vales 2004",
    "et": "GroupName",
    "off": 19244,
    "sff": "group DMEM"
  },
  {
    "docID": "N172 L+¦pez-Vales 2004",
    "et": "GroupName",
    "off": 20065,
    "sff": "OEC"
  },
  {
    "docID": "N172 L+¦pez-Vales 2004",
    "et": "GroupName",
    "off": 6825,
    "sff": "DMEM"
  },
  {
    "docID": "N172 L+¦pez-Vales 2004",
    "et": "GroupName",
    "off": 1038,
    "sff": "DMEM-injected rats"
  },
  {
    "docID": "N172 L+¦pez-Vales 2004",
    "et": "GroupName",
    "off": 289,
    "sff": "OECs"
  },
  {
    "docID": "N172 L+¦pez-Vales 2004",
    "et": "GroupName",
    "off": 21969,
    "sff": "OEC groups"
  },
  {
    "docID": "N172 L+¦pez-Vales 2004",
    "et": "GroupName",
    "off": 19002,
    "sff": "DMEM group"
  },
  {
    "docID": "N172 L+¦pez-Vales 2004",
    "et": "GroupName",
    "off": 25296,
    "sff": "OEC groups"
  },
  {
    "docID": "N172 L+¦pez-Vales 2004",
    "et": "GroupName",
    "off": 25443,
    "sff": "dpo"
  },
  {
    "docID": "N172 L+¦pez-Vales 2004",
    "et": "GroupName",
    "off": 21714,
    "sff": "DMEM animals"
  },
  {
    "docID": "N172 L+¦pez-Vales 2004",
    "et": "GroupName",
    "off": 19794,
    "sff": "OEC"
  },
  {
    "docID": "N172 L+¦pez-Vales 2004",
    "et": "GroupName",
    "off": 19279,
    "sff": "OEC"
  },
  {
    "docID": "N172 L+¦pez-Vales 2004",
    "et": "GroupName",
    "off": 20815,
    "sff": "OEC"
  },
  {
    "docID": "N172 L+¦pez-Vales 2004",
    "et": "GroupName",
    "off": 28006,
    "sff": "7"
  },
  {
    "docID": "N172 L+¦pez-Vales 2004",
    "et": "GroupName",
    "off": 21511,
    "sff": "OEC rats"
  },
  {
    "docID": "N172 L+¦pez-Vales 2004",
    "et": "GroupName",
    "off": 21107,
    "sff": "group OEC"
  },
  {
    "docID": "N172 L+¦pez-Vales 2004",
    "et": "GroupName",
    "off": 27272,
    "sff": "group DMEM"
  },
  {
    "docID": "N172 L+¦pez-Vales 2004",
    "et": "GroupName",
    "off": 28481,
    "sff": "OEC"
  },
  {
    "docID": "N172 L+¦pez-Vales 2004",
    "et": "GroupName",
    "off": 19210,
    "sff": "control rats"
  },
  {
    "docID": "N172 L+¦pez-Vales 2004",
    "et": "GroupName",
    "off": 25974,
    "sff": "group OEC"
  },
  {
    "docID": "N172 L+¦pez-Vales 2004",
    "et": "GroupName",
    "off": 28866,
    "sff": "OEC"
  },
  {
    "docID": "N172 L+¦pez-Vales 2004",
    "et": "GroupName",
    "off": 24789,
    "sff": "OEC groups"
  },
  {
    "docID": "N172 L+¦pez-Vales 2004",
    "et": "GroupName",
    "off": 6870,
    "sff": "medium"
  },
  {
    "docID": "N172 L+¦pez-Vales 2004",
    "et": "GroupName",
    "off": 9655,
    "sff": "OEC"
  },
  {
    "docID": "N172 L+¦pez-Vales 2004",
    "et": "GroupName",
    "off": 21189,
    "sff": "dpo"
  },
  {
    "docID": "N172 L+¦pez-Vales 2004",
    "et": "GroupName",
    "off": 22067,
    "sff": "OEC"
  },
  {
    "docID": "N172 L+¦pez-Vales 2004",
    "et": "GroupName",
    "off": 22567,
    "sff": "OEC groups"
  },
  {
    "docID": "N172 L+¦pez-Vales 2004",
    "et": "GroupName",
    "off": 25101,
    "sff": "groups"
  },
  {
    "docID": "N172 L+¦pez-Vales 2004",
    "et": "GroupName",
    "off": 8858,
    "sff": "cord"
  },
  {
    "docID": "N172 L+¦pez-Vales 2004",
    "et": "GroupName",
    "off": 19273,
    "sff": "group OEC"
  },
  {
    "docID": "N172 L+¦pez-Vales 2004",
    "et": "GroupName",
    "off": 1256,
    "sff": "OEC-transplanted rats"
  },
  {
    "docID": "N172 L+¦pez-Vales 2004",
    "et": "GroupName",
    "off": 25139,
    "sff": "dpo"
  },
  {
    "docID": "N172 L+¦pez-Vales 2004",
    "et": "GroupName",
    "off": 28327,
    "sff": "OEC"
  },
  {
    "docID": "N172 L+¦pez-Vales 2004",
    "et": "GroupName",
    "off": 24053,
    "sff": "group DMEM"
  },
  {
    "docID": "N172 L+¦pez-Vales 2004",
    "et": "GroupName",
    "off": 20593,
    "sff": "DMEM group"
  }
]
