[
  {
    "docID": "N174 L+¦pez-Vales 2006 3",
    "et": "GroupName",
    "off": 21590,
    "sff": "OECdl"
  },
  {
    "docID": "N174 L+¦pez-Vales 2006 3",
    "et": "GroupName",
    "off": 8478,
    "sff": "DMdl group"
  },
  {
    "docID": "N174 L+¦pez-Vales 2006 3",
    "et": "GroupName",
    "off": 23104,
    "sff": "OECac"
  },
  {
    "docID": "N174 L+¦pez-Vales 2006 3",
    "et": "GroupName",
    "off": 1484,
    "sff": "OEC transplants"
  },
  {
    "docID": "N174 L+¦pez-Vales 2006 3",
    "et": "GroupName",
    "off": 23987,
    "sff": "OECac"
  },
  {
    "docID": "N174 L+¦pez-Vales 2006 3",
    "et": "GroupName",
    "off": 26743,
    "sff": "group OECac"
  },
  {
    "docID": "N174 L+¦pez-Vales 2006 3",
    "et": "GroupName",
    "off": 7096,
    "sff": "F12"
  },
  {
    "docID": "N174 L+¦pez-Vales 2006 3",
    "et": "GroupName",
    "off": 17388,
    "sff": "C"
  },
  {
    "docID": "N174 L+¦pez-Vales 2006 3",
    "et": "GroupName",
    "off": 17368,
    "sff": "experimental group"
  },
  {
    "docID": "N174 L+¦pez-Vales 2006 3",
    "et": "GroupName",
    "off": 21579,
    "sff": "OECac"
  },
  {
    "docID": "N174 L+¦pez-Vales 2006 3",
    "et": "GroupName",
    "off": 30866,
    "sff": "tissue"
  },
  {
    "docID": "N174 L+¦pez-Vales 2006 3",
    "et": "GroupName",
    "off": 26622,
    "sff": "OEC-transplanted animals"
  },
  {
    "docID": "N174 L+¦pez-Vales 2006 3",
    "et": "GroupName",
    "off": 7140,
    "sff": "medium"
  },
  {
    "docID": "N174 L+¦pez-Vales 2006 3",
    "et": "GroupName",
    "off": 8346,
    "sff": "Control animals"
  },
  {
    "docID": "N174 L+¦pez-Vales 2006 3",
    "et": "GroupName",
    "off": 21111,
    "sff": "group OECdl"
  },
  {
    "docID": "N174 L+¦pez-Vales 2006 3",
    "et": "GroupName",
    "off": 8285,
    "sff": "OECac"
  },
  {
    "docID": "N174 L+¦pez-Vales 2006 3",
    "et": "GroupName",
    "off": 8325,
    "sff": "OECdl group"
  },
  {
    "docID": "N174 L+¦pez-Vales 2006 3",
    "et": "GroupName",
    "off": 17747,
    "sff": "DMac"
  },
  {
    "docID": "N174 L+¦pez-Vales 2006 3",
    "et": "GroupName",
    "off": 8325,
    "sff": "OECdl"
  },
  {
    "docID": "N174 L+¦pez-Vales 2006 3",
    "et": "GroupName",
    "off": 8437,
    "sff": "DMac group"
  },
  {
    "docID": "N174 L+¦pez-Vales 2006 3",
    "et": "GroupName",
    "off": 17757,
    "sff": "DMdl"
  },
  {
    "docID": "N174 L+¦pez-Vales 2006 3",
    "et": "GroupName",
    "off": 20834,
    "sff": "group OECac"
  },
  {
    "docID": "N174 L+¦pez-Vales 2006 3",
    "et": "GroupName",
    "off": 17767,
    "sff": "OECac"
  },
  {
    "docID": "N174 L+¦pez-Vales 2006 3",
    "et": "GroupName",
    "off": 23098,
    "sff": "group OECac"
  },
  {
    "docID": "N174 L+¦pez-Vales 2006 3",
    "et": "GroupName",
    "off": 20761,
    "sff": "OECdl"
  },
  {
    "docID": "N174 L+¦pez-Vales 2006 3",
    "et": "GroupName",
    "off": 20736,
    "sff": "DMdl"
  },
  {
    "docID": "N174 L+¦pez-Vales 2006 3",
    "et": "GroupName",
    "off": 17621,
    "sff": "group OECdl"
  },
  {
    "docID": "N174 L+¦pez-Vales 2006 3",
    "et": "GroupName",
    "off": 1476,
    "sff": "delayed OEC transplants"
  },
  {
    "docID": "N174 L+¦pez-Vales 2006 3",
    "et": "GroupName",
    "off": 19923,
    "sff": "group OECdl"
  },
  {
    "docID": "N174 L+¦pez-Vales 2006 3",
    "et": "GroupName",
    "off": 20947,
    "sff": "DM-injected animals"
  },
  {
    "docID": "N174 L+¦pez-Vales 2006 3",
    "et": "GroupName",
    "off": 8994,
    "sff": "rat"
  },
  {
    "docID": "N174 L+¦pez-Vales 2006 3",
    "et": "GroupName",
    "off": 20746,
    "sff": "OECac"
  },
  {
    "docID": "N174 L+¦pez-Vales 2006 3",
    "et": "GroupName",
    "off": 23003,
    "sff": "delayed transplant"
  },
  {
    "docID": "N174 L+¦pez-Vales 2006 3",
    "et": "GroupName",
    "off": 23140,
    "sff": "group OECdl"
  },
  {
    "docID": "N174 L+¦pez-Vales 2006 3",
    "et": "GroupName",
    "off": 16800,
    "sff": "group OECac"
  },
  {
    "docID": "N174 L+¦pez-Vales 2006 3",
    "et": "GroupName",
    "off": 16826,
    "sff": "OECdl"
  },
  {
    "docID": "N174 L+¦pez-Vales 2006 3",
    "et": "GroupName",
    "off": 16820,
    "sff": "group OECdl"
  },
  {
    "docID": "N174 L+¦pez-Vales 2006 3",
    "et": "GroupName",
    "off": 25106,
    "sff": "group OECac"
  },
  {
    "docID": "N174 L+¦pez-Vales 2006 3",
    "et": "GroupName",
    "off": 25112,
    "sff": "OECac"
  },
  {
    "docID": "N174 L+¦pez-Vales 2006 3",
    "et": "GroupName",
    "off": 8285,
    "sff": "OECac group"
  },
  {
    "docID": "N174 L+¦pez-Vales 2006 3",
    "et": "GroupName",
    "off": 25157,
    "sff": "OECdl"
  },
  {
    "docID": "N174 L+¦pez-Vales 2006 3",
    "et": "GroupName",
    "off": 18008,
    "sff": "OEC groups"
  },
  {
    "docID": "N174 L+¦pez-Vales 2006 3",
    "et": "GroupName",
    "off": 13941,
    "sff": "controls"
  },
  {
    "docID": "N174 L+¦pez-Vales 2006 3",
    "et": "GroupName",
    "off": 20726,
    "sff": "DMac"
  },
  {
    "docID": "N174 L+¦pez-Vales 2006 3",
    "et": "GroupName",
    "off": 8437,
    "sff": "DMac"
  },
  {
    "docID": "N174 L+¦pez-Vales 2006 3",
    "et": "GroupName",
    "off": 21806,
    "sff": "OECac"
  },
  {
    "docID": "N174 L+¦pez-Vales 2006 3",
    "et": "GroupName",
    "off": 8478,
    "sff": "DMdl"
  },
  {
    "docID": "N174 L+¦pez-Vales 2006 3",
    "et": "GroupName",
    "off": 20479,
    "sff": "cells"
  },
  {
    "docID": "N174 L+¦pez-Vales 2006 3",
    "et": "GroupName",
    "off": 16608,
    "sff": "DM-injected animals"
  },
  {
    "docID": "N174 L+¦pez-Vales 2006 3",
    "et": "GroupName",
    "off": 27036,
    "sff": "DMdl"
  },
  {
    "docID": "N174 L+¦pez-Vales 2006 3",
    "et": "GroupName",
    "off": 25151,
    "sff": "group OECdl"
  },
  {
    "docID": "N174 L+¦pez-Vales 2006 3",
    "et": "GroupName",
    "off": 24430,
    "sff": "0"
  }
]
