[
  {
    "docID": "N175 L+¦pez-Vales2006 2",
    "et": "GroupName",
    "off": 970,
    "sff": "vehicle"
  },
  {
    "docID": "N175 L+¦pez-Vales2006 2",
    "et": "GroupName",
    "off": 5613,
    "sff": "OEC-AG"
  },
  {
    "docID": "N175 L+¦pez-Vales2006 2",
    "et": "GroupName",
    "off": 11192,
    "sff": "OEC-SS"
  },
  {
    "docID": "N175 L+¦pez-Vales2006 2",
    "et": "GroupName",
    "off": 11005,
    "sff": "DM-AG"
  },
  {
    "docID": "N175 L+¦pez-Vales2006 2",
    "et": "GroupName",
    "off": 12074,
    "sff": "saline"
  },
  {
    "docID": "N175 L+¦pez-Vales2006 2",
    "et": "GroupName",
    "off": 13043,
    "sff": "OEC-AG groups"
  },
  {
    "docID": "N175 L+¦pez-Vales2006 2",
    "et": "GroupName",
    "off": 10068,
    "sff": "OEC-transplanted animals"
  },
  {
    "docID": "N175 L+¦pez-Vales2006 2",
    "et": "GroupName",
    "off": 10611,
    "sff": "OEC-AG"
  },
  {
    "docID": "N175 L+¦pez-Vales2006 2",
    "et": "GroupName",
    "off": 1111,
    "sff": "DM-SS"
  },
  {
    "docID": "N175 L+¦pez-Vales2006 2",
    "et": "GroupName",
    "off": 5353,
    "sff": "group DM-NS"
  },
  {
    "docID": "N175 L+¦pez-Vales2006 2",
    "et": "GroupName",
    "off": 5458,
    "sff": "group DM-AG"
  },
  {
    "docID": "N175 L+¦pez-Vales2006 2",
    "et": "GroupName",
    "off": 14993,
    "sff": "group DM-SS"
  },
  {
    "docID": "N175 L+¦pez-Vales2006 2",
    "et": "GroupName",
    "off": 11808,
    "sff": "OEC-SS"
  },
  {
    "docID": "N175 L+¦pez-Vales2006 2",
    "et": "GroupName",
    "off": 10959,
    "sff": "DM-SS"
  },
  {
    "docID": "N175 L+¦pez-Vales2006 2",
    "et": "GroupName",
    "off": 12042,
    "sff": "transplanted rats injected with saline"
  },
  {
    "docID": "N175 L+¦pez-Vales2006 2",
    "et": "GroupName",
    "off": 10993,
    "sff": "OEC-NS"
  },
  {
    "docID": "N175 L+¦pez-Vales2006 2",
    "et": "GroupName",
    "off": 5464,
    "sff": "DM-AG"
  },
  {
    "docID": "N175 L+¦pez-Vales2006 2",
    "et": "GroupName",
    "off": 12560,
    "sff": "DM-AG groups"
  },
  {
    "docID": "N175 L+¦pez-Vales2006 2",
    "et": "GroupName",
    "off": 5533,
    "sff": "DM-SS"
  },
  {
    "docID": "N175 L+¦pez-Vales2006 2",
    "et": "GroupName",
    "off": 14423,
    "sff": "OEC-AG"
  },
  {
    "docID": "N175 L+¦pez-Vales2006 2",
    "et": "GroupName",
    "off": 10596,
    "sff": "DM-AG"
  },
  {
    "docID": "N175 L+¦pez-Vales2006 2",
    "et": "GroupName",
    "off": 13031,
    "sff": "OEC-NS"
  },
  {
    "docID": "N175 L+¦pez-Vales2006 2",
    "et": "GroupName",
    "off": 13684,
    "sff": "DM-AG groups"
  },
  {
    "docID": "N175 L+¦pez-Vales2006 2",
    "et": "GroupName",
    "off": 10550,
    "sff": "DM-SS"
  },
  {
    "docID": "N175 L+¦pez-Vales2006 2",
    "et": "GroupName",
    "off": 12549,
    "sff": "DM-NS"
  },
  {
    "docID": "N175 L+¦pez-Vales2006 2",
    "et": "GroupName",
    "off": 1091,
    "sff": "OEC-AG"
  },
  {
    "docID": "N175 L+¦pez-Vales2006 2",
    "et": "GroupName",
    "off": 4610,
    "sff": "OEC"
  },
  {
    "docID": "N175 L+¦pez-Vales2006 2",
    "et": "GroupName",
    "off": 10584,
    "sff": "OEC-NS"
  },
  {
    "docID": "N175 L+¦pez-Vales2006 2",
    "et": "GroupName",
    "off": 5625,
    "sff": "OEC-SS"
  },
  {
    "docID": "N175 L+¦pez-Vales2006 2",
    "et": "GroupName",
    "off": 1084,
    "sff": "DM-AG"
  },
  {
    "docID": "N175 L+¦pez-Vales2006 2",
    "et": "GroupName",
    "off": 4533,
    "sff": "DMEM"
  },
  {
    "docID": "N175 L+¦pez-Vales2006 2",
    "et": "GroupName",
    "off": 4604,
    "sff": "group OEC"
  },
  {
    "docID": "N175 L+¦pez-Vales2006 2",
    "et": "GroupName",
    "off": 10982,
    "sff": "DM-NS"
  },
  {
    "docID": "N175 L+¦pez-Vales2006 2",
    "et": "GroupName",
    "off": 953,
    "sff": "OECs"
  },
  {
    "docID": "N175 L+¦pez-Vales2006 2",
    "et": "GroupName",
    "off": 14999,
    "sff": "DM-SS"
  },
  {
    "docID": "N175 L+¦pez-Vales2006 2",
    "et": "GroupName",
    "off": 513,
    "sff": "rat"
  },
  {
    "docID": "N175 L+¦pez-Vales2006 2",
    "et": "GroupName",
    "off": 1118,
    "sff": "OEC-SS"
  },
  {
    "docID": "N175 L+¦pez-Vales2006 2",
    "et": "GroupName",
    "off": 14399,
    "sff": "OEC-NS"
  },
  {
    "docID": "N175 L+¦pez-Vales2006 2",
    "et": "GroupName",
    "off": 13674,
    "sff": "DMNS"
  },
  {
    "docID": "N175 L+¦pez-Vales2006 2",
    "et": "GroupName",
    "off": 5359,
    "sff": "DM-NS"
  },
  {
    "docID": "N175 L+¦pez-Vales2006 2",
    "et": "GroupName",
    "off": 14292,
    "sff": "OEC-AG rats"
  },
  {
    "docID": "N175 L+¦pez-Vales2006 2",
    "et": "GroupName",
    "off": 10970,
    "sff": "OEC-SS"
  },
  {
    "docID": "N175 L+¦pez-Vales2006 2",
    "et": "GroupName",
    "off": 11020,
    "sff": "OEC-AG"
  },
  {
    "docID": "N175 L+¦pez-Vales2006 2",
    "et": "GroupName",
    "off": 13282,
    "sff": "DM-SS"
  },
  {
    "docID": "N175 L+¦pez-Vales2006 2",
    "et": "GroupName",
    "off": 13276,
    "sff": "group DM-SS"
  },
  {
    "docID": "N175 L+¦pez-Vales2006 2",
    "et": "GroupName",
    "off": 1059,
    "sff": "OEC-NS"
  },
  {
    "docID": "N175 L+¦pez-Vales2006 2",
    "et": "GroupName",
    "off": 469,
    "sff": "OEC"
  },
  {
    "docID": "N175 L+¦pez-Vales2006 2",
    "et": "GroupName",
    "off": 5489,
    "sff": "days"
  },
  {
    "docID": "N175 L+¦pez-Vales2006 2",
    "et": "GroupName",
    "off": 14451,
    "sff": "group OEC-SS"
  },
  {
    "docID": "N175 L+¦pez-Vales2006 2",
    "et": "GroupName",
    "off": 4527,
    "sff": "group DMEM"
  },
  {
    "docID": "N175 L+¦pez-Vales2006 2",
    "et": "GroupName",
    "off": 10561,
    "sff": "OEC-SS"
  },
  {
    "docID": "N175 L+¦pez-Vales2006 2",
    "et": "GroupName",
    "off": 10573,
    "sff": "DM-NS"
  }
]
