[
  {
    "docID": "N177 Luo 2013",
    "et": "GroupName",
    "off": 13074,
    "sff": "NSCs"
  },
  {
    "docID": "N177 Luo 2013",
    "et": "GroupName",
    "off": 1547,
    "sff": "cells"
  },
  {
    "docID": "N177 Luo 2013",
    "et": "GroupName",
    "off": 10892,
    "sff": "grafts"
  },
  {
    "docID": "N177 Luo 2013",
    "et": "GroupName",
    "off": 10003,
    "sff": "NSCs"
  },
  {
    "docID": "N177 Luo 2013",
    "et": "GroupName",
    "off": 1148,
    "sff": "cells"
  },
  {
    "docID": "N177 Luo 2013",
    "et": "GroupName",
    "off": 12858,
    "sff": "OECs group"
  },
  {
    "docID": "N177 Luo 2013",
    "et": "GroupName",
    "off": 1348,
    "sff": "cords"
  },
  {
    "docID": "N177 Luo 2013",
    "et": "GroupName",
    "off": 11132,
    "sff": "grafts"
  },
  {
    "docID": "N177 Luo 2013",
    "et": "GroupName",
    "off": 9920,
    "sff": "B"
  },
  {
    "docID": "N177 Luo 2013",
    "et": "GroupName",
    "off": 13416,
    "sff": "SCT one"
  },
  {
    "docID": "N177 Luo 2013",
    "et": "GroupName",
    "off": 15149,
    "sff": "orOECs transplantation rats"
  },
  {
    "docID": "N177 Luo 2013",
    "et": "GroupName",
    "off": 14062,
    "sff": "OECs transplanta-tion group"
  },
  {
    "docID": "N177 Luo 2013",
    "et": "GroupName",
    "off": 5331,
    "sff": "days"
  },
  {
    "docID": "N177 Luo 2013",
    "et": "GroupName",
    "off": 3066,
    "sff": "NSCs"
  },
  {
    "docID": "N177 Luo 2013",
    "et": "GroupName",
    "off": 1554,
    "sff": "OECs"
  },
  {
    "docID": "N177 Luo 2013",
    "et": "GroupName",
    "off": 14461,
    "sff": "cells"
  },
  {
    "docID": "N177 Luo 2013",
    "et": "GroupName",
    "off": 15743,
    "sff": "OECs"
  },
  {
    "docID": "N177 Luo 2013",
    "et": "GroupName",
    "off": 6925,
    "sff": "medium"
  },
  {
    "docID": "N177 Luo 2013",
    "et": "GroupName",
    "off": 6082,
    "sff": "experimental groups"
  },
  {
    "docID": "N177 Luo 2013",
    "et": "GroupName",
    "off": 11793,
    "sff": "medium"
  },
  {
    "docID": "N177 Luo 2013",
    "et": "GroupName",
    "off": 14690,
    "sff": "transplanted group"
  },
  {
    "docID": "N177 Luo 2013",
    "et": "GroupName",
    "off": 1155,
    "sff": "NSCs"
  },
  {
    "docID": "N177 Luo 2013",
    "et": "GroupName",
    "off": 7521,
    "sff": "week"
  },
  {
    "docID": "N177 Luo 2013",
    "et": "GroupName",
    "off": 6005,
    "sff": "Animals"
  },
  {
    "docID": "N177 Luo 2013",
    "et": "GroupName",
    "off": 11675,
    "sff": "B"
  },
  {
    "docID": "N177 Luo 2013",
    "et": "GroupName",
    "off": 885,
    "sff": "injury"
  },
  {
    "docID": "N177 Luo 2013",
    "et": "GroupName",
    "off": 11104,
    "sff": "control group"
  },
  {
    "docID": "N177 Luo 2013",
    "et": "GroupName",
    "off": 15620,
    "sff": "level"
  },
  {
    "docID": "N177 Luo 2013",
    "et": "GroupName",
    "off": 15409,
    "sff": "co-transplantation group"
  },
  {
    "docID": "N177 Luo 2013",
    "et": "GroupName",
    "off": 10398,
    "sff": "alone"
  },
  {
    "docID": "N177 Luo 2013",
    "et": "GroupName",
    "off": 6721,
    "sff": "transection"
  },
  {
    "docID": "N177 Luo 2013",
    "et": "GroupName",
    "off": 13658,
    "sff": "sham group"
  },
  {
    "docID": "N177 Luo 2013",
    "et": "GroupName",
    "off": 11751,
    "sff": "NSCs"
  },
  {
    "docID": "N177 Luo 2013",
    "et": "GroupName",
    "off": 15469,
    "sff": "NSCs group"
  },
  {
    "docID": "N177 Luo 2013",
    "et": "GroupName",
    "off": 13967,
    "sff": "SCT"
  },
  {
    "docID": "N177 Luo 2013",
    "et": "GroupName",
    "off": 15715,
    "sff": "co-transplantation"
  },
  {
    "docID": "N177 Luo 2013",
    "et": "GroupName",
    "off": 13157,
    "sff": "NSCs"
  },
  {
    "docID": "N177 Luo 2013",
    "et": "GroupName",
    "off": 2398,
    "sff": "SCI"
  },
  {
    "docID": "N177 Luo 2013",
    "et": "GroupName",
    "off": 15286,
    "sff": "B"
  },
  {
    "docID": "N177 Luo 2013",
    "et": "GroupName",
    "off": 2390,
    "sff": "injury"
  },
  {
    "docID": "N177 Luo 2013",
    "et": "GroupName",
    "off": 12617,
    "sff": "OECs group"
  },
  {
    "docID": "N177 Luo 2013",
    "et": "GroupName",
    "off": 13658,
    "sff": "sham"
  },
  {
    "docID": "N177 Luo 2013",
    "et": "GroupName",
    "off": 15096,
    "sff": "co-transplantation"
  },
  {
    "docID": "N177 Luo 2013",
    "et": "GroupName",
    "off": 7423,
    "sff": "1"
  },
  {
    "docID": "N177 Luo 2013",
    "et": "GroupName",
    "off": 13340,
    "sff": "one"
  },
  {
    "docID": "N177 Luo 2013",
    "et": "GroupName",
    "off": 13539,
    "sff": "OECs transplantationgroup"
  },
  {
    "docID": "N177 Luo 2013",
    "et": "GroupName",
    "off": 9972,
    "sff": "C"
  },
  {
    "docID": "N177 Luo 2013",
    "et": "GroupName",
    "off": 8590,
    "sff": "test"
  },
  {
    "docID": "N177 Luo 2013",
    "et": "GroupName",
    "off": 13911,
    "sff": "SCT rats"
  },
  {
    "docID": "N177 Luo 2013",
    "et": "GroupName",
    "off": 11104,
    "sff": "control"
  },
  {
    "docID": "N177 Luo 2013",
    "et": "GroupName",
    "off": 13335,
    "sff": "sham one"
  },
  {
    "docID": "N177 Luo 2013",
    "et": "GroupName",
    "off": 893,
    "sff": "SCI"
  }
]
