[
  {
    "docID": "N179 Masgutova 2010",
    "et": "GroupName",
    "off": 11798,
    "sff": "Schwann cells"
  },
  {
    "docID": "N179 Masgutova 2010",
    "et": "GroupName",
    "off": 7402,
    "sff": "experimental group"
  },
  {
    "docID": "N179 Masgutova 2010",
    "et": "GroupName",
    "off": 8050,
    "sff": "experimental group"
  },
  {
    "docID": "N179 Masgutova 2010",
    "et": "GroupName",
    "off": 5571,
    "sff": "site"
  },
  {
    "docID": "N179 Masgutova 2010",
    "et": "GroupName",
    "off": 7382,
    "sff": "control"
  },
  {
    "docID": "N179 Masgutova 2010",
    "et": "GroupName",
    "off": 4455,
    "sff": "animals"
  },
  {
    "docID": "N179 Masgutova 2010",
    "et": "GroupName",
    "off": 7428,
    "sff": "3"
  },
  {
    "docID": "N179 Masgutova 2010",
    "et": "GroupName",
    "off": 7276,
    "sff": "control values"
  },
  {
    "docID": "N179 Masgutova 2010",
    "et": "GroupName",
    "off": 7085,
    "sff": "site"
  },
  {
    "docID": "N179 Masgutova 2010",
    "et": "GroupName",
    "off": 5736,
    "sff": "intervention"
  },
  {
    "docID": "N179 Masgutova 2010",
    "et": "GroupName",
    "off": 7656,
    "sff": "control"
  },
  {
    "docID": "N179 Masgutova 2010",
    "et": "GroupName",
    "off": 7284,
    "sff": "values"
  },
  {
    "docID": "N179 Masgutova 2010",
    "et": "GroupName",
    "off": 8248,
    "sff": "1"
  },
  {
    "docID": "N179 Masgutova 2010",
    "et": "GroupName",
    "off": 7305,
    "sff": "injection"
  },
  {
    "docID": "N179 Masgutova 2010",
    "et": "GroupName",
    "off": 4802,
    "sff": "test"
  },
  {
    "docID": "N179 Masgutova 2010",
    "et": "GroupName",
    "off": 10092,
    "sff": "4"
  },
  {
    "docID": "N179 Masgutova 2010",
    "et": "GroupName",
    "off": 8047,
    "sff": "2"
  },
  {
    "docID": "N179 Masgutova 2010",
    "et": "GroupName",
    "off": 7767,
    "sff": "level"
  },
  {
    "docID": "N179 Masgutova 2010",
    "et": "GroupName",
    "off": 701,
    "sff": "test"
  },
  {
    "docID": "N179 Masgutova 2010",
    "et": "GroupName",
    "off": 11787,
    "sff": "cells"
  },
  {
    "docID": "N179 Masgutova 2010",
    "et": "GroupName",
    "off": 8202,
    "sff": "cells"
  },
  {
    "docID": "N179 Masgutova 2010",
    "et": "GroupName",
    "off": 7527,
    "sff": "2"
  },
  {
    "docID": "N179 Masgutova 2010",
    "et": "GroupName",
    "off": 9501,
    "sff": "3"
  },
  {
    "docID": "N179 Masgutova 2010",
    "et": "GroupName",
    "off": 4990,
    "sff": "control animals"
  },
  {
    "docID": "N179 Masgutova 2010",
    "et": "GroupName",
    "off": 564,
    "sff": "cord"
  },
  {
    "docID": "N179 Masgutova 2010",
    "et": "GroupName",
    "off": 8235,
    "sff": "damage"
  },
  {
    "docID": "N179 Masgutova 2010",
    "et": "GroupName",
    "off": 4812,
    "sff": "test"
  },
  {
    "docID": "N179 Masgutova 2010",
    "et": "GroupName",
    "off": 7317,
    "sff": "2"
  },
  {
    "docID": "N179 Masgutova 2010",
    "et": "GroupName",
    "off": 7511,
    "sff": "1"
  },
  {
    "docID": "N179 Masgutova 2010",
    "et": "GroupName",
    "off": 7346,
    "sff": "injection"
  },
  {
    "docID": "N179 Masgutova 2010",
    "et": "GroupName",
    "off": 8027,
    "sff": "damage"
  },
  {
    "docID": "N179 Masgutova 2010",
    "et": "GroupName",
    "off": 941,
    "sff": "cells"
  },
  {
    "docID": "N179 Masgutova 2010",
    "et": "GroupName",
    "off": 7026,
    "sff": "days"
  },
  {
    "docID": "N179 Masgutova 2010",
    "et": "GroupName",
    "off": 6466,
    "sff": "damage"
  },
  {
    "docID": "N179 Masgutova 2010",
    "et": "GroupName",
    "off": 7333,
    "sff": "values"
  },
  {
    "docID": "N179 Masgutova 2010",
    "et": "GroupName",
    "off": 7925,
    "sff": "test"
  },
  {
    "docID": "N179 Masgutova 2010",
    "et": "GroupName",
    "off": 4596,
    "sff": "side"
  },
  {
    "docID": "N179 Masgutova 2010",
    "et": "GroupName",
    "off": 5044,
    "sff": "intervention"
  },
  {
    "docID": "N179 Masgutova 2010",
    "et": "GroupName",
    "off": 4436,
    "sff": "experimental group animals"
  },
  {
    "docID": "N179 Masgutova 2010",
    "et": "GroupName",
    "off": 10964,
    "sff": "cord"
  },
  {
    "docID": "N179 Masgutova 2010",
    "et": "GroupName",
    "off": 11806,
    "sff": "cells"
  },
  {
    "docID": "N179 Masgutova 2010",
    "et": "GroupName",
    "off": 4602,
    "sff": "Control animals"
  },
  {
    "docID": "N179 Masgutova 2010",
    "et": "GroupName",
    "off": 10070,
    "sff": "control animals"
  },
  {
    "docID": "N179 Masgutova 2010",
    "et": "GroupName",
    "off": 9787,
    "sff": "experimental animals"
  },
  {
    "docID": "N179 Masgutova 2010",
    "et": "GroupName",
    "off": 10494,
    "sff": "lesions"
  },
  {
    "docID": "N179 Masgutova 2010",
    "et": "GroupName",
    "off": 4436,
    "sff": "experimental group"
  },
  {
    "docID": "N179 Masgutova 2010",
    "et": "GroupName",
    "off": 7935,
    "sff": "test"
  },
  {
    "docID": "N179 Masgutova 2010",
    "et": "GroupName",
    "off": 9316,
    "sff": "3"
  },
  {
    "docID": "N179 Masgutova 2010",
    "et": "GroupName",
    "off": 7273,
    "sff": "1"
  },
  {
    "docID": "N179 Masgutova 2010",
    "et": "GroupName",
    "off": 4436,
    "sff": "experimental"
  },
  {
    "docID": "N179 Masgutova 2010",
    "et": "GroupName",
    "off": 8035,
    "sff": "1"
  }
]
