[
  {
    "docID": "N180 Mayeur 2013",
    "et": "GroupName",
    "off": 26991,
    "sff": "Md group"
  },
  {
    "docID": "N180 Mayeur 2013",
    "et": "GroupName",
    "off": 13288,
    "sff": "days"
  },
  {
    "docID": "N180 Mayeur 2013",
    "et": "GroupName",
    "off": 29084,
    "sff": "Primary OB"
  },
  {
    "docID": "N180 Mayeur 2013",
    "et": "GroupName",
    "off": 14290,
    "sff": "Primary OM"
  },
  {
    "docID": "N180 Mayeur 2013",
    "et": "GroupName",
    "off": 29116,
    "sff": "Purified OB"
  },
  {
    "docID": "N180 Mayeur 2013",
    "et": "GroupName",
    "off": 13117,
    "sff": "cells"
  },
  {
    "docID": "N180 Mayeur 2013",
    "et": "GroupName",
    "off": 6409,
    "sff": "OM"
  },
  {
    "docID": "N180 Mayeur 2013",
    "et": "GroupName",
    "off": 29172,
    "sff": "treated animals"
  },
  {
    "docID": "N180 Mayeur 2013",
    "et": "GroupName",
    "off": 14448,
    "sff": "OB"
  },
  {
    "docID": "N180 Mayeur 2013",
    "et": "GroupName",
    "off": 14272,
    "sff": "OM-treated group"
  },
  {
    "docID": "N180 Mayeur 2013",
    "et": "GroupName",
    "off": 28048,
    "sff": "treated group"
  },
  {
    "docID": "N180 Mayeur 2013",
    "et": "GroupName",
    "off": 30739,
    "sff": "Md treated group"
  },
  {
    "docID": "N180 Mayeur 2013",
    "et": "GroupName",
    "off": 30742,
    "sff": "treated group"
  },
  {
    "docID": "N180 Mayeur 2013",
    "et": "GroupName",
    "off": 14621,
    "sff": "OM"
  },
  {
    "docID": "N180 Mayeur 2013",
    "et": "GroupName",
    "off": 6377,
    "sff": "OB"
  },
  {
    "docID": "N180 Mayeur 2013",
    "et": "GroupName",
    "off": 28045,
    "sff": "Md treated group"
  },
  {
    "docID": "N180 Mayeur 2013",
    "et": "GroupName",
    "off": 32996,
    "sff": "treated animals"
  },
  {
    "docID": "N180 Mayeur 2013",
    "et": "GroupName",
    "off": 29982,
    "sff": "treated group"
  },
  {
    "docID": "N180 Mayeur 2013",
    "et": "GroupName",
    "off": 14044,
    "sff": "Md"
  },
  {
    "docID": "N180 Mayeur 2013",
    "et": "GroupName",
    "off": 29383,
    "sff": "treated animals"
  },
  {
    "docID": "N180 Mayeur 2013",
    "et": "GroupName",
    "off": 13989,
    "sff": "10"
  },
  {
    "docID": "N180 Mayeur 2013",
    "et": "GroupName",
    "off": 27878,
    "sff": "Md treated group"
  },
  {
    "docID": "N180 Mayeur 2013",
    "et": "GroupName",
    "off": 32993,
    "sff": "Md treated animals"
  },
  {
    "docID": "N180 Mayeur 2013",
    "et": "GroupName",
    "off": 20848,
    "sff": "control animals"
  },
  {
    "docID": "N180 Mayeur 2013",
    "et": "GroupName",
    "off": 14156,
    "sff": "OB"
  },
  {
    "docID": "N180 Mayeur 2013",
    "et": "GroupName",
    "off": 29160,
    "sff": "Purified OM treated animals"
  },
  {
    "docID": "N180 Mayeur 2013",
    "et": "GroupName",
    "off": 13030,
    "sff": "cells"
  },
  {
    "docID": "N180 Mayeur 2013",
    "et": "GroupName",
    "off": 14755,
    "sff": "Control animals"
  },
  {
    "docID": "N180 Mayeur 2013",
    "et": "GroupName",
    "off": 25656,
    "sff": "Md"
  },
  {
    "docID": "N180 Mayeur 2013",
    "et": "GroupName",
    "off": 6961,
    "sff": "Md"
  },
  {
    "docID": "N180 Mayeur 2013",
    "et": "GroupName",
    "off": 27881,
    "sff": "treated group"
  },
  {
    "docID": "N180 Mayeur 2013",
    "et": "GroupName",
    "off": 14030,
    "sff": "Medium group"
  },
  {
    "docID": "N180 Mayeur 2013",
    "et": "GroupName",
    "off": 30522,
    "sff": "scar"
  },
  {
    "docID": "N180 Mayeur 2013",
    "et": "GroupName",
    "off": 6381,
    "sff": "Primary OB"
  },
  {
    "docID": "N180 Mayeur 2013",
    "et": "GroupName",
    "off": 12938,
    "sff": "cells"
  },
  {
    "docID": "N180 Mayeur 2013",
    "et": "GroupName",
    "off": 6486,
    "sff": "Purified OB"
  },
  {
    "docID": "N180 Mayeur 2013",
    "et": "GroupName",
    "off": 33222,
    "sff": "control"
  },
  {
    "docID": "N180 Mayeur 2013",
    "et": "GroupName",
    "off": 22820,
    "sff": "C"
  },
  {
    "docID": "N180 Mayeur 2013",
    "et": "GroupName",
    "off": 25664,
    "sff": "Primary OB"
  },
  {
    "docID": "N180 Mayeur 2013",
    "et": "GroupName",
    "off": 29979,
    "sff": "Md treated group"
  },
  {
    "docID": "N180 Mayeur 2013",
    "et": "GroupName",
    "off": 14130,
    "sff": "OB-treated group"
  },
  {
    "docID": "N180 Mayeur 2013",
    "et": "GroupName",
    "off": 6389,
    "sff": "OB"
  },
  {
    "docID": "N180 Mayeur 2013",
    "et": "GroupName",
    "off": 14148,
    "sff": "Primary OB"
  },
  {
    "docID": "N180 Mayeur 2013",
    "et": "GroupName",
    "off": 14612,
    "sff": "Purified OM"
  },
  {
    "docID": "N180 Mayeur 2013",
    "et": "GroupName",
    "off": 12851,
    "sff": "cells"
  },
  {
    "docID": "N180 Mayeur 2013",
    "et": "GroupName",
    "off": 33004,
    "sff": "animals"
  },
  {
    "docID": "N180 Mayeur 2013",
    "et": "GroupName",
    "off": 6558,
    "sff": "Purified OM"
  },
  {
    "docID": "N180 Mayeur 2013",
    "et": "GroupName",
    "off": 6401,
    "sff": "Primary OM"
  },
  {
    "docID": "N180 Mayeur 2013",
    "et": "GroupName",
    "off": 14439,
    "sff": "Purified OB"
  },
  {
    "docID": "N180 Mayeur 2013",
    "et": "GroupName",
    "off": 25643,
    "sff": "control"
  },
  {
    "docID": "N180 Mayeur 2013",
    "et": "GroupName",
    "off": 26737,
    "sff": "Md group"
  },
  {
    "docID": "N180 Mayeur 2013",
    "et": "GroupName",
    "off": 22603,
    "sff": "10"
  },
  {
    "docID": "N180 Mayeur 2013",
    "et": "GroupName",
    "off": 29372,
    "sff": "Primary OM treated animals"
  }
]
