[
  {
    "docID": "N183 Moreno-Flores 2006",
    "et": "GroupName",
    "off": 12325,
    "sff": "treated rats"
  },
  {
    "docID": "N183 Moreno-Flores 2006",
    "et": "GroupName",
    "off": 23616,
    "sff": "test"
  },
  {
    "docID": "N183 Moreno-Flores 2006",
    "et": "GroupName",
    "off": 21958,
    "sff": "test"
  },
  {
    "docID": "N183 Moreno-Flores 2006",
    "et": "GroupName",
    "off": 23181,
    "sff": "unlesioned control animals"
  },
  {
    "docID": "N183 Moreno-Flores 2006",
    "et": "GroupName",
    "off": 33744,
    "sff": "10"
  },
  {
    "docID": "N183 Moreno-Flores 2006",
    "et": "GroupName",
    "off": 11850,
    "sff": "transplant"
  },
  {
    "docID": "N183 Moreno-Flores 2006",
    "et": "GroupName",
    "off": 24273,
    "sff": "controls"
  },
  {
    "docID": "N183 Moreno-Flores 2006",
    "et": "GroupName",
    "off": 37095,
    "sff": "lesion"
  },
  {
    "docID": "N183 Moreno-Flores 2006",
    "et": "GroupName",
    "off": 38161,
    "sff": "TEG3"
  },
  {
    "docID": "N183 Moreno-Flores 2006",
    "et": "GroupName",
    "off": 35315,
    "sff": "BrdU"
  },
  {
    "docID": "N183 Moreno-Flores 2006",
    "et": "GroupName",
    "off": 11616,
    "sff": "test"
  },
  {
    "docID": "N183 Moreno-Flores 2006",
    "et": "GroupName",
    "off": 38035,
    "sff": "control group"
  },
  {
    "docID": "N183 Moreno-Flores 2006",
    "et": "GroupName",
    "off": 24151,
    "sff": "test"
  },
  {
    "docID": "N183 Moreno-Flores 2006",
    "et": "GroupName",
    "off": 7012,
    "sff": "4"
  },
  {
    "docID": "N183 Moreno-Flores 2006",
    "et": "GroupName",
    "off": 24262,
    "sff": "unlesioned controls"
  },
  {
    "docID": "N183 Moreno-Flores 2006",
    "et": "GroupName",
    "off": 13590,
    "sff": "medium"
  },
  {
    "docID": "N183 Moreno-Flores 2006",
    "et": "GroupName",
    "off": 7755,
    "sff": "only"
  },
  {
    "docID": "N183 Moreno-Flores 2006",
    "et": "GroupName",
    "off": 21444,
    "sff": "mock-transplanted animals"
  },
  {
    "docID": "N183 Moreno-Flores 2006",
    "et": "GroupName",
    "off": 23192,
    "sff": "control animals"
  },
  {
    "docID": "N183 Moreno-Flores 2006",
    "et": "GroupName",
    "off": 24615,
    "sff": "transplanted group"
  },
  {
    "docID": "N183 Moreno-Flores 2006",
    "et": "GroupName",
    "off": 36871,
    "sff": "mock-transplanted animals"
  },
  {
    "docID": "N183 Moreno-Flores 2006",
    "et": "GroupName",
    "off": 13323,
    "sff": "test"
  },
  {
    "docID": "N183 Moreno-Flores 2006",
    "et": "GroupName",
    "off": 34006,
    "sff": "animals"
  },
  {
    "docID": "N183 Moreno-Flores 2006",
    "et": "GroupName",
    "off": 23042,
    "sff": "test"
  },
  {
    "docID": "N183 Moreno-Flores 2006",
    "et": "GroupName",
    "off": 33726,
    "sff": "2"
  },
  {
    "docID": "N183 Moreno-Flores 2006",
    "et": "GroupName",
    "off": 37918,
    "sff": "transplant"
  },
  {
    "docID": "N183 Moreno-Flores 2006",
    "et": "GroupName",
    "off": 10856,
    "sff": "C"
  },
  {
    "docID": "N183 Moreno-Flores 2006",
    "et": "GroupName",
    "off": 12260,
    "sff": "animals"
  },
  {
    "docID": "N183 Moreno-Flores 2006",
    "et": "GroupName",
    "off": 33641,
    "sff": "cells"
  },
  {
    "docID": "N183 Moreno-Flores 2006",
    "et": "GroupName",
    "off": 24076,
    "sff": "vehicle"
  },
  {
    "docID": "N183 Moreno-Flores 2006",
    "et": "GroupName",
    "off": 33737,
    "sff": "4"
  },
  {
    "docID": "N183 Moreno-Flores 2006",
    "et": "GroupName",
    "off": 33185,
    "sff": "DMEM"
  },
  {
    "docID": "N183 Moreno-Flores 2006",
    "et": "GroupName",
    "off": 16197,
    "sff": "4"
  },
  {
    "docID": "N183 Moreno-Flores 2006",
    "et": "GroupName",
    "off": 36671,
    "sff": "lesion"
  },
  {
    "docID": "N183 Moreno-Flores 2006",
    "et": "GroupName",
    "off": 8869,
    "sff": "DMEM"
  },
  {
    "docID": "N183 Moreno-Flores 2006",
    "et": "GroupName",
    "off": 846,
    "sff": "TEG3"
  },
  {
    "docID": "N183 Moreno-Flores 2006",
    "et": "GroupName",
    "off": 36820,
    "sff": "within"
  },
  {
    "docID": "N183 Moreno-Flores 2006",
    "et": "GroupName",
    "off": 650,
    "sff": "OEG"
  },
  {
    "docID": "N183 Moreno-Flores 2006",
    "et": "GroupName",
    "off": 12950,
    "sff": "controls"
  },
  {
    "docID": "N183 Moreno-Flores 2006",
    "et": "GroupName",
    "off": 23455,
    "sff": "test"
  },
  {
    "docID": "N183 Moreno-Flores 2006",
    "et": "GroupName",
    "off": 23540,
    "sff": "control rats"
  },
  {
    "docID": "N183 Moreno-Flores 2006",
    "et": "GroupName",
    "off": 7031,
    "sff": "10"
  },
  {
    "docID": "N183 Moreno-Flores 2006",
    "et": "GroupName",
    "off": 33541,
    "sff": "animals"
  },
  {
    "docID": "N183 Moreno-Flores 2006",
    "et": "GroupName",
    "off": 6721,
    "sff": "injection"
  },
  {
    "docID": "N183 Moreno-Flores 2006",
    "et": "GroupName",
    "off": 20572,
    "sff": "5"
  },
  {
    "docID": "N183 Moreno-Flores 2006",
    "et": "GroupName",
    "off": 7747,
    "sff": "vehicle only"
  },
  {
    "docID": "N183 Moreno-Flores 2006",
    "et": "GroupName",
    "off": 24043,
    "sff": "mock-transplanted rats"
  },
  {
    "docID": "N183 Moreno-Flores 2006",
    "et": "GroupName",
    "off": 9448,
    "sff": "mock-transplanted rats"
  },
  {
    "docID": "N183 Moreno-Flores 2006",
    "et": "GroupName",
    "off": 24483,
    "sff": "controls"
  },
  {
    "docID": "N183 Moreno-Flores 2006",
    "et": "GroupName",
    "off": 12545,
    "sff": "control rats"
  },
  {
    "docID": "N183 Moreno-Flores 2006",
    "et": "GroupName",
    "off": 34113,
    "sff": "cells"
  },
  {
    "docID": "N183 Moreno-Flores 2006",
    "et": "GroupName",
    "off": 38277,
    "sff": "only"
  }
]
