[
  {
    "docID": "N184 Moriwaki 2014",
    "et": "GroupName",
    "off": 13460,
    "sff": "RM"
  },
  {
    "docID": "N184 Moriwaki 2014",
    "et": "GroupName",
    "off": 21958,
    "sff": "OM tissue rats"
  },
  {
    "docID": "N184 Moriwaki 2014",
    "et": "GroupName",
    "off": 2663,
    "sff": "SCI"
  },
  {
    "docID": "N184 Moriwaki 2014",
    "et": "GroupName",
    "off": 16448,
    "sff": "EGFP"
  },
  {
    "docID": "N184 Moriwaki 2014",
    "et": "GroupName",
    "off": 15027,
    "sff": "OM"
  },
  {
    "docID": "N184 Moriwaki 2014",
    "et": "GroupName",
    "off": 15395,
    "sff": "RM"
  },
  {
    "docID": "N184 Moriwaki 2014",
    "et": "GroupName",
    "off": 464,
    "sff": "mucosa"
  },
  {
    "docID": "N184 Moriwaki 2014",
    "et": "GroupName",
    "off": 19902,
    "sff": "OM"
  },
  {
    "docID": "N184 Moriwaki 2014",
    "et": "GroupName",
    "off": 15015,
    "sff": "RM"
  },
  {
    "docID": "N184 Moriwaki 2014",
    "et": "GroupName",
    "off": 22131,
    "sff": "RM"
  },
  {
    "docID": "N184 Moriwaki 2014",
    "et": "GroupName",
    "off": 16625,
    "sff": "RM"
  },
  {
    "docID": "N184 Moriwaki 2014",
    "et": "GroupName",
    "off": 20080,
    "sff": "RM"
  },
  {
    "docID": "N184 Moriwaki 2014",
    "et": "GroupName",
    "off": 1694,
    "sff": "groups"
  },
  {
    "docID": "N184 Moriwaki 2014",
    "et": "GroupName",
    "off": 1028,
    "sff": "mucosa"
  },
  {
    "docID": "N184 Moriwaki 2014",
    "et": "GroupName",
    "off": 15540,
    "sff": "cord"
  },
  {
    "docID": "N184 Moriwaki 2014",
    "et": "GroupName",
    "off": 22471,
    "sff": "SCI"
  },
  {
    "docID": "N184 Moriwaki 2014",
    "et": "GroupName",
    "off": 20830,
    "sff": "EGFP"
  },
  {
    "docID": "N184 Moriwaki 2014",
    "et": "GroupName",
    "off": 18425,
    "sff": "RM"
  },
  {
    "docID": "N184 Moriwaki 2014",
    "et": "GroupName",
    "off": 14616,
    "sff": "groups"
  },
  {
    "docID": "N184 Moriwaki 2014",
    "et": "GroupName",
    "off": 15044,
    "sff": "PBS"
  },
  {
    "docID": "N184 Moriwaki 2014",
    "et": "GroupName",
    "off": 16753,
    "sff": "EGFP"
  },
  {
    "docID": "N184 Moriwaki 2014",
    "et": "GroupName",
    "off": 454,
    "sff": "olfactory mucosa"
  },
  {
    "docID": "N184 Moriwaki 2014",
    "et": "GroupName",
    "off": 544,
    "sff": "injury"
  },
  {
    "docID": "N184 Moriwaki 2014",
    "et": "GroupName",
    "off": 15621,
    "sff": "EGFP"
  },
  {
    "docID": "N184 Moriwaki 2014",
    "et": "GroupName",
    "off": 14446,
    "sff": "OM"
  },
  {
    "docID": "N184 Moriwaki 2014",
    "et": "GroupName",
    "off": 16266,
    "sff": "EGFP"
  },
  {
    "docID": "N184 Moriwaki 2014",
    "et": "GroupName",
    "off": 16729,
    "sff": "RM"
  },
  {
    "docID": "N184 Moriwaki 2014",
    "et": "GroupName",
    "off": 552,
    "sff": "SCI"
  },
  {
    "docID": "N184 Moriwaki 2014",
    "et": "GroupName",
    "off": 20084,
    "sff": "OM"
  },
  {
    "docID": "N184 Moriwaki 2014",
    "et": "GroupName",
    "off": 21974,
    "sff": "RM"
  },
  {
    "docID": "N184 Moriwaki 2014",
    "et": "GroupName",
    "off": 14434,
    "sff": "RM"
  },
  {
    "docID": "N184 Moriwaki 2014",
    "et": "GroupName",
    "off": 1675,
    "sff": "respiratory mucosa groups"
  },
  {
    "docID": "N184 Moriwaki 2014",
    "et": "GroupName",
    "off": 18429,
    "sff": "OM"
  },
  {
    "docID": "N184 Moriwaki 2014",
    "et": "GroupName",
    "off": 1016,
    "sff": "respiratory mucosa"
  },
  {
    "docID": "N184 Moriwaki 2014",
    "et": "GroupName",
    "off": 17768,
    "sff": "RM"
  },
  {
    "docID": "N184 Moriwaki 2014",
    "et": "GroupName",
    "off": 15708,
    "sff": "cell"
  },
  {
    "docID": "N184 Moriwaki 2014",
    "et": "GroupName",
    "off": 18253,
    "sff": "OM"
  },
  {
    "docID": "N184 Moriwaki 2014",
    "et": "GroupName",
    "off": 20269,
    "sff": "RM"
  },
  {
    "docID": "N184 Moriwaki 2014",
    "et": "GroupName",
    "off": 18620,
    "sff": "RM"
  },
  {
    "docID": "N184 Moriwaki 2014",
    "et": "GroupName",
    "off": 14599,
    "sff": "PBS transplanted groups"
  },
  {
    "docID": "N184 Moriwaki 2014",
    "et": "GroupName",
    "off": 19898,
    "sff": "RM"
  },
  {
    "docID": "N184 Moriwaki 2014",
    "et": "GroupName",
    "off": 472,
    "sff": "OM"
  },
  {
    "docID": "N184 Moriwaki 2014",
    "et": "GroupName",
    "off": 21744,
    "sff": "tissue"
  },
  {
    "docID": "N184 Moriwaki 2014",
    "et": "GroupName",
    "off": 14833,
    "sff": "PBS"
  },
  {
    "docID": "N184 Moriwaki 2014",
    "et": "GroupName",
    "off": 20092,
    "sff": "PBS"
  },
  {
    "docID": "N184 Moriwaki 2014",
    "et": "GroupName",
    "off": 13279,
    "sff": "OM"
  },
  {
    "docID": "N184 Moriwaki 2014",
    "et": "GroupName",
    "off": 14781,
    "sff": "RM"
  },
  {
    "docID": "N184 Moriwaki 2014",
    "et": "GroupName",
    "off": 14603,
    "sff": "transplanted groups"
  },
  {
    "docID": "N184 Moriwaki 2014",
    "et": "GroupName",
    "off": 18437,
    "sff": "PBS"
  },
  {
    "docID": "N184 Moriwaki 2014",
    "et": "GroupName",
    "off": 18249,
    "sff": "RM"
  },
  {
    "docID": "N184 Moriwaki 2014",
    "et": "GroupName",
    "off": 14463,
    "sff": "PBS"
  },
  {
    "docID": "N184 Moriwaki 2014",
    "et": "GroupName",
    "off": 2655,
    "sff": "injury"
  }
]
