[
  {
    "docID": "N185 Munoz-Quiles 2009",
    "et": "GroupName",
    "off": 26352,
    "sff": "Non-T rats"
  },
  {
    "docID": "N185 Munoz-Quiles 2009",
    "et": "GroupName",
    "off": 21874,
    "sff": "controls"
  },
  {
    "docID": "N185 Munoz-Quiles 2009",
    "et": "GroupName",
    "off": 34574,
    "sff": "Non-T group"
  },
  {
    "docID": "N185 Munoz-Quiles 2009",
    "et": "GroupName",
    "off": 25837,
    "sff": "Non-T rats"
  },
  {
    "docID": "N185 Munoz-Quiles 2009",
    "et": "GroupName",
    "off": 28614,
    "sff": "tissue"
  },
  {
    "docID": "N185 Munoz-Quiles 2009",
    "et": "GroupName",
    "off": 25794,
    "sff": "injury"
  },
  {
    "docID": "N185 Munoz-Quiles 2009",
    "et": "GroupName",
    "off": 29001,
    "sff": "cords"
  },
  {
    "docID": "N185 Munoz-Quiles 2009",
    "et": "GroupName",
    "off": 20921,
    "sff": "Chr"
  },
  {
    "docID": "N185 Munoz-Quiles 2009",
    "et": "GroupName",
    "off": 5677,
    "sff": "5"
  },
  {
    "docID": "N185 Munoz-Quiles 2009",
    "et": "GroupName",
    "off": 29855,
    "sff": "Non-T group"
  },
  {
    "docID": "N185 Munoz-Quiles 2009",
    "et": "GroupName",
    "off": 5730,
    "sff": "Chr rats"
  },
  {
    "docID": "N185 Munoz-Quiles 2009",
    "et": "GroupName",
    "off": 20889,
    "sff": "Non-T"
  },
  {
    "docID": "N185 Munoz-Quiles 2009",
    "et": "GroupName",
    "off": 31963,
    "sff": "cord"
  },
  {
    "docID": "N185 Munoz-Quiles 2009",
    "et": "GroupName",
    "off": 34574,
    "sff": "Non-T"
  },
  {
    "docID": "N185 Munoz-Quiles 2009",
    "et": "GroupName",
    "off": 21535,
    "sff": "injection"
  },
  {
    "docID": "N185 Munoz-Quiles 2009",
    "et": "GroupName",
    "off": 18048,
    "sff": "SA"
  },
  {
    "docID": "N185 Munoz-Quiles 2009",
    "et": "GroupName",
    "off": 25430,
    "sff": "both"
  },
  {
    "docID": "N185 Munoz-Quiles 2009",
    "et": "GroupName",
    "off": 5590,
    "sff": "2"
  },
  {
    "docID": "N185 Munoz-Quiles 2009",
    "et": "GroupName",
    "off": 32904,
    "sff": "Non-T rats"
  },
  {
    "docID": "N185 Munoz-Quiles 2009",
    "et": "GroupName",
    "off": 20907,
    "sff": "SA"
  },
  {
    "docID": "N185 Munoz-Quiles 2009",
    "et": "GroupName",
    "off": 25740,
    "sff": "Non-T rats"
  },
  {
    "docID": "N185 Munoz-Quiles 2009",
    "et": "GroupName",
    "off": 34360,
    "sff": "Non-T"
  },
  {
    "docID": "N185 Munoz-Quiles 2009",
    "et": "GroupName",
    "off": 20495,
    "sff": "nontransplanted"
  },
  {
    "docID": "N185 Munoz-Quiles 2009",
    "et": "GroupName",
    "off": 5862,
    "sff": "4"
  },
  {
    "docID": "N185 Munoz-Quiles 2009",
    "et": "GroupName",
    "off": 7970,
    "sff": "surgery"
  },
  {
    "docID": "N185 Munoz-Quiles 2009",
    "et": "GroupName",
    "off": 5602,
    "sff": "Chr"
  },
  {
    "docID": "N185 Munoz-Quiles 2009",
    "et": "GroupName",
    "off": 28451,
    "sff": "transplanted rats"
  },
  {
    "docID": "N185 Munoz-Quiles 2009",
    "et": "GroupName",
    "off": 5770,
    "sff": "Non-T animals"
  },
  {
    "docID": "N185 Munoz-Quiles 2009",
    "et": "GroupName",
    "off": 26762,
    "sff": "other"
  },
  {
    "docID": "N185 Munoz-Quiles 2009",
    "et": "GroupName",
    "off": 5664,
    "sff": "SA rats"
  },
  {
    "docID": "N185 Munoz-Quiles 2009",
    "et": "GroupName",
    "off": 31538,
    "sff": "Non-T rats"
  },
  {
    "docID": "N185 Munoz-Quiles 2009",
    "et": "GroupName",
    "off": 18146,
    "sff": "Non-T"
  },
  {
    "docID": "N185 Munoz-Quiles 2009",
    "et": "GroupName",
    "off": 27836,
    "sff": "transplantation"
  },
  {
    "docID": "N185 Munoz-Quiles 2009",
    "et": "GroupName",
    "off": 5612,
    "sff": "3"
  },
  {
    "docID": "N185 Munoz-Quiles 2009",
    "et": "GroupName",
    "off": 29902,
    "sff": "SA"
  },
  {
    "docID": "N185 Munoz-Quiles 2009",
    "et": "GroupName",
    "off": 20897,
    "sff": "subacute"
  },
  {
    "docID": "N185 Munoz-Quiles 2009",
    "et": "GroupName",
    "off": 23394,
    "sff": "Non-T group"
  },
  {
    "docID": "N185 Munoz-Quiles 2009",
    "et": "GroupName",
    "off": 33595,
    "sff": "experimental group"
  },
  {
    "docID": "N185 Munoz-Quiles 2009",
    "et": "GroupName",
    "off": 20912,
    "sff": "chronic"
  },
  {
    "docID": "N185 Munoz-Quiles 2009",
    "et": "GroupName",
    "off": 12688,
    "sff": "tissue"
  },
  {
    "docID": "N185 Munoz-Quiles 2009",
    "et": "GroupName",
    "off": 19123,
    "sff": "SA group"
  },
  {
    "docID": "N185 Munoz-Quiles 2009",
    "et": "GroupName",
    "off": 29607,
    "sff": "scar"
  },
  {
    "docID": "N185 Munoz-Quiles 2009",
    "et": "GroupName",
    "off": 18986,
    "sff": "Non-T animals"
  },
  {
    "docID": "N185 Munoz-Quiles 2009",
    "et": "GroupName",
    "off": 33319,
    "sff": "SA group"
  },
  {
    "docID": "N185 Munoz-Quiles 2009",
    "et": "GroupName",
    "off": 32743,
    "sff": "Chr group"
  },
  {
    "docID": "N185 Munoz-Quiles 2009",
    "et": "GroupName",
    "off": 18157,
    "sff": "SA"
  },
  {
    "docID": "N185 Munoz-Quiles 2009",
    "et": "GroupName",
    "off": 5585,
    "sff": "SA"
  },
  {
    "docID": "N185 Munoz-Quiles 2009",
    "et": "GroupName",
    "off": 27857,
    "sff": "10"
  },
  {
    "docID": "N185 Munoz-Quiles 2009",
    "et": "GroupName",
    "off": 18477,
    "sff": "Chr"
  },
  {
    "docID": "N185 Munoz-Quiles 2009",
    "et": "GroupName",
    "off": 5049,
    "sff": "DMEM"
  },
  {
    "docID": "N185 Munoz-Quiles 2009",
    "et": "GroupName",
    "off": 31529,
    "sff": "Chr"
  },
  {
    "docID": "N185 Munoz-Quiles 2009",
    "et": "GroupName",
    "off": 15073,
    "sff": "OEG-transplanted"
  }
]
