[
  {
    "docID": "N188 Negredo 2008",
    "et": "GroupName",
    "off": 25934,
    "sff": "non-transplanted"
  },
  {
    "docID": "N188 Negredo 2008",
    "et": "GroupName",
    "off": 36132,
    "sff": "sham-operated controls"
  },
  {
    "docID": "N188 Negredo 2008",
    "et": "GroupName",
    "off": 47052,
    "sff": "4"
  },
  {
    "docID": "N188 Negredo 2008",
    "et": "GroupName",
    "off": 37674,
    "sff": "non-transplanted animals"
  },
  {
    "docID": "N188 Negredo 2008",
    "et": "GroupName",
    "off": 1312,
    "sff": "SCT"
  },
  {
    "docID": "N188 Negredo 2008",
    "et": "GroupName",
    "off": 16372,
    "sff": "surgery"
  },
  {
    "docID": "N188 Negredo 2008",
    "et": "GroupName",
    "off": 29211,
    "sff": "SCT"
  },
  {
    "docID": "N188 Negredo 2008",
    "et": "GroupName",
    "off": 45724,
    "sff": "SCT"
  },
  {
    "docID": "N188 Negredo 2008",
    "et": "GroupName",
    "off": 3357,
    "sff": "SCT"
  },
  {
    "docID": "N188 Negredo 2008",
    "et": "GroupName",
    "off": 41188,
    "sff": "control level"
  },
  {
    "docID": "N188 Negredo 2008",
    "et": "GroupName",
    "off": 45841,
    "sff": "OEG-transplanted animals"
  },
  {
    "docID": "N188 Negredo 2008",
    "et": "GroupName",
    "off": 35246,
    "sff": "CSA"
  },
  {
    "docID": "N188 Negredo 2008",
    "et": "GroupName",
    "off": 1442,
    "sff": "SCT"
  },
  {
    "docID": "N188 Negredo 2008",
    "et": "GroupName",
    "off": 39071,
    "sff": "fromcontrols"
  },
  {
    "docID": "N188 Negredo 2008",
    "et": "GroupName",
    "off": 35974,
    "sff": "non-transplanted animals"
  },
  {
    "docID": "N188 Negredo 2008",
    "et": "GroupName",
    "off": 41355,
    "sff": "non-transplanted animals"
  },
  {
    "docID": "N188 Negredo 2008",
    "et": "GroupName",
    "off": 33238,
    "sff": "SCT animals"
  },
  {
    "docID": "N188 Negredo 2008",
    "et": "GroupName",
    "off": 31734,
    "sff": "controls"
  },
  {
    "docID": "N188 Negredo 2008",
    "et": "GroupName",
    "off": 26586,
    "sff": "CSA"
  },
  {
    "docID": "N188 Negredo 2008",
    "et": "GroupName",
    "off": 30900,
    "sff": "sham-operated controls"
  },
  {
    "docID": "N188 Negredo 2008",
    "et": "GroupName",
    "off": 27007,
    "sff": "controls"
  },
  {
    "docID": "N188 Negredo 2008",
    "et": "GroupName",
    "off": 22114,
    "sff": "types"
  },
  {
    "docID": "N188 Negredo 2008",
    "et": "GroupName",
    "off": 43667,
    "sff": "non-transplanted"
  },
  {
    "docID": "N188 Negredo 2008",
    "et": "GroupName",
    "off": 37003,
    "sff": "controls"
  },
  {
    "docID": "N188 Negredo 2008",
    "et": "GroupName",
    "off": 31007,
    "sff": "OEGs"
  },
  {
    "docID": "N188 Negredo 2008",
    "et": "GroupName",
    "off": 28047,
    "sff": "controls"
  },
  {
    "docID": "N188 Negredo 2008",
    "et": "GroupName",
    "off": 37105,
    "sff": "non-transplanted animals"
  },
  {
    "docID": "N188 Negredo 2008",
    "et": "GroupName",
    "off": 840,
    "sff": "OEG"
  },
  {
    "docID": "N188 Negredo 2008",
    "et": "GroupName",
    "off": 39953,
    "sff": "controls"
  },
  {
    "docID": "N188 Negredo 2008",
    "et": "GroupName",
    "off": 28091,
    "sff": "CT"
  },
  {
    "docID": "N188 Negredo 2008",
    "et": "GroupName",
    "off": 38938,
    "sff": "both"
  },
  {
    "docID": "N188 Negredo 2008",
    "et": "GroupName",
    "off": 13840,
    "sff": "control un-injured group"
  },
  {
    "docID": "N188 Negredo 2008",
    "et": "GroupName",
    "off": 11217,
    "sff": "medium"
  },
  {
    "docID": "N188 Negredo 2008",
    "et": "GroupName",
    "off": 26721,
    "sff": "SCT"
  },
  {
    "docID": "N188 Negredo 2008",
    "et": "GroupName",
    "off": 45697,
    "sff": "control"
  },
  {
    "docID": "N188 Negredo 2008",
    "et": "GroupName",
    "off": 26659,
    "sff": "controls"
  },
  {
    "docID": "N188 Negredo 2008",
    "et": "GroupName",
    "off": 35487,
    "sff": "control values"
  },
  {
    "docID": "N188 Negredo 2008",
    "et": "GroupName",
    "off": 1447,
    "sff": "controls"
  },
  {
    "docID": "N188 Negredo 2008",
    "et": "GroupName",
    "off": 43525,
    "sff": "non-transplanted"
  },
  {
    "docID": "N188 Negredo 2008",
    "et": "GroupName",
    "off": 42944,
    "sff": "OEG-transplanted animals"
  },
  {
    "docID": "N188 Negredo 2008",
    "et": "GroupName",
    "off": 27438,
    "sff": "controls"
  },
  {
    "docID": "N188 Negredo 2008",
    "et": "GroupName",
    "off": 36146,
    "sff": "controls"
  },
  {
    "docID": "N188 Negredo 2008",
    "et": "GroupName",
    "off": 30932,
    "sff": "SCT"
  },
  {
    "docID": "N188 Negredo 2008",
    "et": "GroupName",
    "off": 1300,
    "sff": "transected"
  },
  {
    "docID": "N188 Negredo 2008",
    "et": "GroupName",
    "off": 37179,
    "sff": "controls"
  },
  {
    "docID": "N188 Negredo 2008",
    "et": "GroupName",
    "off": 35393,
    "sff": "SCT"
  },
  {
    "docID": "N188 Negredo 2008",
    "et": "GroupName",
    "off": 38888,
    "sff": "control animals"
  },
  {
    "docID": "N188 Negredo 2008",
    "et": "GroupName",
    "off": 41960,
    "sff": "values"
  },
  {
    "docID": "N188 Negredo 2008",
    "et": "GroupName",
    "off": 30914,
    "sff": "controls"
  },
  {
    "docID": "N188 Negredo 2008",
    "et": "GroupName",
    "off": 38338,
    "sff": "controls"
  },
  {
    "docID": "N188 Negredo 2008",
    "et": "GroupName",
    "off": 14512,
    "sff": "days"
  },
  {
    "docID": "N188 Negredo 2008",
    "et": "GroupName",
    "off": 34538,
    "sff": "control"
  }
]
