[
  {
    "docID": "N189 Novikova 2011",
    "et": "GroupName",
    "off": 25629,
    "sff": "b-OEC ST"
  },
  {
    "docID": "N189 Novikova 2011",
    "et": "GroupName",
    "off": 25345,
    "sff": "OEC"
  },
  {
    "docID": "N189 Novikova 2011",
    "et": "GroupName",
    "off": 27014,
    "sff": "LT"
  },
  {
    "docID": "N189 Novikova 2011",
    "et": "GroupName",
    "off": 16058,
    "sff": "controls"
  },
  {
    "docID": "N189 Novikova 2011",
    "et": "GroupName",
    "off": 9211,
    "sff": "a-OEC"
  },
  {
    "docID": "N189 Novikova 2011",
    "et": "GroupName",
    "off": 32563,
    "sff": "control"
  },
  {
    "docID": "N189 Novikova 2011",
    "et": "GroupName",
    "off": 27161,
    "sff": "LT"
  },
  {
    "docID": "N189 Novikova 2011",
    "et": "GroupName",
    "off": 12031,
    "sff": "ST"
  },
  {
    "docID": "N189 Novikova 2011",
    "et": "GroupName",
    "off": 27155,
    "sff": "a-OEC LT"
  },
  {
    "docID": "N189 Novikova 2011",
    "et": "GroupName",
    "off": 31358,
    "sff": "ST"
  },
  {
    "docID": "N189 Novikova 2011",
    "et": "GroupName",
    "off": 11843,
    "sff": "seeded"
  },
  {
    "docID": "N189 Novikova 2011",
    "et": "GroupName",
    "off": 25384,
    "sff": "OEC"
  },
  {
    "docID": "N189 Novikova 2011",
    "et": "GroupName",
    "off": 27490,
    "sff": "a-OEC ST"
  },
  {
    "docID": "N189 Novikova 2011",
    "et": "GroupName",
    "off": 1219,
    "sff": "long-term"
  },
  {
    "docID": "N189 Novikova 2011",
    "et": "GroupName",
    "off": 30381,
    "sff": "OEC"
  },
  {
    "docID": "N189 Novikova 2011",
    "et": "GroupName",
    "off": 27257,
    "sff": "LT"
  },
  {
    "docID": "N189 Novikova 2011",
    "et": "GroupName",
    "off": 27008,
    "sff": "a-OEC LT"
  },
  {
    "docID": "N189 Novikova 2011",
    "et": "GroupName",
    "off": 24115,
    "sff": "OEC"
  },
  {
    "docID": "N189 Novikova 2011",
    "et": "GroupName",
    "off": 27251,
    "sff": "a-OEC LT"
  },
  {
    "docID": "N189 Novikova 2011",
    "et": "GroupName",
    "off": 8165,
    "sff": "OB"
  },
  {
    "docID": "N189 Novikova 2011",
    "et": "GroupName",
    "off": 1142,
    "sff": "b-OEC"
  },
  {
    "docID": "N189 Novikova 2011",
    "et": "GroupName",
    "off": 16918,
    "sff": "saline"
  },
  {
    "docID": "N189 Novikova 2011",
    "et": "GroupName",
    "off": 35217,
    "sff": "OEC transplants"
  },
  {
    "docID": "N189 Novikova 2011",
    "et": "GroupName",
    "off": 26677,
    "sff": "ST"
  },
  {
    "docID": "N189 Novikova 2011",
    "et": "GroupName",
    "off": 25649,
    "sff": "ST"
  },
  {
    "docID": "N189 Novikova 2011",
    "et": "GroupName",
    "off": 25643,
    "sff": "a-OEC ST"
  },
  {
    "docID": "N189 Novikova 2011",
    "et": "GroupName",
    "off": 13251,
    "sff": "OEC"
  },
  {
    "docID": "N189 Novikova 2011",
    "et": "GroupName",
    "off": 15273,
    "sff": "SCI"
  },
  {
    "docID": "N189 Novikova 2011",
    "et": "GroupName",
    "off": 7883,
    "sff": "OEC"
  },
  {
    "docID": "N189 Novikova 2011",
    "et": "GroupName",
    "off": 27473,
    "sff": "a-OEC LT"
  },
  {
    "docID": "N189 Novikova 2011",
    "et": "GroupName",
    "off": 27089,
    "sff": "a-OEC LT"
  },
  {
    "docID": "N189 Novikova 2011",
    "et": "GroupName",
    "off": 11155,
    "sff": "2"
  },
  {
    "docID": "N189 Novikova 2011",
    "et": "GroupName",
    "off": 33470,
    "sff": "a-OEC ST"
  },
  {
    "docID": "N189 Novikova 2011",
    "et": "GroupName",
    "off": 27095,
    "sff": "LT"
  },
  {
    "docID": "N189 Novikova 2011",
    "et": "GroupName",
    "off": 26796,
    "sff": "a-OEC LT"
  },
  {
    "docID": "N189 Novikova 2011",
    "et": "GroupName",
    "off": 15376,
    "sff": "a-OEC ST"
  },
  {
    "docID": "N189 Novikova 2011",
    "et": "GroupName",
    "off": 10849,
    "sff": "cell"
  },
  {
    "docID": "N189 Novikova 2011",
    "et": "GroupName",
    "off": 1095,
    "sff": "a-OEC"
  },
  {
    "docID": "N189 Novikova 2011",
    "et": "GroupName",
    "off": 15547,
    "sff": "b-OEC ST"
  },
  {
    "docID": "N189 Novikova 2011",
    "et": "GroupName",
    "off": 12077,
    "sff": "LT"
  },
  {
    "docID": "N189 Novikova 2011",
    "et": "GroupName",
    "off": 9261,
    "sff": "b-OEC"
  },
  {
    "docID": "N189 Novikova 2011",
    "et": "GroupName",
    "off": 27459,
    "sff": "b-OEC ST"
  },
  {
    "docID": "N189 Novikova 2011",
    "et": "GroupName",
    "off": 26939,
    "sff": "LT"
  },
  {
    "docID": "N189 Novikova 2011",
    "et": "GroupName",
    "off": 8040,
    "sff": "rats"
  },
  {
    "docID": "N189 Novikova 2011",
    "et": "GroupName",
    "off": 26671,
    "sff": "b-OEC ST"
  },
  {
    "docID": "N189 Novikova 2011",
    "et": "GroupName",
    "off": 25660,
    "sff": "a-OEC LT"
  },
  {
    "docID": "N189 Novikova 2011",
    "et": "GroupName",
    "off": 497,
    "sff": "OEC"
  },
  {
    "docID": "N189 Novikova 2011",
    "et": "GroupName",
    "off": 31473,
    "sff": "OEC"
  },
  {
    "docID": "N189 Novikova 2011",
    "et": "GroupName",
    "off": 26802,
    "sff": "LT"
  },
  {
    "docID": "N189 Novikova 2011",
    "et": "GroupName",
    "off": 31349,
    "sff": "OEC"
  },
  {
    "docID": "N189 Novikova 2011",
    "et": "GroupName",
    "off": 26933,
    "sff": "a-OEC LT"
  },
  {
    "docID": "N189 Novikova 2011",
    "et": "GroupName",
    "off": 30842,
    "sff": "OEC"
  }
]
