[
  {
    "docID": "N190 Pearse 2004",
    "et": "GroupName",
    "off": 25043,
    "sff": "10"
  },
  {
    "docID": "N190 Pearse 2004",
    "et": "GroupName",
    "off": 17852,
    "sff": "cord"
  },
  {
    "docID": "N190 Pearse 2004",
    "et": "GroupName",
    "off": 24806,
    "sff": "injury-only controls"
  },
  {
    "docID": "N190 Pearse 2004",
    "et": "GroupName",
    "off": 26715,
    "sff": "injury-only controls"
  },
  {
    "docID": "N190 Pearse 2004",
    "et": "GroupName",
    "off": 11441,
    "sff": "SC grafted"
  },
  {
    "docID": "N190 Pearse 2004",
    "et": "GroupName",
    "off": 1880,
    "sff": "controls"
  },
  {
    "docID": "N190 Pearse 2004",
    "et": "GroupName",
    "off": 1855,
    "sff": "scores"
  },
  {
    "docID": "N190 Pearse 2004",
    "et": "GroupName",
    "off": 1370,
    "sff": "controls"
  },
  {
    "docID": "N190 Pearse 2004",
    "et": "GroupName",
    "off": 336,
    "sff": "MP"
  },
  {
    "docID": "N190 Pearse 2004",
    "et": "GroupName",
    "off": 36850,
    "sff": "controls"
  },
  {
    "docID": "N190 Pearse 2004",
    "et": "GroupName",
    "off": 24818,
    "sff": "controls"
  },
  {
    "docID": "N190 Pearse 2004",
    "et": "GroupName",
    "off": 35953,
    "sff": "controls"
  },
  {
    "docID": "N190 Pearse 2004",
    "et": "GroupName",
    "off": 32189,
    "sff": "tissue"
  },
  {
    "docID": "N190 Pearse 2004",
    "et": "GroupName",
    "off": 38376,
    "sff": "controls"
  },
  {
    "docID": "N190 Pearse 2004",
    "et": "GroupName",
    "off": 37652,
    "sff": "injured-only controls"
  },
  {
    "docID": "N190 Pearse 2004",
    "et": "GroupName",
    "off": 11404,
    "sff": "control"
  },
  {
    "docID": "N190 Pearse 2004",
    "et": "GroupName",
    "off": 26727,
    "sff": "controls"
  },
  {
    "docID": "N190 Pearse 2004",
    "et": "GroupName",
    "off": 27972,
    "sff": "controls"
  },
  {
    "docID": "N190 Pearse 2004",
    "et": "GroupName",
    "off": 24500,
    "sff": "combined"
  },
  {
    "docID": "N190 Pearse 2004",
    "et": "GroupName",
    "off": 19866,
    "sff": "cord"
  },
  {
    "docID": "N190 Pearse 2004",
    "et": "GroupName",
    "off": 27329,
    "sff": "controls"
  },
  {
    "docID": "N190 Pearse 2004",
    "et": "GroupName",
    "off": 19779,
    "sff": "transplant"
  },
  {
    "docID": "N190 Pearse 2004",
    "et": "GroupName",
    "off": 28630,
    "sff": "controls"
  },
  {
    "docID": "N190 Pearse 2004",
    "et": "GroupName",
    "off": 33353,
    "sff": "five"
  },
  {
    "docID": "N190 Pearse 2004",
    "et": "GroupName",
    "off": 30584,
    "sff": "SC transplants"
  },
  {
    "docID": "N190 Pearse 2004",
    "et": "GroupName",
    "off": 30929,
    "sff": "controls"
  },
  {
    "docID": "N190 Pearse 2004",
    "et": "GroupName",
    "off": 15864,
    "sff": "IL"
  },
  {
    "docID": "N190 Pearse 2004",
    "et": "GroupName",
    "off": 35343,
    "sff": "control animals"
  },
  {
    "docID": "N190 Pearse 2004",
    "et": "GroupName",
    "off": 14319,
    "sff": "mm"
  },
  {
    "docID": "N190 Pearse 2004",
    "et": "GroupName",
    "off": 32530,
    "sff": "alone"
  },
  {
    "docID": "N190 Pearse 2004",
    "et": "GroupName",
    "off": 688,
    "sff": "SC"
  },
  {
    "docID": "N190 Pearse 2004",
    "et": "GroupName",
    "off": 37665,
    "sff": "controls"
  },
  {
    "docID": "N190 Pearse 2004",
    "et": "GroupName",
    "off": 19671,
    "sff": "graft"
  },
  {
    "docID": "N190 Pearse 2004",
    "et": "GroupName",
    "off": 24563,
    "sff": "normal"
  },
  {
    "docID": "N190 Pearse 2004",
    "et": "GroupName",
    "off": 27960,
    "sff": "injury-only controls"
  },
  {
    "docID": "N190 Pearse 2004",
    "et": "GroupName",
    "off": 27317,
    "sff": "injury-only controls"
  },
  {
    "docID": "N190 Pearse 2004",
    "et": "GroupName",
    "off": 11193,
    "sff": "Controls"
  },
  {
    "docID": "N190 Pearse 2004",
    "et": "GroupName",
    "off": 33416,
    "sff": "animal"
  },
  {
    "docID": "N190 Pearse 2004",
    "et": "GroupName",
    "off": 32337,
    "sff": "tissue"
  },
  {
    "docID": "N190 Pearse 2004",
    "et": "GroupName",
    "off": 592,
    "sff": "injury"
  },
  {
    "docID": "N190 Pearse 2004",
    "et": "GroupName",
    "off": 11391,
    "sff": "injured-only control"
  },
  {
    "docID": "N190 Pearse 2004",
    "et": "GroupName",
    "off": 12435,
    "sff": "Control rats"
  },
  {
    "docID": "N190 Pearse 2004",
    "et": "GroupName",
    "off": 11473,
    "sff": "SC grafted"
  },
  {
    "docID": "N190 Pearse 2004",
    "et": "GroupName",
    "off": 34423,
    "sff": "controls"
  },
  {
    "docID": "N190 Pearse 2004",
    "et": "GroupName",
    "off": 17359,
    "sff": "cord"
  },
  {
    "docID": "N190 Pearse 2004",
    "et": "GroupName",
    "off": 37711,
    "sff": "0.5"
  },
  {
    "docID": "N190 Pearse 2004",
    "et": "GroupName",
    "off": 32228,
    "sff": "tissue"
  },
  {
    "docID": "N190 Pearse 2004",
    "et": "GroupName",
    "off": 31915,
    "sff": "control"
  },
  {
    "docID": "N190 Pearse 2004",
    "et": "GroupName",
    "off": 28618,
    "sff": "injury-only controls"
  },
  {
    "docID": "N190 Pearse 2004",
    "et": "GroupName",
    "off": 1358,
    "sff": "injury-only controls"
  },
  {
    "docID": "N190 Pearse 2004",
    "et": "GroupName",
    "off": 29604,
    "sff": "cells"
  },
  {
    "docID": "N190 Pearse 2004",
    "et": "GroupName",
    "off": 25117,
    "sff": "within"
  }
]
