[
  {
    "docID": "N191 Pearse 2007",
    "et": "GroupName",
    "off": 65475,
    "sff": "controls"
  },
  {
    "docID": "N191 Pearse 2007",
    "et": "GroupName",
    "off": 14625,
    "sff": "injected"
  },
  {
    "docID": "N191 Pearse 2007",
    "et": "GroupName",
    "off": 63052,
    "sff": "injury-only controls"
  },
  {
    "docID": "N191 Pearse 2007",
    "et": "GroupName",
    "off": 19900,
    "sff": "controls"
  },
  {
    "docID": "N191 Pearse 2007",
    "et": "GroupName",
    "off": 16897,
    "sff": "only"
  },
  {
    "docID": "N191 Pearse 2007",
    "et": "GroupName",
    "off": 34226,
    "sff": "site"
  },
  {
    "docID": "N191 Pearse 2007",
    "et": "GroupName",
    "off": 65364,
    "sff": "controls"
  },
  {
    "docID": "N191 Pearse 2007",
    "et": "GroupName",
    "off": 63064,
    "sff": "controls"
  },
  {
    "docID": "N191 Pearse 2007",
    "et": "GroupName",
    "off": 42066,
    "sff": "controls"
  },
  {
    "docID": "N191 Pearse 2007",
    "et": "GroupName",
    "off": 29266,
    "sff": "controls"
  },
  {
    "docID": "N191 Pearse 2007",
    "et": "GroupName",
    "off": 12099,
    "sff": "site"
  },
  {
    "docID": "N191 Pearse 2007",
    "et": "GroupName",
    "off": 40676,
    "sff": "controls"
  },
  {
    "docID": "N191 Pearse 2007",
    "et": "GroupName",
    "off": 43307,
    "sff": "injury-only controls"
  },
  {
    "docID": "N191 Pearse 2007",
    "et": "GroupName",
    "off": 50014,
    "sff": "controls"
  },
  {
    "docID": "N191 Pearse 2007",
    "et": "GroupName",
    "off": 56845,
    "sff": "grafts"
  },
  {
    "docID": "N191 Pearse 2007",
    "et": "GroupName",
    "off": 15701,
    "sff": "transplant"
  },
  {
    "docID": "N191 Pearse 2007",
    "et": "GroupName",
    "off": 57676,
    "sff": "SC graft"
  },
  {
    "docID": "N191 Pearse 2007",
    "et": "GroupName",
    "off": 12537,
    "sff": "controls"
  },
  {
    "docID": "N191 Pearse 2007",
    "et": "GroupName",
    "off": 8384,
    "sff": "female"
  },
  {
    "docID": "N191 Pearse 2007",
    "et": "GroupName",
    "off": 59118,
    "sff": "controls"
  },
  {
    "docID": "N191 Pearse 2007",
    "et": "GroupName",
    "off": 57451,
    "sff": "controls"
  },
  {
    "docID": "N191 Pearse 2007",
    "et": "GroupName",
    "off": 26982,
    "sff": "site"
  },
  {
    "docID": "N191 Pearse 2007",
    "et": "GroupName",
    "off": 9662,
    "sff": "PBS"
  },
  {
    "docID": "N191 Pearse 2007",
    "et": "GroupName",
    "off": 63343,
    "sff": "controls"
  },
  {
    "docID": "N191 Pearse 2007",
    "et": "GroupName",
    "off": 16890,
    "sff": "grafts only"
  },
  {
    "docID": "N191 Pearse 2007",
    "et": "GroupName",
    "off": 47237,
    "sff": "injury-only controls"
  },
  {
    "docID": "N191 Pearse 2007",
    "et": "GroupName",
    "off": 14555,
    "sff": "either"
  },
  {
    "docID": "N191 Pearse 2007",
    "et": "GroupName",
    "off": 42505,
    "sff": "injury-only controls"
  },
  {
    "docID": "N191 Pearse 2007",
    "et": "GroupName",
    "off": 60880,
    "sff": "SC grafts"
  },
  {
    "docID": "N191 Pearse 2007",
    "et": "GroupName",
    "off": 58239,
    "sff": "controls"
  },
  {
    "docID": "N191 Pearse 2007",
    "et": "GroupName",
    "off": 24298,
    "sff": "days"
  },
  {
    "docID": "N191 Pearse 2007",
    "et": "GroupName",
    "off": 42517,
    "sff": "controls"
  },
  {
    "docID": "N191 Pearse 2007",
    "et": "GroupName",
    "off": 18802,
    "sff": "cord"
  },
  {
    "docID": "N191 Pearse 2007",
    "et": "GroupName",
    "off": 58011,
    "sff": "injury-only controls"
  },
  {
    "docID": "N191 Pearse 2007",
    "et": "GroupName",
    "off": 47249,
    "sff": "controls"
  },
  {
    "docID": "N191 Pearse 2007",
    "et": "GroupName",
    "off": 29974,
    "sff": "injury-only controls"
  },
  {
    "docID": "N191 Pearse 2007",
    "et": "GroupName",
    "off": 41710,
    "sff": "SCs"
  },
  {
    "docID": "N191 Pearse 2007",
    "et": "GroupName",
    "off": 752,
    "sff": "SCs"
  },
  {
    "docID": "N191 Pearse 2007",
    "et": "GroupName",
    "off": 35749,
    "sff": "controls"
  },
  {
    "docID": "N191 Pearse 2007",
    "et": "GroupName",
    "off": 22144,
    "sff": "cord"
  },
  {
    "docID": "N191 Pearse 2007",
    "et": "GroupName",
    "off": 64035,
    "sff": "controls"
  },
  {
    "docID": "N191 Pearse 2007",
    "et": "GroupName",
    "off": 14788,
    "sff": "injected"
  },
  {
    "docID": "N191 Pearse 2007",
    "et": "GroupName",
    "off": 64023,
    "sff": "injury only controls"
  },
  {
    "docID": "N191 Pearse 2007",
    "et": "GroupName",
    "off": 46820,
    "sff": "SCs"
  },
  {
    "docID": "N191 Pearse 2007",
    "et": "GroupName",
    "off": 29986,
    "sff": "controls"
  },
  {
    "docID": "N191 Pearse 2007",
    "et": "GroupName",
    "off": 38621,
    "sff": "SCs"
  },
  {
    "docID": "N191 Pearse 2007",
    "et": "GroupName",
    "off": 43319,
    "sff": "controls"
  },
  {
    "docID": "N191 Pearse 2007",
    "et": "GroupName",
    "off": 38592,
    "sff": "within"
  },
  {
    "docID": "N191 Pearse 2007",
    "et": "GroupName",
    "off": 39596,
    "sff": "controls"
  },
  {
    "docID": "N191 Pearse 2007",
    "et": "GroupName",
    "off": 35351,
    "sff": "days"
  },
  {
    "docID": "N191 Pearse 2007",
    "et": "GroupName",
    "off": 25507,
    "sff": "site"
  }
]
