[
  {
    "docID": "N192 Polentes 2004",
    "et": "GroupName",
    "off": 34255,
    "sff": "spinal rats"
  },
  {
    "docID": "N192 Polentes 2004",
    "et": "GroupName",
    "off": 33878,
    "sff": "transplanted group"
  },
  {
    "docID": "N192 Polentes 2004",
    "et": "GroupName",
    "off": 36942,
    "sff": "spinal rats"
  },
  {
    "docID": "N192 Polentes 2004",
    "et": "GroupName",
    "off": 9290,
    "sff": "spinal rats"
  },
  {
    "docID": "N192 Polentes 2004",
    "et": "GroupName",
    "off": 39408,
    "sff": "spinal group"
  },
  {
    "docID": "N192 Polentes 2004",
    "et": "GroupName",
    "off": 26788,
    "sff": "transplanted rats"
  },
  {
    "docID": "N192 Polentes 2004",
    "et": "GroupName",
    "off": 46745,
    "sff": "transplanted rats"
  },
  {
    "docID": "N192 Polentes 2004",
    "et": "GroupName",
    "off": 9612,
    "sff": "surgery"
  },
  {
    "docID": "N192 Polentes 2004",
    "et": "GroupName",
    "off": 50325,
    "sff": "transplanted rats"
  },
  {
    "docID": "N192 Polentes 2004",
    "et": "GroupName",
    "off": 37566,
    "sff": "transplanted group"
  },
  {
    "docID": "N192 Polentes 2004",
    "et": "GroupName",
    "off": 11416,
    "sff": "Control"
  },
  {
    "docID": "N192 Polentes 2004",
    "et": "GroupName",
    "off": 9104,
    "sff": "transplanted rats"
  },
  {
    "docID": "N192 Polentes 2004",
    "et": "GroupName",
    "off": 24849,
    "sff": "transplanted rats"
  },
  {
    "docID": "N192 Polentes 2004",
    "et": "GroupName",
    "off": 50487,
    "sff": "side"
  },
  {
    "docID": "N192 Polentes 2004",
    "et": "GroupName",
    "off": 667,
    "sff": "OEC"
  },
  {
    "docID": "N192 Polentes 2004",
    "et": "GroupName",
    "off": 1159,
    "sff": "control"
  },
  {
    "docID": "N192 Polentes 2004",
    "et": "GroupName",
    "off": 33348,
    "sff": "transplanted rats"
  },
  {
    "docID": "N192 Polentes 2004",
    "et": "GroupName",
    "off": 27586,
    "sff": "transplanted rats"
  },
  {
    "docID": "N192 Polentes 2004",
    "et": "GroupName",
    "off": 26050,
    "sff": "transplanted rats"
  },
  {
    "docID": "N192 Polentes 2004",
    "et": "GroupName",
    "off": 37184,
    "sff": "transplanted rats"
  },
  {
    "docID": "N192 Polentes 2004",
    "et": "GroupName",
    "off": 43871,
    "sff": "spinal rats"
  },
  {
    "docID": "N192 Polentes 2004",
    "et": "GroupName",
    "off": 31075,
    "sff": "intact"
  },
  {
    "docID": "N192 Polentes 2004",
    "et": "GroupName",
    "off": 42811,
    "sff": "transplanted rats"
  },
  {
    "docID": "N192 Polentes 2004",
    "et": "GroupName",
    "off": 9498,
    "sff": "transplanted"
  },
  {
    "docID": "N192 Polentes 2004",
    "et": "GroupName",
    "off": 11425,
    "sff": "spinal"
  },
  {
    "docID": "N192 Polentes 2004",
    "et": "GroupName",
    "off": 38325,
    "sff": "transplanted rats"
  },
  {
    "docID": "N192 Polentes 2004",
    "et": "GroupName",
    "off": 34358,
    "sff": "transplanted rats"
  },
  {
    "docID": "N192 Polentes 2004",
    "et": "GroupName",
    "off": 49715,
    "sff": "transplanted rats"
  },
  {
    "docID": "N192 Polentes 2004",
    "et": "GroupName",
    "off": 13387,
    "sff": "mm"
  },
  {
    "docID": "N192 Polentes 2004",
    "et": "GroupName",
    "off": 9141,
    "sff": "spinal group"
  },
  {
    "docID": "N192 Polentes 2004",
    "et": "GroupName",
    "off": 45329,
    "sff": "spinal rats"
  },
  {
    "docID": "N192 Polentes 2004",
    "et": "GroupName",
    "off": 33131,
    "sff": "transplanted rats"
  },
  {
    "docID": "N192 Polentes 2004",
    "et": "GroupName",
    "off": 7407,
    "sff": "days"
  },
  {
    "docID": "N192 Polentes 2004",
    "et": "GroupName",
    "off": 9236,
    "sff": "transplanted group"
  },
  {
    "docID": "N192 Polentes 2004",
    "et": "GroupName",
    "off": 51431,
    "sff": "OEC transplantation"
  },
  {
    "docID": "N192 Polentes 2004",
    "et": "GroupName",
    "off": 25046,
    "sff": "transplanted rats"
  },
  {
    "docID": "N192 Polentes 2004",
    "et": "GroupName",
    "off": 25939,
    "sff": "transplanted rats"
  },
  {
    "docID": "N192 Polentes 2004",
    "et": "GroupName",
    "off": 9127,
    "sff": "control rats"
  },
  {
    "docID": "N192 Polentes 2004",
    "et": "GroupName",
    "off": 24623,
    "sff": "spinal rats"
  },
  {
    "docID": "N192 Polentes 2004",
    "et": "GroupName",
    "off": 15367,
    "sff": "mm"
  },
  {
    "docID": "N192 Polentes 2004",
    "et": "GroupName",
    "off": 24586,
    "sff": "transplanted rats"
  },
  {
    "docID": "N192 Polentes 2004",
    "et": "GroupName",
    "off": 49416,
    "sff": "transplanted rats"
  },
  {
    "docID": "N192 Polentes 2004",
    "et": "GroupName",
    "off": 964,
    "sff": "controls"
  },
  {
    "docID": "N192 Polentes 2004",
    "et": "GroupName",
    "off": 37729,
    "sff": "transplanted"
  },
  {
    "docID": "N192 Polentes 2004",
    "et": "GroupName",
    "off": 45170,
    "sff": "7"
  },
  {
    "docID": "N192 Polentes 2004",
    "et": "GroupName",
    "off": 28827,
    "sff": "intact"
  },
  {
    "docID": "N192 Polentes 2004",
    "et": "GroupName",
    "off": 48258,
    "sff": "cord"
  },
  {
    "docID": "N192 Polentes 2004",
    "et": "GroupName",
    "off": 11902,
    "sff": "cord"
  },
  {
    "docID": "N192 Polentes 2004",
    "et": "GroupName",
    "off": 11470,
    "sff": "medium"
  },
  {
    "docID": "N192 Polentes 2004",
    "et": "GroupName",
    "off": 42195,
    "sff": "control"
  },
  {
    "docID": "N192 Polentes 2004",
    "et": "GroupName",
    "off": 41641,
    "sff": "one"
  },
  {
    "docID": "N192 Polentes 2004",
    "et": "GroupName",
    "off": 37607,
    "sff": "spinal group"
  }
]
