[
  {
    "docID": "N193 Ramer 2004",
    "et": "GroupName",
    "off": 50653,
    "sff": "tissue"
  },
  {
    "docID": "N193 Ramer 2004",
    "et": "GroupName",
    "off": 20178,
    "sff": "OEC"
  },
  {
    "docID": "N193 Ramer 2004",
    "et": "GroupName",
    "off": 8538,
    "sff": "animal"
  },
  {
    "docID": "N193 Ramer 2004",
    "et": "GroupName",
    "off": 52830,
    "sff": "5"
  },
  {
    "docID": "N193 Ramer 2004",
    "et": "GroupName",
    "off": 20228,
    "sff": "control animals"
  },
  {
    "docID": "N193 Ramer 2004",
    "et": "GroupName",
    "off": 25723,
    "sff": "controls"
  },
  {
    "docID": "N193 Ramer 2004",
    "et": "GroupName",
    "off": 16210,
    "sff": "days"
  },
  {
    "docID": "N193 Ramer 2004",
    "et": "GroupName",
    "off": 890,
    "sff": "LP"
  },
  {
    "docID": "N193 Ramer 2004",
    "et": "GroupName",
    "off": 11861,
    "sff": "days"
  },
  {
    "docID": "N193 Ramer 2004",
    "et": "GroupName",
    "off": 34317,
    "sff": "control rats"
  },
  {
    "docID": "N193 Ramer 2004",
    "et": "GroupName",
    "off": 2230,
    "sff": "SCI"
  },
  {
    "docID": "N193 Ramer 2004",
    "et": "GroupName",
    "off": 695,
    "sff": "OECs"
  },
  {
    "docID": "N193 Ramer 2004",
    "et": "GroupName",
    "off": 3384,
    "sff": "OECs"
  },
  {
    "docID": "N193 Ramer 2004",
    "et": "GroupName",
    "off": 14754,
    "sff": "IL"
  },
  {
    "docID": "N193 Ramer 2004",
    "et": "GroupName",
    "off": 42751,
    "sff": "treated animals"
  },
  {
    "docID": "N193 Ramer 2004",
    "et": "GroupName",
    "off": 20350,
    "sff": "lesion"
  },
  {
    "docID": "N193 Ramer 2004",
    "et": "GroupName",
    "off": 41568,
    "sff": "mice"
  },
  {
    "docID": "N193 Ramer 2004",
    "et": "GroupName",
    "off": 34967,
    "sff": "control animals"
  },
  {
    "docID": "N193 Ramer 2004",
    "et": "GroupName",
    "off": 43561,
    "sff": "cells"
  },
  {
    "docID": "N193 Ramer 2004",
    "et": "GroupName",
    "off": 9804,
    "sff": "mice"
  },
  {
    "docID": "N193 Ramer 2004",
    "et": "GroupName",
    "off": 54927,
    "sff": "7"
  },
  {
    "docID": "N193 Ramer 2004",
    "et": "GroupName",
    "off": 11810,
    "sff": "days"
  },
  {
    "docID": "N193 Ramer 2004",
    "et": "GroupName",
    "off": 42514,
    "sff": "rat"
  },
  {
    "docID": "N193 Ramer 2004",
    "et": "GroupName",
    "off": 39394,
    "sff": "OEC-treated rats"
  },
  {
    "docID": "N193 Ramer 2004",
    "et": "GroupName",
    "off": 32684,
    "sff": "site"
  },
  {
    "docID": "N193 Ramer 2004",
    "et": "GroupName",
    "off": 46655,
    "sff": "control rats"
  },
  {
    "docID": "N193 Ramer 2004",
    "et": "GroupName",
    "off": 38557,
    "sff": "5"
  },
  {
    "docID": "N193 Ramer 2004",
    "et": "GroupName",
    "off": 43553,
    "sff": "Schwann cells"
  },
  {
    "docID": "N193 Ramer 2004",
    "et": "GroupName",
    "off": 35271,
    "sff": "OECs"
  },
  {
    "docID": "N193 Ramer 2004",
    "et": "GroupName",
    "off": 41984,
    "sff": "rat"
  },
  {
    "docID": "N193 Ramer 2004",
    "et": "GroupName",
    "off": 51488,
    "sff": "7"
  },
  {
    "docID": "N193 Ramer 2004",
    "et": "GroupName",
    "off": 55714,
    "sff": "5"
  },
  {
    "docID": "N193 Ramer 2004",
    "et": "GroupName",
    "off": 20417,
    "sff": "control animals"
  },
  {
    "docID": "N193 Ramer 2004",
    "et": "GroupName",
    "off": 21817,
    "sff": "OEC transplantation"
  },
  {
    "docID": "N193 Ramer 2004",
    "et": "GroupName",
    "off": 11793,
    "sff": "days"
  },
  {
    "docID": "N193 Ramer 2004",
    "et": "GroupName",
    "off": 15824,
    "sff": "control rats"
  },
  {
    "docID": "N193 Ramer 2004",
    "et": "GroupName",
    "off": 8817,
    "sff": "mice"
  },
  {
    "docID": "N193 Ramer 2004",
    "et": "GroupName",
    "off": 21937,
    "sff": "controls"
  },
  {
    "docID": "N193 Ramer 2004",
    "et": "GroupName",
    "off": 28338,
    "sff": "alone"
  },
  {
    "docID": "N193 Ramer 2004",
    "et": "GroupName",
    "off": 36424,
    "sff": "control animals"
  },
  {
    "docID": "N193 Ramer 2004",
    "et": "GroupName",
    "off": 21424,
    "sff": "OEC"
  },
  {
    "docID": "N193 Ramer 2004",
    "et": "GroupName",
    "off": 16128,
    "sff": "injury"
  },
  {
    "docID": "N193 Ramer 2004",
    "et": "GroupName",
    "off": 42870,
    "sff": "control group"
  },
  {
    "docID": "N193 Ramer 2004",
    "et": "GroupName",
    "off": 28315,
    "sff": "control rats"
  },
  {
    "docID": "N193 Ramer 2004",
    "et": "GroupName",
    "off": 15431,
    "sff": "site"
  },
  {
    "docID": "N193 Ramer 2004",
    "et": "GroupName",
    "off": 41725,
    "sff": "7"
  },
  {
    "docID": "N193 Ramer 2004",
    "et": "GroupName",
    "off": 11032,
    "sff": "PBS"
  },
  {
    "docID": "N193 Ramer 2004",
    "et": "GroupName",
    "off": 34975,
    "sff": "animals"
  },
  {
    "docID": "N193 Ramer 2004",
    "et": "GroupName",
    "off": 38564,
    "sff": "control rats"
  },
  {
    "docID": "N193 Ramer 2004",
    "et": "GroupName",
    "off": 29016,
    "sff": "animals that received OECs"
  },
  {
    "docID": "N193 Ramer 2004",
    "et": "GroupName",
    "off": 20362,
    "sff": "3"
  },
  {
    "docID": "N193 Ramer 2004",
    "et": "GroupName",
    "off": 11832,
    "sff": "days"
  }
]
