[
  {
    "docID": "N195 Resnick 2003",
    "et": "GroupName",
    "off": 10421,
    "sff": "control animals"
  },
  {
    "docID": "N195 Resnick 2003",
    "et": "GroupName",
    "off": 284,
    "sff": "injury"
  },
  {
    "docID": "N195 Resnick 2003",
    "et": "GroupName",
    "off": 335,
    "sff": "cell"
  },
  {
    "docID": "N195 Resnick 2003",
    "et": "GroupName",
    "off": 4279,
    "sff": "B"
  },
  {
    "docID": "N195 Resnick 2003",
    "et": "GroupName",
    "off": 4297,
    "sff": "alone"
  },
  {
    "docID": "N195 Resnick 2003",
    "et": "GroupName",
    "off": 10443,
    "sff": "4"
  },
  {
    "docID": "N195 Resnick 2003",
    "et": "GroupName",
    "off": 6016,
    "sff": "1"
  },
  {
    "docID": "N195 Resnick 2003",
    "et": "GroupName",
    "off": 8875,
    "sff": "experimental"
  },
  {
    "docID": "N195 Resnick 2003",
    "et": "GroupName",
    "off": 9122,
    "sff": "experimental"
  },
  {
    "docID": "N195 Resnick 2003",
    "et": "GroupName",
    "off": 420,
    "sff": "injury"
  },
  {
    "docID": "N195 Resnick 2003",
    "et": "GroupName",
    "off": 1832,
    "sff": "injury"
  },
  {
    "docID": "N195 Resnick 2003",
    "et": "GroupName",
    "off": 8894,
    "sff": "animal"
  },
  {
    "docID": "N195 Resnick 2003",
    "et": "GroupName",
    "off": 758,
    "sff": "medium alone"
  },
  {
    "docID": "N195 Resnick 2003",
    "et": "GroupName",
    "off": 5970,
    "sff": "DMEM"
  },
  {
    "docID": "N195 Resnick 2003",
    "et": "GroupName",
    "off": 7572,
    "sff": "culture"
  },
  {
    "docID": "N195 Resnick 2003",
    "et": "GroupName",
    "off": 7893,
    "sff": "C"
  },
  {
    "docID": "N195 Resnick 2003",
    "et": "GroupName",
    "off": 10116,
    "sff": "OEC group"
  },
  {
    "docID": "N195 Resnick 2003",
    "et": "GroupName",
    "off": 7281,
    "sff": "days"
  },
  {
    "docID": "N195 Resnick 2003",
    "et": "GroupName",
    "off": 10089,
    "sff": "medium alone"
  },
  {
    "docID": "N195 Resnick 2003",
    "et": "GroupName",
    "off": 8602,
    "sff": "B"
  },
  {
    "docID": "N195 Resnick 2003",
    "et": "GroupName",
    "off": 744,
    "sff": "7"
  },
  {
    "docID": "N195 Resnick 2003",
    "et": "GroupName",
    "off": 7310,
    "sff": "days"
  },
  {
    "docID": "N195 Resnick 2003",
    "et": "GroupName",
    "off": 8486,
    "sff": "control animals"
  },
  {
    "docID": "N195 Resnick 2003",
    "et": "GroupName",
    "off": 5578,
    "sff": "solution"
  },
  {
    "docID": "N195 Resnick 2003",
    "et": "GroupName",
    "off": 9284,
    "sff": "control"
  },
  {
    "docID": "N195 Resnick 2003",
    "et": "GroupName",
    "off": 7768,
    "sff": "1"
  },
  {
    "docID": "N195 Resnick 2003",
    "et": "GroupName",
    "off": 9141,
    "sff": "animal"
  },
  {
    "docID": "N195 Resnick 2003",
    "et": "GroupName",
    "off": 7966,
    "sff": "controls"
  },
  {
    "docID": "N195 Resnick 2003",
    "et": "GroupName",
    "off": 765,
    "sff": "alone"
  },
  {
    "docID": "N195 Resnick 2003",
    "et": "GroupName",
    "off": 341,
    "sff": "OEC"
  },
  {
    "docID": "N195 Resnick 2003",
    "et": "GroupName",
    "off": 1840,
    "sff": "SCI"
  },
  {
    "docID": "N195 Resnick 2003",
    "et": "GroupName",
    "off": 5301,
    "sff": "Rats"
  },
  {
    "docID": "N195 Resnick 2003",
    "et": "GroupName",
    "off": 6741,
    "sff": "days"
  },
  {
    "docID": "N195 Resnick 2003",
    "et": "GroupName",
    "off": 1333,
    "sff": "control groups"
  },
  {
    "docID": "N195 Resnick 2003",
    "et": "GroupName",
    "off": 734,
    "sff": "rats"
  },
  {
    "docID": "N195 Resnick 2003",
    "et": "GroupName",
    "off": 5999,
    "sff": "medium"
  },
  {
    "docID": "N195 Resnick 2003",
    "et": "GroupName",
    "off": 9250,
    "sff": "OEC transplant animal"
  },
  {
    "docID": "N195 Resnick 2003",
    "et": "GroupName",
    "off": 10250,
    "sff": "controls"
  },
  {
    "docID": "N195 Resnick 2003",
    "et": "GroupName",
    "off": 776,
    "sff": "10"
  },
  {
    "docID": "N195 Resnick 2003",
    "et": "GroupName",
    "off": 9164,
    "sff": "animal"
  },
  {
    "docID": "N195 Resnick 2003",
    "et": "GroupName",
    "off": 10096,
    "sff": "alone"
  },
  {
    "docID": "N195 Resnick 2003",
    "et": "GroupName",
    "off": 4290,
    "sff": "medium alone"
  },
  {
    "docID": "N195 Resnick 2003",
    "et": "GroupName",
    "off": 8917,
    "sff": "animal"
  },
  {
    "docID": "N195 Resnick 2003",
    "et": "GroupName",
    "off": 591,
    "sff": "cord"
  },
  {
    "docID": "N195 Resnick 2003",
    "et": "GroupName",
    "off": 8209,
    "sff": "cells"
  },
  {
    "docID": "N195 Resnick 2003",
    "et": "GroupName",
    "off": 9136,
    "sff": "OEC"
  },
  {
    "docID": "N195 Resnick 2003",
    "et": "GroupName",
    "off": 8889,
    "sff": "OEC"
  },
  {
    "docID": "N195 Resnick 2003",
    "et": "GroupName",
    "off": 8925,
    "sff": "B"
  },
  {
    "docID": "N195 Resnick 2003",
    "et": "GroupName",
    "off": 9250,
    "sff": "OEC"
  },
  {
    "docID": "N195 Resnick 2003",
    "et": "GroupName",
    "off": 9172,
    "sff": "B"
  },
  {
    "docID": "N195 Resnick 2003",
    "et": "GroupName",
    "off": 7878,
    "sff": "B"
  },
  {
    "docID": "N195 Resnick 2003",
    "et": "GroupName",
    "off": 10265,
    "sff": "3"
  }
]
