[
  {
    "docID": "N197 Rochkind 2006",
    "et": "GroupName",
    "off": 21040,
    "sff": "groups"
  },
  {
    "docID": "N197 Rochkind 2006",
    "et": "GroupName",
    "off": 10907,
    "sff": "sham treated control group"
  },
  {
    "docID": "N197 Rochkind 2006",
    "et": "GroupName",
    "off": 16939,
    "sff": "control"
  },
  {
    "docID": "N197 Rochkind 2006",
    "et": "GroupName",
    "off": 19617,
    "sff": "4"
  },
  {
    "docID": "N197 Rochkind 2006",
    "et": "GroupName",
    "off": 23175,
    "sff": "control rats"
  },
  {
    "docID": "N197 Rochkind 2006",
    "et": "GroupName",
    "off": 19682,
    "sff": "control group"
  },
  {
    "docID": "N197 Rochkind 2006",
    "et": "GroupName",
    "off": 21988,
    "sff": "control group"
  },
  {
    "docID": "N197 Rochkind 2006",
    "et": "GroupName",
    "off": 8118,
    "sff": "saline"
  },
  {
    "docID": "N197 Rochkind 2006",
    "et": "GroupName",
    "off": 19933,
    "sff": "1"
  },
  {
    "docID": "N197 Rochkind 2006",
    "et": "GroupName",
    "off": 25046,
    "sff": "cells"
  },
  {
    "docID": "N197 Rochkind 2006",
    "et": "GroupName",
    "off": 21466,
    "sff": "control groups"
  },
  {
    "docID": "N197 Rochkind 2006",
    "et": "GroupName",
    "off": 25527,
    "sff": "scaffold"
  },
  {
    "docID": "N197 Rochkind 2006",
    "et": "GroupName",
    "off": 10896,
    "sff": "treatment"
  },
  {
    "docID": "N197 Rochkind 2006",
    "et": "GroupName",
    "off": 331,
    "sff": "mucosa"
  },
  {
    "docID": "N197 Rochkind 2006",
    "et": "GroupName",
    "off": 22796,
    "sff": "controls"
  },
  {
    "docID": "N197 Rochkind 2006",
    "et": "GroupName",
    "off": 21179,
    "sff": "groups"
  },
  {
    "docID": "N197 Rochkind 2006",
    "et": "GroupName",
    "off": 23431,
    "sff": "treatment"
  },
  {
    "docID": "N197 Rochkind 2006",
    "et": "GroupName",
    "off": 13835,
    "sff": "0"
  },
  {
    "docID": "N197 Rochkind 2006",
    "et": "GroupName",
    "off": 11080,
    "sff": "3"
  },
  {
    "docID": "N197 Rochkind 2006",
    "et": "GroupName",
    "off": 21766,
    "sff": "alone"
  },
  {
    "docID": "N197 Rochkind 2006",
    "et": "GroupName",
    "off": 24542,
    "sff": "implants"
  },
  {
    "docID": "N197 Rochkind 2006",
    "et": "GroupName",
    "off": 20662,
    "sff": "10"
  },
  {
    "docID": "N197 Rochkind 2006",
    "et": "GroupName",
    "off": 29168,
    "sff": "control animals"
  },
  {
    "docID": "N197 Rochkind 2006",
    "et": "GroupName",
    "off": 11255,
    "sff": "4"
  },
  {
    "docID": "N197 Rochkind 2006",
    "et": "GroupName",
    "off": 1861,
    "sff": "lesions"
  },
  {
    "docID": "N197 Rochkind 2006",
    "et": "GroupName",
    "off": 22513,
    "sff": "controls"
  },
  {
    "docID": "N197 Rochkind 2006",
    "et": "GroupName",
    "off": 26233,
    "sff": "cells"
  },
  {
    "docID": "N197 Rochkind 2006",
    "et": "GroupName",
    "off": 25091,
    "sff": "cells"
  },
  {
    "docID": "N197 Rochkind 2006",
    "et": "GroupName",
    "off": 23175,
    "sff": "control"
  },
  {
    "docID": "N197 Rochkind 2006",
    "et": "GroupName",
    "off": 27210,
    "sff": "control animals"
  },
  {
    "docID": "N197 Rochkind 2006",
    "et": "GroupName",
    "off": 21104,
    "sff": "groups"
  },
  {
    "docID": "N197 Rochkind 2006",
    "et": "GroupName",
    "off": 8126,
    "sff": "PBS"
  },
  {
    "docID": "N197 Rochkind 2006",
    "et": "GroupName",
    "off": 16609,
    "sff": "2"
  },
  {
    "docID": "N197 Rochkind 2006",
    "et": "GroupName",
    "off": 22811,
    "sff": "7"
  },
  {
    "docID": "N197 Rochkind 2006",
    "et": "GroupName",
    "off": 339,
    "sff": "NOM"
  },
  {
    "docID": "N197 Rochkind 2006",
    "et": "GroupName",
    "off": 10920,
    "sff": "control group"
  },
  {
    "docID": "N197 Rochkind 2006",
    "et": "GroupName",
    "off": 20178,
    "sff": "10"
  },
  {
    "docID": "N197 Rochkind 2006",
    "et": "GroupName",
    "off": 8765,
    "sff": "medium"
  },
  {
    "docID": "N197 Rochkind 2006",
    "et": "GroupName",
    "off": 23945,
    "sff": "animals"
  },
  {
    "docID": "N197 Rochkind 2006",
    "et": "GroupName",
    "off": 22014,
    "sff": "five"
  },
  {
    "docID": "N197 Rochkind 2006",
    "et": "GroupName",
    "off": 19682,
    "sff": "control"
  },
  {
    "docID": "N197 Rochkind 2006",
    "et": "GroupName",
    "off": 1204,
    "sff": "control group"
  },
  {
    "docID": "N197 Rochkind 2006",
    "et": "GroupName",
    "off": 1283,
    "sff": "implantation"
  },
  {
    "docID": "N197 Rochkind 2006",
    "et": "GroupName",
    "off": 22528,
    "sff": "7"
  },
  {
    "docID": "N197 Rochkind 2006",
    "et": "GroupName",
    "off": 20357,
    "sff": "1"
  },
  {
    "docID": "N197 Rochkind 2006",
    "et": "GroupName",
    "off": 8546,
    "sff": "medium"
  },
  {
    "docID": "N197 Rochkind 2006",
    "et": "GroupName",
    "off": 20854,
    "sff": "5"
  },
  {
    "docID": "N197 Rochkind 2006",
    "et": "GroupName",
    "off": 23512,
    "sff": "implantation"
  },
  {
    "docID": "N197 Rochkind 2006",
    "et": "GroupName",
    "off": 7865,
    "sff": "2"
  },
  {
    "docID": "N197 Rochkind 2006",
    "et": "GroupName",
    "off": 10928,
    "sff": "group"
  },
  {
    "docID": "N197 Rochkind 2006",
    "et": "GroupName",
    "off": 21372,
    "sff": "human embryonic spinal cord group"
  },
  {
    "docID": "N197 Rochkind 2006",
    "et": "GroupName",
    "off": 27651,
    "sff": "mixture"
  }
]
