[
  {
    "docID": "N199 Ruitenberg 2005",
    "et": "GroupName",
    "off": 45000,
    "sff": "5"
  },
  {
    "docID": "N199 Ruitenberg 2005",
    "et": "GroupName",
    "off": 40196,
    "sff": "controls"
  },
  {
    "docID": "N199 Ruitenberg 2005",
    "et": "GroupName",
    "off": 28852,
    "sff": "OEG-LacZ"
  },
  {
    "docID": "N199 Ruitenberg 2005",
    "et": "GroupName",
    "off": 43568,
    "sff": "vehicle-injected control animals"
  },
  {
    "docID": "N199 Ruitenberg 2005",
    "et": "GroupName",
    "off": 42536,
    "sff": "experimental group"
  },
  {
    "docID": "N199 Ruitenberg 2005",
    "et": "GroupName",
    "off": 42825,
    "sff": "mm"
  },
  {
    "docID": "N199 Ruitenberg 2005",
    "et": "GroupName",
    "off": 14401,
    "sff": "medium alone"
  },
  {
    "docID": "N199 Ruitenberg 2005",
    "et": "GroupName",
    "off": 11960,
    "sff": "3"
  },
  {
    "docID": "N199 Ruitenberg 2005",
    "et": "GroupName",
    "off": 1342,
    "sff": "transplanted rats"
  },
  {
    "docID": "N199 Ruitenberg 2005",
    "et": "GroupName",
    "off": 21595,
    "sff": "mm"
  },
  {
    "docID": "N199 Ruitenberg 2005",
    "et": "GroupName",
    "off": 43702,
    "sff": "5"
  },
  {
    "docID": "N199 Ruitenberg 2005",
    "et": "GroupName",
    "off": 44854,
    "sff": "5"
  },
  {
    "docID": "N199 Ruitenberg 2005",
    "et": "GroupName",
    "off": 43398,
    "sff": "lesioned"
  },
  {
    "docID": "N199 Ruitenberg 2005",
    "et": "GroupName",
    "off": 27444,
    "sff": "medium-injected"
  },
  {
    "docID": "N199 Ruitenberg 2005",
    "et": "GroupName",
    "off": 45032,
    "sff": "5"
  },
  {
    "docID": "N199 Ruitenberg 2005",
    "et": "GroupName",
    "off": 42609,
    "sff": "transplanted rats"
  },
  {
    "docID": "N199 Ruitenberg 2005",
    "et": "GroupName",
    "off": 33043,
    "sff": "control animals"
  },
  {
    "docID": "N199 Ruitenberg 2005",
    "et": "GroupName",
    "off": 42727,
    "sff": "mm"
  },
  {
    "docID": "N199 Ruitenberg 2005",
    "et": "GroupName",
    "off": 26176,
    "sff": "experimental animals"
  },
  {
    "docID": "N199 Ruitenberg 2005",
    "et": "GroupName",
    "off": 28835,
    "sff": "control"
  },
  {
    "docID": "N199 Ruitenberg 2005",
    "et": "GroupName",
    "off": 29154,
    "sff": "transplanted rats"
  },
  {
    "docID": "N199 Ruitenberg 2005",
    "et": "GroupName",
    "off": 43313,
    "sff": "OEG-LacZ group"
  },
  {
    "docID": "N199 Ruitenberg 2005",
    "et": "GroupName",
    "off": 39449,
    "sff": "2"
  },
  {
    "docID": "N199 Ruitenberg 2005",
    "et": "GroupName",
    "off": 41762,
    "sff": "vehicle-injected"
  },
  {
    "docID": "N199 Ruitenberg 2005",
    "et": "GroupName",
    "off": 43785,
    "sff": "5"
  },
  {
    "docID": "N199 Ruitenberg 2005",
    "et": "GroupName",
    "off": 36616,
    "sff": "medium-injected"
  },
  {
    "docID": "N199 Ruitenberg 2005",
    "et": "GroupName",
    "off": 10766,
    "sff": "medium"
  },
  {
    "docID": "N199 Ruitenberg 2005",
    "et": "GroupName",
    "off": 10329,
    "sff": "culture"
  },
  {
    "docID": "N199 Ruitenberg 2005",
    "et": "GroupName",
    "off": 44801,
    "sff": "vehicle-injected group"
  },
  {
    "docID": "N199 Ruitenberg 2005",
    "et": "GroupName",
    "off": 43585,
    "sff": "control animals"
  },
  {
    "docID": "N199 Ruitenberg 2005",
    "et": "GroupName",
    "off": 43556,
    "sff": "injury"
  },
  {
    "docID": "N199 Ruitenberg 2005",
    "et": "GroupName",
    "off": 1720,
    "sff": "implantation"
  },
  {
    "docID": "N199 Ruitenberg 2005",
    "et": "GroupName",
    "off": 21650,
    "sff": "mm"
  },
  {
    "docID": "N199 Ruitenberg 2005",
    "et": "GroupName",
    "off": 14349,
    "sff": "cells"
  },
  {
    "docID": "N199 Ruitenberg 2005",
    "et": "GroupName",
    "off": 240,
    "sff": "AdV"
  },
  {
    "docID": "N199 Ruitenberg 2005",
    "et": "GroupName",
    "off": 42768,
    "sff": "mm"
  },
  {
    "docID": "N199 Ruitenberg 2005",
    "et": "GroupName",
    "off": 13300,
    "sff": "injury"
  },
  {
    "docID": "N199 Ruitenberg 2005",
    "et": "GroupName",
    "off": 24337,
    "sff": "10"
  },
  {
    "docID": "N199 Ruitenberg 2005",
    "et": "GroupName",
    "off": 285,
    "sff": "3"
  },
  {
    "docID": "N199 Ruitenberg 2005",
    "et": "GroupName",
    "off": 1135,
    "sff": "medium-injected"
  },
  {
    "docID": "N199 Ruitenberg 2005",
    "et": "GroupName",
    "off": 41183,
    "sff": "controls"
  },
  {
    "docID": "N199 Ruitenberg 2005",
    "et": "GroupName",
    "off": 1126,
    "sff": "control"
  },
  {
    "docID": "N199 Ruitenberg 2005",
    "et": "GroupName",
    "off": 36607,
    "sff": "control"
  },
  {
    "docID": "N199 Ruitenberg 2005",
    "et": "GroupName",
    "off": 21562,
    "sff": "mm"
  },
  {
    "docID": "N199 Ruitenberg 2005",
    "et": "GroupName",
    "off": 21691,
    "sff": "mm"
  },
  {
    "docID": "N199 Ruitenberg 2005",
    "et": "GroupName",
    "off": 25470,
    "sff": "control"
  },
  {
    "docID": "N199 Ruitenberg 2005",
    "et": "GroupName",
    "off": 25479,
    "sff": "OEG-LacZ"
  },
  {
    "docID": "N199 Ruitenberg 2005",
    "et": "GroupName",
    "off": 402,
    "sff": "OEG"
  },
  {
    "docID": "N199 Ruitenberg 2005",
    "et": "GroupName",
    "off": 42051,
    "sff": "later"
  },
  {
    "docID": "N199 Ruitenberg 2005",
    "et": "GroupName",
    "off": 10995,
    "sff": "medium"
  },
  {
    "docID": "N199 Ruitenberg 2005",
    "et": "GroupName",
    "off": 23403,
    "sff": "cells"
  }
]
