[
  {
    "docID": "N201 Sasaki 2006",
    "et": "GroupName",
    "off": 20963,
    "sff": "SCI1FG1DMEM group"
  },
  {
    "docID": "N201 Sasaki 2006",
    "et": "GroupName",
    "off": 5507,
    "sff": "DMEM"
  },
  {
    "docID": "N201 Sasaki 2006",
    "et": "GroupName",
    "off": 9227,
    "sff": "group"
  },
  {
    "docID": "N201 Sasaki 2006",
    "et": "GroupName",
    "off": 14030,
    "sff": "SCI1FG1DMEM"
  },
  {
    "docID": "N201 Sasaki 2006",
    "et": "GroupName",
    "off": 18624,
    "sff": "SCI"
  },
  {
    "docID": "N201 Sasaki 2006",
    "et": "GroupName",
    "off": 15940,
    "sff": "SCI1FG1DMEM"
  },
  {
    "docID": "N201 Sasaki 2006",
    "et": "GroupName",
    "off": 21330,
    "sff": "SCI1FG1DMEM group"
  },
  {
    "docID": "N201 Sasaki 2006",
    "et": "GroupName",
    "off": 21415,
    "sff": "transplant"
  },
  {
    "docID": "N201 Sasaki 2006",
    "et": "GroupName",
    "off": 22458,
    "sff": "SCI1FG1DMEM"
  },
  {
    "docID": "N201 Sasaki 2006",
    "et": "GroupName",
    "off": 18659,
    "sff": "OEC transplantation"
  },
  {
    "docID": "N201 Sasaki 2006",
    "et": "GroupName",
    "off": 9223,
    "sff": "OEC group"
  },
  {
    "docID": "N201 Sasaki 2006",
    "et": "GroupName",
    "off": 22361,
    "sff": "OEC transplant group"
  },
  {
    "docID": "N201 Sasaki 2006",
    "et": "GroupName",
    "off": 20342,
    "sff": "SCI1 FG1OEC transplant group"
  },
  {
    "docID": "N201 Sasaki 2006",
    "et": "GroupName",
    "off": 11953,
    "sff": "B"
  },
  {
    "docID": "N201 Sasaki 2006",
    "et": "GroupName",
    "off": 15554,
    "sff": "SCI1FG1OEC"
  },
  {
    "docID": "N201 Sasaki 2006",
    "et": "GroupName",
    "off": 19967,
    "sff": "OEC transplant"
  },
  {
    "docID": "N201 Sasaki 2006",
    "et": "GroupName",
    "off": 1041,
    "sff": "week"
  },
  {
    "docID": "N201 Sasaki 2006",
    "et": "GroupName",
    "off": 20136,
    "sff": "controls"
  },
  {
    "docID": "N201 Sasaki 2006",
    "et": "GroupName",
    "off": 15398,
    "sff": "controls"
  },
  {
    "docID": "N201 Sasaki 2006",
    "et": "GroupName",
    "off": 21091,
    "sff": "SCI1 FG1OEC"
  },
  {
    "docID": "N201 Sasaki 2006",
    "et": "GroupName",
    "off": 6186,
    "sff": "Animals"
  },
  {
    "docID": "N201 Sasaki 2006",
    "et": "GroupName",
    "off": 4685,
    "sff": "DMEM"
  },
  {
    "docID": "N201 Sasaki 2006",
    "et": "GroupName",
    "off": 22458,
    "sff": "SCI1FG1DMEM group"
  },
  {
    "docID": "N201 Sasaki 2006",
    "et": "GroupName",
    "off": 22165,
    "sff": "SCI1FG1OEC transplant groups"
  },
  {
    "docID": "N201 Sasaki 2006",
    "et": "GroupName",
    "off": 9249,
    "sff": "SCI1FG1DMEM group"
  },
  {
    "docID": "N201 Sasaki 2006",
    "et": "GroupName",
    "off": 20006,
    "sff": "SCI1FG1DMEM group"
  },
  {
    "docID": "N201 Sasaki 2006",
    "et": "GroupName",
    "off": 13947,
    "sff": "animals"
  },
  {
    "docID": "N201 Sasaki 2006",
    "et": "GroupName",
    "off": 22498,
    "sff": "SCI1FG1OEC"
  },
  {
    "docID": "N201 Sasaki 2006",
    "et": "GroupName",
    "off": 9774,
    "sff": "rats"
  },
  {
    "docID": "N201 Sasaki 2006",
    "et": "GroupName",
    "off": 8253,
    "sff": "10"
  },
  {
    "docID": "N201 Sasaki 2006",
    "et": "GroupName",
    "off": 11812,
    "sff": "injury"
  },
  {
    "docID": "N201 Sasaki 2006",
    "et": "GroupName",
    "off": 19800,
    "sff": "SCI1FG1OEC"
  },
  {
    "docID": "N201 Sasaki 2006",
    "et": "GroupName",
    "off": 5290,
    "sff": "rats"
  },
  {
    "docID": "N201 Sasaki 2006",
    "et": "GroupName",
    "off": 14576,
    "sff": "animals"
  },
  {
    "docID": "N201 Sasaki 2006",
    "et": "GroupName",
    "off": 9829,
    "sff": "animals"
  },
  {
    "docID": "N201 Sasaki 2006",
    "et": "GroupName",
    "off": 15241,
    "sff": "injury"
  },
  {
    "docID": "N201 Sasaki 2006",
    "et": "GroupName",
    "off": 6750,
    "sff": "CT"
  },
  {
    "docID": "N201 Sasaki 2006",
    "et": "GroupName",
    "off": 12280,
    "sff": "transplanted OECs"
  },
  {
    "docID": "N201 Sasaki 2006",
    "et": "GroupName",
    "off": 21146,
    "sff": "DMEM group"
  },
  {
    "docID": "N201 Sasaki 2006",
    "et": "GroupName",
    "off": 5113,
    "sff": "Animals"
  },
  {
    "docID": "N201 Sasaki 2006",
    "et": "GroupName",
    "off": 20963,
    "sff": "SCI1FG1DMEM"
  },
  {
    "docID": "N201 Sasaki 2006",
    "et": "GroupName",
    "off": 19691,
    "sff": "SCI1FG1OEC"
  },
  {
    "docID": "N201 Sasaki 2006",
    "et": "GroupName",
    "off": 11685,
    "sff": "SCI1FG1DMEM groups"
  },
  {
    "docID": "N201 Sasaki 2006",
    "et": "GroupName",
    "off": 15577,
    "sff": "SCI1FG1DMEM"
  },
  {
    "docID": "N201 Sasaki 2006",
    "et": "GroupName",
    "off": 5490,
    "sff": "OECs"
  },
  {
    "docID": "N201 Sasaki 2006",
    "et": "GroupName",
    "off": 21415,
    "sff": "transplant group"
  },
  {
    "docID": "N201 Sasaki 2006",
    "et": "GroupName",
    "off": 20823,
    "sff": "week"
  },
  {
    "docID": "N201 Sasaki 2006",
    "et": "GroupName",
    "off": 12680,
    "sff": "transplanted OECs"
  },
  {
    "docID": "N201 Sasaki 2006",
    "et": "GroupName",
    "off": 14741,
    "sff": "C"
  },
  {
    "docID": "N201 Sasaki 2006",
    "et": "GroupName",
    "off": 19596,
    "sff": "cells"
  },
  {
    "docID": "N201 Sasaki 2006",
    "et": "GroupName",
    "off": 20131,
    "sff": "sham controls"
  },
  {
    "docID": "N201 Sasaki 2006",
    "et": "GroupName",
    "off": 7311,
    "sff": "control"
  }
]
