[
  {
    "docID": "N203 Stamegna 2011",
    "et": "GroupName",
    "off": 25744,
    "sff": "MEDIUM"
  },
  {
    "docID": "N203 Stamegna 2011",
    "et": "GroupName",
    "off": 27370,
    "sff": "OEC group"
  },
  {
    "docID": "N203 Stamegna 2011",
    "et": "GroupName",
    "off": 26895,
    "sff": "MEDIUM"
  },
  {
    "docID": "N203 Stamegna 2011",
    "et": "GroupName",
    "off": 9513,
    "sff": "Control rats"
  },
  {
    "docID": "N203 Stamegna 2011",
    "et": "GroupName",
    "off": 28256,
    "sff": "OEC group"
  },
  {
    "docID": "N203 Stamegna 2011",
    "et": "GroupName",
    "off": 27144,
    "sff": "MEDIUM"
  },
  {
    "docID": "N203 Stamegna 2011",
    "et": "GroupName",
    "off": 25692,
    "sff": "OEC"
  },
  {
    "docID": "N203 Stamegna 2011",
    "et": "GroupName",
    "off": 20928,
    "sff": "MEDIUM group"
  },
  {
    "docID": "N203 Stamegna 2011",
    "et": "GroupName",
    "off": 17452,
    "sff": "control"
  },
  {
    "docID": "N203 Stamegna 2011",
    "et": "GroupName",
    "off": 21264,
    "sff": "transplantation"
  },
  {
    "docID": "N203 Stamegna 2011",
    "et": "GroupName",
    "off": 25515,
    "sff": "MEDIUM rats"
  },
  {
    "docID": "N203 Stamegna 2011",
    "et": "GroupName",
    "off": 24030,
    "sff": "OEC groups"
  },
  {
    "docID": "N203 Stamegna 2011",
    "et": "GroupName",
    "off": 6795,
    "sff": "control rats"
  },
  {
    "docID": "N203 Stamegna 2011",
    "et": "GroupName",
    "off": 19588,
    "sff": "MEDIUM"
  },
  {
    "docID": "N203 Stamegna 2011",
    "et": "GroupName",
    "off": 23032,
    "sff": "MEDIUM"
  },
  {
    "docID": "N203 Stamegna 2011",
    "et": "GroupName",
    "off": 17736,
    "sff": "Control"
  },
  {
    "docID": "N203 Stamegna 2011",
    "et": "GroupName",
    "off": 22472,
    "sff": "Control"
  },
  {
    "docID": "N203 Stamegna 2011",
    "et": "GroupName",
    "off": 22805,
    "sff": "control rats"
  },
  {
    "docID": "N203 Stamegna 2011",
    "et": "GroupName",
    "off": 21260,
    "sff": "OEC transplantation"
  },
  {
    "docID": "N203 Stamegna 2011",
    "et": "GroupName",
    "off": 20182,
    "sff": "sections"
  },
  {
    "docID": "N203 Stamegna 2011",
    "et": "GroupName",
    "off": 24075,
    "sff": "side"
  },
  {
    "docID": "N203 Stamegna 2011",
    "et": "GroupName",
    "off": 21776,
    "sff": "side"
  },
  {
    "docID": "N203 Stamegna 2011",
    "et": "GroupName",
    "off": 24277,
    "sff": "hemi-diaphragmofMEDIUMgroup.However"
  },
  {
    "docID": "N203 Stamegna 2011",
    "et": "GroupName",
    "off": 15889,
    "sff": "side"
  },
  {
    "docID": "N203 Stamegna 2011",
    "et": "GroupName",
    "off": 25515,
    "sff": "MEDIUM"
  },
  {
    "docID": "N203 Stamegna 2011",
    "et": "GroupName",
    "off": 25627,
    "sff": "OEC group"
  },
  {
    "docID": "N203 Stamegna 2011",
    "et": "GroupName",
    "off": 17762,
    "sff": "OEC"
  },
  {
    "docID": "N203 Stamegna 2011",
    "et": "GroupName",
    "off": 22752,
    "sff": "OEC"
  },
  {
    "docID": "N203 Stamegna 2011",
    "et": "GroupName",
    "off": 9566,
    "sff": "5"
  },
  {
    "docID": "N203 Stamegna 2011",
    "et": "GroupName",
    "off": 29567,
    "sff": "side"
  },
  {
    "docID": "N203 Stamegna 2011",
    "et": "GroupName",
    "off": 27370,
    "sff": "OEC"
  },
  {
    "docID": "N203 Stamegna 2011",
    "et": "GroupName",
    "off": 20136,
    "sff": "OEC-transplanted rats"
  },
  {
    "docID": "N203 Stamegna 2011",
    "et": "GroupName",
    "off": 10614,
    "sff": "animals"
  },
  {
    "docID": "N203 Stamegna 2011",
    "et": "GroupName",
    "off": 19603,
    "sff": "OEC-transplanted rats"
  },
  {
    "docID": "N203 Stamegna 2011",
    "et": "GroupName",
    "off": 20524,
    "sff": "side"
  },
  {
    "docID": "N203 Stamegna 2011",
    "et": "GroupName",
    "off": 20896,
    "sff": "OEC group"
  },
  {
    "docID": "N203 Stamegna 2011",
    "et": "GroupName",
    "off": 6786,
    "sff": "contused control rats"
  },
  {
    "docID": "N203 Stamegna 2011",
    "et": "GroupName",
    "off": 26895,
    "sff": "MEDIUM group"
  },
  {
    "docID": "N203 Stamegna 2011",
    "et": "GroupName",
    "off": 20928,
    "sff": "MEDIUM"
  },
  {
    "docID": "N203 Stamegna 2011",
    "et": "GroupName",
    "off": 23959,
    "sff": "side"
  },
  {
    "docID": "N203 Stamegna 2011",
    "et": "GroupName",
    "off": 27144,
    "sff": "MEDIUM group"
  },
  {
    "docID": "N203 Stamegna 2011",
    "et": "GroupName",
    "off": 26429,
    "sff": "OEC rats"
  },
  {
    "docID": "N203 Stamegna 2011",
    "et": "GroupName",
    "off": 25032,
    "sff": "injured"
  },
  {
    "docID": "N203 Stamegna 2011",
    "et": "GroupName",
    "off": 25744,
    "sff": "MEDIUM group"
  },
  {
    "docID": "N203 Stamegna 2011",
    "et": "GroupName",
    "off": 21045,
    "sff": "transplantation"
  },
  {
    "docID": "N203 Stamegna 2011",
    "et": "GroupName",
    "off": 30168,
    "sff": "MEDIUM group"
  },
  {
    "docID": "N203 Stamegna 2011",
    "et": "GroupName",
    "off": 15947,
    "sff": "side"
  },
  {
    "docID": "N203 Stamegna 2011",
    "et": "GroupName",
    "off": 24461,
    "sff": "toMEDIUMgroup"
  },
  {
    "docID": "N203 Stamegna 2011",
    "et": "GroupName",
    "off": 6826,
    "sff": "OEC rat groups"
  },
  {
    "docID": "N203 Stamegna 2011",
    "et": "GroupName",
    "off": 20896,
    "sff": "OEC"
  },
  {
    "docID": "N203 Stamegna 2011",
    "et": "GroupName",
    "off": 21041,
    "sff": "OEC transplantation"
  },
  {
    "docID": "N203 Stamegna 2011",
    "et": "GroupName",
    "off": 18914,
    "sff": "level"
  }
]
