[
  {
    "docID": "N204 Steward 2006",
    "et": "GroupName",
    "off": 33898,
    "sff": "group with OLP transplant"
  },
  {
    "docID": "N204 Steward 2006",
    "et": "GroupName",
    "off": 32877,
    "sff": "RLP group"
  },
  {
    "docID": "N204 Steward 2006",
    "et": "GroupName",
    "off": 27159,
    "sff": "RLP"
  },
  {
    "docID": "N204 Steward 2006",
    "et": "GroupName",
    "off": 18616,
    "sff": "saline"
  },
  {
    "docID": "N204 Steward 2006",
    "et": "GroupName",
    "off": 1170,
    "sff": "RLP"
  },
  {
    "docID": "N204 Steward 2006",
    "et": "GroupName",
    "off": 38544,
    "sff": "RLP"
  },
  {
    "docID": "N204 Steward 2006",
    "et": "GroupName",
    "off": 33039,
    "sff": "RLP"
  },
  {
    "docID": "N204 Steward 2006",
    "et": "GroupName",
    "off": 38352,
    "sff": "RLP group"
  },
  {
    "docID": "N204 Steward 2006",
    "et": "GroupName",
    "off": 38668,
    "sff": "OLP"
  },
  {
    "docID": "N204 Steward 2006",
    "et": "GroupName",
    "off": 34378,
    "sff": "RLP group"
  },
  {
    "docID": "N204 Steward 2006",
    "et": "GroupName",
    "off": 22091,
    "sff": "PBS"
  },
  {
    "docID": "N204 Steward 2006",
    "et": "GroupName",
    "off": 17043,
    "sff": "other"
  },
  {
    "docID": "N204 Steward 2006",
    "et": "GroupName",
    "off": 34764,
    "sff": "tissue"
  },
  {
    "docID": "N204 Steward 2006",
    "et": "GroupName",
    "off": 33953,
    "sff": "group with RLP transplants"
  },
  {
    "docID": "N204 Steward 2006",
    "et": "GroupName",
    "off": 23137,
    "sff": "PBS"
  },
  {
    "docID": "N204 Steward 2006",
    "et": "GroupName",
    "off": 37466,
    "sff": "surgery"
  },
  {
    "docID": "N204 Steward 2006",
    "et": "GroupName",
    "off": 13668,
    "sff": "OLP"
  },
  {
    "docID": "N204 Steward 2006",
    "et": "GroupName",
    "off": 15276,
    "sff": "F12"
  },
  {
    "docID": "N204 Steward 2006",
    "et": "GroupName",
    "off": 36429,
    "sff": "10"
  },
  {
    "docID": "N204 Steward 2006",
    "et": "GroupName",
    "off": 38213,
    "sff": "RLP"
  },
  {
    "docID": "N204 Steward 2006",
    "et": "GroupName",
    "off": 10833,
    "sff": "surgery"
  },
  {
    "docID": "N204 Steward 2006",
    "et": "GroupName",
    "off": 24981,
    "sff": "LP"
  },
  {
    "docID": "N204 Steward 2006",
    "et": "GroupName",
    "off": 25310,
    "sff": "RLP"
  },
  {
    "docID": "N204 Steward 2006",
    "et": "GroupName",
    "off": 24409,
    "sff": "RLP"
  },
  {
    "docID": "N204 Steward 2006",
    "et": "GroupName",
    "off": 24372,
    "sff": "OLP"
  },
  {
    "docID": "N204 Steward 2006",
    "et": "GroupName",
    "off": 36312,
    "sff": "transplant"
  },
  {
    "docID": "N204 Steward 2006",
    "et": "GroupName",
    "off": 833,
    "sff": "OLP"
  },
  {
    "docID": "N204 Steward 2006",
    "et": "GroupName",
    "off": 25274,
    "sff": "OLP"
  },
  {
    "docID": "N204 Steward 2006",
    "et": "GroupName",
    "off": 38352,
    "sff": "RLP"
  },
  {
    "docID": "N204 Steward 2006",
    "et": "GroupName",
    "off": 38471,
    "sff": "OLP"
  },
  {
    "docID": "N204 Steward 2006",
    "et": "GroupName",
    "off": 30826,
    "sff": "RLP"
  },
  {
    "docID": "N204 Steward 2006",
    "et": "GroupName",
    "off": 32718,
    "sff": "OLP group"
  },
  {
    "docID": "N204 Steward 2006",
    "et": "GroupName",
    "off": 22975,
    "sff": "PBS"
  },
  {
    "docID": "N204 Steward 2006",
    "et": "GroupName",
    "off": 40258,
    "sff": "OLP"
  },
  {
    "docID": "N204 Steward 2006",
    "et": "GroupName",
    "off": 32718,
    "sff": "OLP"
  },
  {
    "docID": "N204 Steward 2006",
    "et": "GroupName",
    "off": 38471,
    "sff": "OLP group"
  },
  {
    "docID": "N204 Steward 2006",
    "et": "GroupName",
    "off": 38544,
    "sff": "RLP group"
  },
  {
    "docID": "N204 Steward 2006",
    "et": "GroupName",
    "off": 1675,
    "sff": "RLP transplant groups"
  },
  {
    "docID": "N204 Steward 2006",
    "et": "GroupName",
    "off": 38693,
    "sff": "7"
  },
  {
    "docID": "N204 Steward 2006",
    "et": "GroupName",
    "off": 11561,
    "sff": "surgery"
  },
  {
    "docID": "N204 Steward 2006",
    "et": "GroupName",
    "off": 38524,
    "sff": "5"
  },
  {
    "docID": "N204 Steward 2006",
    "et": "GroupName",
    "off": 36700,
    "sff": "cells"
  },
  {
    "docID": "N204 Steward 2006",
    "et": "GroupName",
    "off": 37022,
    "sff": "OLP"
  },
  {
    "docID": "N204 Steward 2006",
    "et": "GroupName",
    "off": 38386,
    "sff": "OLP group"
  },
  {
    "docID": "N204 Steward 2006",
    "et": "GroupName",
    "off": 35600,
    "sff": "10"
  },
  {
    "docID": "N204 Steward 2006",
    "et": "GroupName",
    "off": 13705,
    "sff": "RLP"
  },
  {
    "docID": "N204 Steward 2006",
    "et": "GroupName",
    "off": 12857,
    "sff": "days"
  },
  {
    "docID": "N204 Steward 2006",
    "et": "GroupName",
    "off": 17222,
    "sff": "grafting"
  },
  {
    "docID": "N204 Steward 2006",
    "et": "GroupName",
    "off": 26758,
    "sff": "RLP"
  },
  {
    "docID": "N204 Steward 2006",
    "et": "GroupName",
    "off": 23320,
    "sff": "PBS"
  },
  {
    "docID": "N204 Steward 2006",
    "et": "GroupName",
    "off": 38597,
    "sff": "2"
  },
  {
    "docID": "N204 Steward 2006",
    "et": "GroupName",
    "off": 20454,
    "sff": "transection"
  }
]
