[
  {
    "docID": "N208 Takeoka 2011",
    "et": "GroupName",
    "off": 11706,
    "sff": "spinal rats"
  },
  {
    "docID": "N208 Takeoka 2011",
    "et": "GroupName",
    "off": 40132,
    "sff": "OEG-trained"
  },
  {
    "docID": "N208 Takeoka 2011",
    "et": "GroupName",
    "off": 43089,
    "sff": "OEG-trained"
  },
  {
    "docID": "N208 Takeoka 2011",
    "et": "GroupName",
    "off": 24008,
    "sff": "media-injected rats"
  },
  {
    "docID": "N208 Takeoka 2011",
    "et": "GroupName",
    "off": 7001,
    "sff": "transection"
  },
  {
    "docID": "N208 Takeoka 2011",
    "et": "GroupName",
    "off": 13844,
    "sff": "apart"
  },
  {
    "docID": "N208 Takeoka 2011",
    "et": "GroupName",
    "off": 28376,
    "sff": "media-untrained"
  },
  {
    "docID": "N208 Takeoka 2011",
    "et": "GroupName",
    "off": 38324,
    "sff": "controls"
  },
  {
    "docID": "N208 Takeoka 2011",
    "et": "GroupName",
    "off": 43045,
    "sff": "media-trained"
  },
  {
    "docID": "N208 Takeoka 2011",
    "et": "GroupName",
    "off": 6052,
    "sff": "10"
  },
  {
    "docID": "N208 Takeoka 2011",
    "et": "GroupName",
    "off": 51492,
    "sff": "other"
  },
  {
    "docID": "N208 Takeoka 2011",
    "et": "GroupName",
    "off": 24409,
    "sff": "media-injected rats"
  },
  {
    "docID": "N208 Takeoka 2011",
    "et": "GroupName",
    "off": 50762,
    "sff": "transection"
  },
  {
    "docID": "N208 Takeoka 2011",
    "et": "GroupName",
    "off": 32235,
    "sff": "media groups"
  },
  {
    "docID": "N208 Takeoka 2011",
    "et": "GroupName",
    "off": 11719,
    "sff": "media-untrained"
  },
  {
    "docID": "N208 Takeoka 2011",
    "et": "GroupName",
    "off": 48951,
    "sff": "injury"
  },
  {
    "docID": "N208 Takeoka 2011",
    "et": "GroupName",
    "off": 22927,
    "sff": "media-injected"
  },
  {
    "docID": "N208 Takeoka 2011",
    "et": "GroupName",
    "off": 10351,
    "sff": "mm"
  },
  {
    "docID": "N208 Takeoka 2011",
    "et": "GroupName",
    "off": 22674,
    "sff": "media-injected"
  },
  {
    "docID": "N208 Takeoka 2011",
    "et": "GroupName",
    "off": 29197,
    "sff": "spinal rats"
  },
  {
    "docID": "N208 Takeoka 2011",
    "et": "GroupName",
    "off": 42262,
    "sff": "after"
  },
  {
    "docID": "N208 Takeoka 2011",
    "et": "GroupName",
    "off": 24273,
    "sff": "media"
  },
  {
    "docID": "N208 Takeoka 2011",
    "et": "GroupName",
    "off": 9438,
    "sff": "5"
  },
  {
    "docID": "N208 Takeoka 2011",
    "et": "GroupName",
    "off": 40189,
    "sff": "OEG group"
  },
  {
    "docID": "N208 Takeoka 2011",
    "et": "GroupName",
    "off": 23920,
    "sff": "OEG-injected"
  },
  {
    "docID": "N208 Takeoka 2011",
    "et": "GroupName",
    "off": 34290,
    "sff": "trained"
  },
  {
    "docID": "N208 Takeoka 2011",
    "et": "GroupName",
    "off": 24805,
    "sff": "OEG-injected rats"
  },
  {
    "docID": "N208 Takeoka 2011",
    "et": "GroupName",
    "off": 5958,
    "sff": "5"
  },
  {
    "docID": "N208 Takeoka 2011",
    "et": "GroupName",
    "off": 28401,
    "sff": "media-trained"
  },
  {
    "docID": "N208 Takeoka 2011",
    "et": "GroupName",
    "off": 28425,
    "sff": "OEG-untrained"
  },
  {
    "docID": "N208 Takeoka 2011",
    "et": "GroupName",
    "off": 31207,
    "sff": "spinal rats"
  },
  {
    "docID": "N208 Takeoka 2011",
    "et": "GroupName",
    "off": 823,
    "sff": "OEG"
  },
  {
    "docID": "N208 Takeoka 2011",
    "et": "GroupName",
    "off": 11743,
    "sff": "media-trained"
  },
  {
    "docID": "N208 Takeoka 2011",
    "et": "GroupName",
    "off": 34725,
    "sff": "mediainjected rats"
  },
  {
    "docID": "N208 Takeoka 2011",
    "et": "GroupName",
    "off": 43106,
    "sff": "5"
  },
  {
    "docID": "N208 Takeoka 2011",
    "et": "GroupName",
    "off": 40720,
    "sff": "training"
  },
  {
    "docID": "N208 Takeoka 2011",
    "et": "GroupName",
    "off": 22950,
    "sff": "OEG-injected"
  },
  {
    "docID": "N208 Takeoka 2011",
    "et": "GroupName",
    "off": 13741,
    "sff": "apart"
  },
  {
    "docID": "N208 Takeoka 2011",
    "et": "GroupName",
    "off": 46379,
    "sff": "OEG-injected rats"
  },
  {
    "docID": "N208 Takeoka 2011",
    "et": "GroupName",
    "off": 19859,
    "sff": "OEG-untrained rats"
  },
  {
    "docID": "N208 Takeoka 2011",
    "et": "GroupName",
    "off": 28453,
    "sff": "OEG-trained"
  },
  {
    "docID": "N208 Takeoka 2011",
    "et": "GroupName",
    "off": 11804,
    "sff": "5"
  },
  {
    "docID": "N208 Takeoka 2011",
    "et": "GroupName",
    "off": 22698,
    "sff": "OEG-injected"
  },
  {
    "docID": "N208 Takeoka 2011",
    "et": "GroupName",
    "off": 28420,
    "sff": "10"
  },
  {
    "docID": "N208 Takeoka 2011",
    "et": "GroupName",
    "off": 26493,
    "sff": "SC"
  },
  {
    "docID": "N208 Takeoka 2011",
    "et": "GroupName",
    "off": 37369,
    "sff": "OEG transplantation"
  },
  {
    "docID": "N208 Takeoka 2011",
    "et": "GroupName",
    "off": 25540,
    "sff": "media-injected rats"
  },
  {
    "docID": "N208 Takeoka 2011",
    "et": "GroupName",
    "off": 43021,
    "sff": "media-untrained"
  },
  {
    "docID": "N208 Takeoka 2011",
    "et": "GroupName",
    "off": 50238,
    "sff": "spinal rats"
  },
  {
    "docID": "N208 Takeoka 2011",
    "et": "GroupName",
    "off": 23897,
    "sff": "media-injected"
  },
  {
    "docID": "N208 Takeoka 2011",
    "et": "GroupName",
    "off": 44350,
    "sff": "media-injected rats"
  }
]
