[
  {
    "docID": "N209 Tharion 2011",
    "et": "GroupName",
    "off": 14666,
    "sff": "control"
  },
  {
    "docID": "N209 Tharion 2011",
    "et": "GroupName",
    "off": 7210,
    "sff": "10"
  },
  {
    "docID": "N209 Tharion 2011",
    "et": "GroupName",
    "off": 12579,
    "sff": "test group"
  },
  {
    "docID": "N209 Tharion 2011",
    "et": "GroupName",
    "off": 6920,
    "sff": "injury"
  },
  {
    "docID": "N209 Tharion 2011",
    "et": "GroupName",
    "off": 12593,
    "sff": "10"
  },
  {
    "docID": "N209 Tharion 2011",
    "et": "GroupName",
    "off": 10928,
    "sff": "control rats"
  },
  {
    "docID": "N209 Tharion 2011",
    "et": "GroupName",
    "off": 8044,
    "sff": "saline"
  },
  {
    "docID": "N209 Tharion 2011",
    "et": "GroupName",
    "off": 5176,
    "sff": "olfactory mucosa"
  },
  {
    "docID": "N209 Tharion 2011",
    "et": "GroupName",
    "off": 7193,
    "sff": "control group"
  },
  {
    "docID": "N209 Tharion 2011",
    "et": "GroupName",
    "off": 11264,
    "sff": "test group"
  },
  {
    "docID": "N209 Tharion 2011",
    "et": "GroupName",
    "off": 12947,
    "sff": "control group"
  },
  {
    "docID": "N209 Tharion 2011",
    "et": "GroupName",
    "off": 15032,
    "sff": "cell-treated"
  },
  {
    "docID": "N209 Tharion 2011",
    "et": "GroupName",
    "off": 12650,
    "sff": "rats"
  },
  {
    "docID": "N209 Tharion 2011",
    "et": "GroupName",
    "off": 10796,
    "sff": "test"
  },
  {
    "docID": "N209 Tharion 2011",
    "et": "GroupName",
    "off": 7656,
    "sff": "test group"
  },
  {
    "docID": "N209 Tharion 2011",
    "et": "GroupName",
    "off": 1143,
    "sff": "rats"
  },
  {
    "docID": "N209 Tharion 2011",
    "et": "GroupName",
    "off": 11276,
    "sff": "transplanted rats"
  },
  {
    "docID": "N209 Tharion 2011",
    "et": "GroupName",
    "off": 12439,
    "sff": "olfactory mucosa"
  },
  {
    "docID": "N209 Tharion 2011",
    "et": "GroupName",
    "off": 702,
    "sff": "OEC"
  },
  {
    "docID": "N209 Tharion 2011",
    "et": "GroupName",
    "off": 14691,
    "sff": "test group"
  },
  {
    "docID": "N209 Tharion 2011",
    "et": "GroupName",
    "off": 427,
    "sff": "cells"
  },
  {
    "docID": "N209 Tharion 2011",
    "et": "GroupName",
    "off": 1125,
    "sff": "test group"
  },
  {
    "docID": "N209 Tharion 2011",
    "et": "GroupName",
    "off": 12947,
    "sff": "control"
  },
  {
    "docID": "N209 Tharion 2011",
    "et": "GroupName",
    "off": 12658,
    "sff": "10"
  },
  {
    "docID": "N209 Tharion 2011",
    "et": "GroupName",
    "off": 14691,
    "sff": "test"
  },
  {
    "docID": "N209 Tharion 2011",
    "et": "GroupName",
    "off": 8164,
    "sff": "PBS"
  },
  {
    "docID": "N209 Tharion 2011",
    "et": "GroupName",
    "off": 12042,
    "sff": "OM"
  },
  {
    "docID": "N209 Tharion 2011",
    "et": "GroupName",
    "off": 12012,
    "sff": "RM"
  },
  {
    "docID": "N209 Tharion 2011",
    "et": "GroupName",
    "off": 11999,
    "sff": "respiratory"
  },
  {
    "docID": "N209 Tharion 2011",
    "et": "GroupName",
    "off": 11905,
    "sff": "olfactory mucosa"
  },
  {
    "docID": "N209 Tharion 2011",
    "et": "GroupName",
    "off": 1553,
    "sff": "control"
  },
  {
    "docID": "N209 Tharion 2011",
    "et": "GroupName",
    "off": 1727,
    "sff": "OEC transplantation"
  },
  {
    "docID": "N209 Tharion 2011",
    "et": "GroupName",
    "off": 12024,
    "sff": "olfactory mucosa"
  },
  {
    "docID": "N209 Tharion 2011",
    "et": "GroupName",
    "off": 8052,
    "sff": "PBS"
  },
  {
    "docID": "N209 Tharion 2011",
    "et": "GroupName",
    "off": 434,
    "sff": "OEC"
  },
  {
    "docID": "N209 Tharion 2011",
    "et": "GroupName",
    "off": 15104,
    "sff": "untreated group"
  },
  {
    "docID": "N209 Tharion 2011",
    "et": "GroupName",
    "off": 10699,
    "sff": "control rats"
  },
  {
    "docID": "N209 Tharion 2011",
    "et": "GroupName",
    "off": 1015,
    "sff": "test"
  },
  {
    "docID": "N209 Tharion 2011",
    "et": "GroupName",
    "off": 11762,
    "sff": "cord"
  },
  {
    "docID": "N209 Tharion 2011",
    "et": "GroupName",
    "off": 14775,
    "sff": "test group"
  },
  {
    "docID": "N209 Tharion 2011",
    "et": "GroupName",
    "off": 7222,
    "sff": "test group"
  },
  {
    "docID": "N209 Tharion 2011",
    "et": "GroupName",
    "off": 14745,
    "sff": "2"
  },
  {
    "docID": "N209 Tharion 2011",
    "et": "GroupName",
    "off": 9145,
    "sff": "experimental rats"
  },
  {
    "docID": "N209 Tharion 2011",
    "et": "GroupName",
    "off": 7656,
    "sff": "test"
  },
  {
    "docID": "N209 Tharion 2011",
    "et": "GroupName",
    "off": 14666,
    "sff": "control group"
  },
  {
    "docID": "N209 Tharion 2011",
    "et": "GroupName",
    "off": 13393,
    "sff": "OEC"
  },
  {
    "docID": "N209 Tharion 2011",
    "et": "GroupName",
    "off": 5283,
    "sff": "medium"
  },
  {
    "docID": "N209 Tharion 2011",
    "et": "GroupName",
    "off": 12614,
    "sff": "transplantation"
  },
  {
    "docID": "N209 Tharion 2011",
    "et": "GroupName",
    "off": 12642,
    "sff": "control rats"
  },
  {
    "docID": "N209 Tharion 2011",
    "et": "GroupName",
    "off": 11303,
    "sff": "control"
  },
  {
    "docID": "N209 Tharion 2011",
    "et": "GroupName",
    "off": 15096,
    "sff": "control untreated group"
  },
  {
    "docID": "N209 Tharion 2011",
    "et": "GroupName",
    "off": 7236,
    "sff": "10"
  }
]
