[
  {
    "docID": "N212 Torres-Esp¡n 2014",
    "et": "GroupName",
    "off": 26203,
    "sff": "after"
  },
  {
    "docID": "N212 Torres-Esp¡n 2014",
    "et": "GroupName",
    "off": 29419,
    "sff": "acute"
  },
  {
    "docID": "N212 Torres-Esp¡n 2014",
    "et": "GroupName",
    "off": 29475,
    "sff": "both"
  },
  {
    "docID": "N212 Torres-Esp¡n 2014",
    "et": "GroupName",
    "off": 37962,
    "sff": "vehicle-injected group"
  },
  {
    "docID": "N212 Torres-Esp¡n 2014",
    "et": "GroupName",
    "off": 6131,
    "sff": "PBS"
  },
  {
    "docID": "N212 Torres-Esp¡n 2014",
    "et": "GroupName",
    "off": 11878,
    "sff": "dpo"
  },
  {
    "docID": "N212 Torres-Esp¡n 2014",
    "et": "GroupName",
    "off": 24422,
    "sff": "acute"
  },
  {
    "docID": "N212 Torres-Esp¡n 2014",
    "et": "GroupName",
    "off": 33791,
    "sff": "VE"
  },
  {
    "docID": "N212 Torres-Esp¡n 2014",
    "et": "GroupName",
    "off": 11903,
    "sff": "dpo"
  },
  {
    "docID": "N212 Torres-Esp¡n 2014",
    "et": "GroupName",
    "off": 32018,
    "sff": "delayed"
  },
  {
    "docID": "N212 Torres-Esp¡n 2014",
    "et": "GroupName",
    "off": 26679,
    "sff": "injection"
  },
  {
    "docID": "N212 Torres-Esp¡n 2014",
    "et": "GroupName",
    "off": 11495,
    "sff": "OEC"
  },
  {
    "docID": "N212 Torres-Esp¡n 2014",
    "et": "GroupName",
    "off": 12088,
    "sff": "surgery"
  },
  {
    "docID": "N212 Torres-Esp¡n 2014",
    "et": "GroupName",
    "off": 27969,
    "sff": "OEC"
  },
  {
    "docID": "N212 Torres-Esp¡n 2014",
    "et": "GroupName",
    "off": 11459,
    "sff": "MSC"
  },
  {
    "docID": "N212 Torres-Esp¡n 2014",
    "et": "GroupName",
    "off": 11853,
    "sff": "dpo"
  },
  {
    "docID": "N212 Torres-Esp¡n 2014",
    "et": "GroupName",
    "off": 24216,
    "sff": "rats"
  },
  {
    "docID": "N212 Torres-Esp¡n 2014",
    "et": "GroupName",
    "off": 31128,
    "sff": "injury"
  },
  {
    "docID": "N212 Torres-Esp¡n 2014",
    "et": "GroupName",
    "off": 32981,
    "sff": "OEC transplant group at 7 days"
  },
  {
    "docID": "N212 Torres-Esp¡n 2014",
    "et": "GroupName",
    "off": 13130,
    "sff": "surgery"
  },
  {
    "docID": "N212 Torres-Esp¡n 2014",
    "et": "GroupName",
    "off": 24287,
    "sff": "control rats"
  },
  {
    "docID": "N212 Torres-Esp¡n 2014",
    "et": "GroupName",
    "off": 38850,
    "sff": "vehicle"
  },
  {
    "docID": "N212 Torres-Esp¡n 2014",
    "et": "GroupName",
    "off": 11586,
    "sff": "vehicle"
  },
  {
    "docID": "N212 Torres-Esp¡n 2014",
    "et": "GroupName",
    "off": 27943,
    "sff": "MSC"
  },
  {
    "docID": "N212 Torres-Esp¡n 2014",
    "et": "GroupName",
    "off": 11618,
    "sff": "MSC"
  },
  {
    "docID": "N212 Torres-Esp¡n 2014",
    "et": "GroupName",
    "off": 26176,
    "sff": "before"
  },
  {
    "docID": "N212 Torres-Esp¡n 2014",
    "et": "GroupName",
    "off": 38376,
    "sff": "control"
  },
  {
    "docID": "N212 Torres-Esp¡n 2014",
    "et": "GroupName",
    "off": 23202,
    "sff": "acute"
  },
  {
    "docID": "N212 Torres-Esp¡n 2014",
    "et": "GroupName",
    "off": 27481,
    "sff": "delayed"
  },
  {
    "docID": "N212 Torres-Esp¡n 2014",
    "et": "GroupName",
    "off": 1207,
    "sff": "rat"
  },
  {
    "docID": "N212 Torres-Esp¡n 2014",
    "et": "GroupName",
    "off": 26419,
    "sff": "damage"
  },
  {
    "docID": "N212 Torres-Esp¡n 2014",
    "et": "GroupName",
    "off": 38963,
    "sff": "OEC"
  },
  {
    "docID": "N212 Torres-Esp¡n 2014",
    "et": "GroupName",
    "off": 11422,
    "sff": "vehicle"
  },
  {
    "docID": "N212 Torres-Esp¡n 2014",
    "et": "GroupName",
    "off": 30420,
    "sff": "delayed"
  },
  {
    "docID": "N212 Torres-Esp¡n 2014",
    "et": "GroupName",
    "off": 28639,
    "sff": "delayed"
  },
  {
    "docID": "N212 Torres-Esp¡n 2014",
    "et": "GroupName",
    "off": 26615,
    "sff": "C"
  },
  {
    "docID": "N212 Torres-Esp¡n 2014",
    "et": "GroupName",
    "off": 27467,
    "sff": "acute"
  },
  {
    "docID": "N212 Torres-Esp¡n 2014",
    "et": "GroupName",
    "off": 11649,
    "sff": "OEC"
  },
  {
    "docID": "N212 Torres-Esp¡n 2014",
    "et": "GroupName",
    "off": 27106,
    "sff": "delayed"
  },
  {
    "docID": "N212 Torres-Esp¡n 2014",
    "et": "GroupName",
    "off": 27072,
    "sff": "acute"
  },
  {
    "docID": "N212 Torres-Esp¡n 2014",
    "et": "GroupName",
    "off": 39785,
    "sff": "experimental group"
  },
  {
    "docID": "N212 Torres-Esp¡n 2014",
    "et": "GroupName",
    "off": 18327,
    "sff": "PBS"
  },
  {
    "docID": "N212 Torres-Esp¡n 2014",
    "et": "GroupName",
    "off": 38906,
    "sff": "MSC"
  },
  {
    "docID": "N212 Torres-Esp¡n 2014",
    "et": "GroupName",
    "off": 20807,
    "sff": "controls"
  },
  {
    "docID": "N212 Torres-Esp¡n 2014",
    "et": "GroupName",
    "off": 25507,
    "sff": "control rats"
  },
  {
    "docID": "N212 Torres-Esp¡n 2014",
    "et": "GroupName",
    "off": 25436,
    "sff": "rats"
  },
  {
    "docID": "N212 Torres-Esp¡n 2014",
    "et": "GroupName",
    "off": 30406,
    "sff": "acute"
  },
  {
    "docID": "N212 Torres-Esp¡n 2014",
    "et": "GroupName",
    "off": 29433,
    "sff": "delayed"
  },
  {
    "docID": "N212 Torres-Esp¡n 2014",
    "et": "GroupName",
    "off": 40025,
    "sff": "acute"
  },
  {
    "docID": "N212 Torres-Esp¡n 2014",
    "et": "GroupName",
    "off": 11931,
    "sff": "dpo"
  },
  {
    "docID": "N212 Torres-Esp¡n 2014",
    "et": "GroupName",
    "off": 28625,
    "sff": "acute"
  },
  {
    "docID": "N212 Torres-Esp¡n 2014",
    "et": "GroupName",
    "off": 12417,
    "sff": "vehicle"
  }
]
