[
  {
    "docID": "N214 Vavrek 2007",
    "et": "GroupName",
    "off": 10377,
    "sff": "treated group"
  },
  {
    "docID": "N214 Vavrek 2007",
    "et": "GroupName",
    "off": 9048,
    "sff": "cord"
  },
  {
    "docID": "N214 Vavrek 2007",
    "et": "GroupName",
    "off": 4722,
    "sff": "treated"
  },
  {
    "docID": "N214 Vavrek 2007",
    "et": "GroupName",
    "off": 6836,
    "sff": "combined treatment"
  },
  {
    "docID": "N214 Vavrek 2007",
    "et": "GroupName",
    "off": 501,
    "sff": "cell"
  },
  {
    "docID": "N214 Vavrek 2007",
    "et": "GroupName",
    "off": 7526,
    "sff": "cord"
  },
  {
    "docID": "N214 Vavrek 2007",
    "et": "GroupName",
    "off": 9188,
    "sff": "cord"
  },
  {
    "docID": "N214 Vavrek 2007",
    "et": "GroupName",
    "off": 507,
    "sff": "SC"
  },
  {
    "docID": "N214 Vavrek 2007",
    "et": "GroupName",
    "off": 5527,
    "sff": "injections"
  },
  {
    "docID": "N214 Vavrek 2007",
    "et": "GroupName",
    "off": 4722,
    "sff": "treated group"
  },
  {
    "docID": "N214 Vavrek 2007",
    "et": "GroupName",
    "off": 7547,
    "sff": "lesion"
  },
  {
    "docID": "N214 Vavrek 2007",
    "et": "GroupName",
    "off": 10377,
    "sff": "treated"
  },
  {
    "docID": "N214 Vavrek 2007",
    "et": "GroupName",
    "off": 13193,
    "sff": "0"
  },
  {
    "docID": "N214 Vavrek 2007",
    "et": "GroupName",
    "off": 5833,
    "sff": "untreated rats"
  },
  {
    "docID": "N214 Vavrek 2007",
    "et": "GroupName",
    "off": 307,
    "sff": "scar"
  },
  {
    "docID": "N214 Vavrek 2007",
    "et": "GroupName",
    "off": 5721,
    "sff": "control group"
  },
  {
    "docID": "N214 Vavrek 2007",
    "et": "GroupName",
    "off": 4091,
    "sff": "Matrigel"
  },
  {
    "docID": "N214 Vavrek 2007",
    "et": "GroupName",
    "off": 3896,
    "sff": "medium"
  },
  {
    "docID": "N214 Vavrek 2007",
    "et": "GroupName",
    "off": 6871,
    "sff": "control group"
  },
  {
    "docID": "N214 Vavrek 2007",
    "et": "GroupName",
    "off": 1178,
    "sff": "treated"
  },
  {
    "docID": "N214 Vavrek 2007",
    "et": "GroupName",
    "off": 9221,
    "sff": "untreated animals"
  },
  {
    "docID": "N214 Vavrek 2007",
    "et": "GroupName",
    "off": 1282,
    "sff": "cord"
  },
  {
    "docID": "N214 Vavrek 2007",
    "et": "GroupName",
    "off": 215,
    "sff": "injury"
  },
  {
    "docID": "N214 Vavrek 2007",
    "et": "GroupName",
    "off": 5758,
    "sff": "only"
  },
  {
    "docID": "N214 Vavrek 2007",
    "et": "GroupName",
    "off": 10749,
    "sff": "cord"
  },
  {
    "docID": "N214 Vavrek 2007",
    "et": "GroupName",
    "off": 9765,
    "sff": "treatment"
  },
  {
    "docID": "N214 Vavrek 2007",
    "et": "GroupName",
    "off": 6292,
    "sff": "later"
  },
  {
    "docID": "N214 Vavrek 2007",
    "et": "GroupName",
    "off": 4150,
    "sff": "grafting"
  },
  {
    "docID": "N214 Vavrek 2007",
    "et": "GroupName",
    "off": 6674,
    "sff": "cord"
  },
  {
    "docID": "N214 Vavrek 2007",
    "et": "GroupName",
    "off": 11634,
    "sff": "cells"
  },
  {
    "docID": "N214 Vavrek 2007",
    "et": "GroupName",
    "off": 5721,
    "sff": "control"
  },
  {
    "docID": "N214 Vavrek 2007",
    "et": "GroupName",
    "off": 223,
    "sff": "SCI"
  },
  {
    "docID": "N214 Vavrek 2007",
    "et": "GroupName",
    "off": 935,
    "sff": "cord"
  },
  {
    "docID": "N214 Vavrek 2007",
    "et": "GroupName",
    "off": 678,
    "sff": "cord"
  },
  {
    "docID": "N214 Vavrek 2007",
    "et": "GroupName",
    "off": 1084,
    "sff": "treated group"
  },
  {
    "docID": "N214 Vavrek 2007",
    "et": "GroupName",
    "off": 11609,
    "sff": "cells"
  },
  {
    "docID": "N214 Vavrek 2007",
    "et": "GroupName",
    "off": 7392,
    "sff": "animals"
  },
  {
    "docID": "N214 Vavrek 2007",
    "et": "GroupName",
    "off": 4363,
    "sff": "surgery"
  },
  {
    "docID": "N214 Vavrek 2007",
    "et": "GroupName",
    "off": 10139,
    "sff": "cord"
  },
  {
    "docID": "N214 Vavrek 2007",
    "et": "GroupName",
    "off": 10869,
    "sff": "C"
  },
  {
    "docID": "N214 Vavrek 2007",
    "et": "GroupName",
    "off": 6836,
    "sff": "combined"
  },
  {
    "docID": "N214 Vavrek 2007",
    "et": "GroupName",
    "off": 12370,
    "sff": "treated rats"
  },
  {
    "docID": "N214 Vavrek 2007",
    "et": "GroupName",
    "off": 6271,
    "sff": "injection"
  },
  {
    "docID": "N214 Vavrek 2007",
    "et": "GroupName",
    "off": 10815,
    "sff": "animals that received the combined treatment"
  },
  {
    "docID": "N214 Vavrek 2007",
    "et": "GroupName",
    "off": 4344,
    "sff": "injection"
  },
  {
    "docID": "N214 Vavrek 2007",
    "et": "GroupName",
    "off": 564,
    "sff": "implantation"
  },
  {
    "docID": "N214 Vavrek 2007",
    "et": "GroupName",
    "off": 10841,
    "sff": "combined treatment"
  },
  {
    "docID": "N214 Vavrek 2007",
    "et": "GroupName",
    "off": 1178,
    "sff": "treated group"
  },
  {
    "docID": "N214 Vavrek 2007",
    "et": "GroupName",
    "off": 9632,
    "sff": "C"
  },
  {
    "docID": "N214 Vavrek 2007",
    "et": "GroupName",
    "off": 8120,
    "sff": "rat"
  },
  {
    "docID": "N214 Vavrek 2007",
    "et": "GroupName",
    "off": 10850,
    "sff": "treatment"
  },
  {
    "docID": "N214 Vavrek 2007",
    "et": "GroupName",
    "off": 5556,
    "sff": "cABC"
  }
]
