[
  {
    "docID": "N215 Verdu 2001",
    "et": "GroupName",
    "off": 5713,
    "sff": "dpo"
  },
  {
    "docID": "N215 Verdu 2001",
    "et": "GroupName",
    "off": 12238,
    "sff": "1"
  },
  {
    "docID": "N215 Verdu 2001",
    "et": "GroupName",
    "off": 6156,
    "sff": "2"
  },
  {
    "docID": "N215 Verdu 2001",
    "et": "GroupName",
    "off": 9209,
    "sff": "transplanted groups"
  },
  {
    "docID": "N215 Verdu 2001",
    "et": "GroupName",
    "off": 9407,
    "sff": "EC"
  },
  {
    "docID": "N215 Verdu 2001",
    "et": "GroupName",
    "off": 6666,
    "sff": "2"
  },
  {
    "docID": "N215 Verdu 2001",
    "et": "GroupName",
    "off": 5286,
    "sff": "group RB5"
  },
  {
    "docID": "N215 Verdu 2001",
    "et": "GroupName",
    "off": 4057,
    "sff": "medium"
  },
  {
    "docID": "N215 Verdu 2001",
    "et": "GroupName",
    "off": 6100,
    "sff": "1"
  },
  {
    "docID": "N215 Verdu 2001",
    "et": "GroupName",
    "off": 5271,
    "sff": "control"
  },
  {
    "docID": "N215 Verdu 2001",
    "et": "GroupName",
    "off": 5314,
    "sff": "non-transplanted rats"
  },
  {
    "docID": "N215 Verdu 2001",
    "et": "GroupName",
    "off": 13625,
    "sff": "3"
  },
  {
    "docID": "N215 Verdu 2001",
    "et": "GroupName",
    "off": 6802,
    "sff": "saline"
  },
  {
    "docID": "N215 Verdu 2001",
    "et": "GroupName",
    "off": 13373,
    "sff": "3"
  },
  {
    "docID": "N215 Verdu 2001",
    "et": "GroupName",
    "off": 9769,
    "sff": "non-transplanted"
  },
  {
    "docID": "N215 Verdu 2001",
    "et": "GroupName",
    "off": 5021,
    "sff": "OECs"
  },
  {
    "docID": "N215 Verdu 2001",
    "et": "GroupName",
    "off": 11722,
    "sff": "transplanted rats"
  },
  {
    "docID": "N215 Verdu 2001",
    "et": "GroupName",
    "off": 6643,
    "sff": "0"
  },
  {
    "docID": "N215 Verdu 2001",
    "et": "GroupName",
    "off": 12466,
    "sff": "1"
  },
  {
    "docID": "N215 Verdu 2001",
    "et": "GroupName",
    "off": 11751,
    "sff": "EC"
  },
  {
    "docID": "N215 Verdu 2001",
    "et": "GroupName",
    "off": 6390,
    "sff": "4"
  },
  {
    "docID": "N215 Verdu 2001",
    "et": "GroupName",
    "off": 5271,
    "sff": "control group"
  },
  {
    "docID": "N215 Verdu 2001",
    "et": "GroupName",
    "off": 12138,
    "sff": "group RB5"
  },
  {
    "docID": "N215 Verdu 2001",
    "et": "GroupName",
    "off": 7169,
    "sff": "sections"
  },
  {
    "docID": "N215 Verdu 2001",
    "et": "GroupName",
    "off": 11054,
    "sff": "transplanted rats"
  },
  {
    "docID": "N215 Verdu 2001",
    "et": "GroupName",
    "off": 688,
    "sff": "non-transplanted rats"
  },
  {
    "docID": "N215 Verdu 2001",
    "et": "GroupName",
    "off": 12277,
    "sff": "cells"
  },
  {
    "docID": "N215 Verdu 2001",
    "et": "GroupName",
    "off": 12507,
    "sff": "group RB5"
  },
  {
    "docID": "N215 Verdu 2001",
    "et": "GroupName",
    "off": 9433,
    "sff": "RB5"
  },
  {
    "docID": "N215 Verdu 2001",
    "et": "GroupName",
    "off": 6411,
    "sff": "5"
  },
  {
    "docID": "N215 Verdu 2001",
    "et": "GroupName",
    "off": 4003,
    "sff": "medium"
  },
  {
    "docID": "N215 Verdu 2001",
    "et": "GroupName",
    "off": 4011,
    "sff": "DMEM"
  },
  {
    "docID": "N215 Verdu 2001",
    "et": "GroupName",
    "off": 9541,
    "sff": "transplanted"
  },
  {
    "docID": "N215 Verdu 2001",
    "et": "GroupName",
    "off": 10389,
    "sff": "5"
  },
  {
    "docID": "N215 Verdu 2001",
    "et": "GroupName",
    "off": 9800,
    "sff": "transplanted"
  },
  {
    "docID": "N215 Verdu 2001",
    "et": "GroupName",
    "off": 5042,
    "sff": "DMEM"
  },
  {
    "docID": "N215 Verdu 2001",
    "et": "GroupName",
    "off": 12513,
    "sff": "RB5"
  },
  {
    "docID": "N215 Verdu 2001",
    "et": "GroupName",
    "off": 12441,
    "sff": "transplanted rats"
  },
  {
    "docID": "N215 Verdu 2001",
    "et": "GroupName",
    "off": 5102,
    "sff": "EC"
  },
  {
    "docID": "N215 Verdu 2001",
    "et": "GroupName",
    "off": 9389,
    "sff": "transplanted"
  },
  {
    "docID": "N215 Verdu 2001",
    "et": "GroupName",
    "off": 6810,
    "sff": "PBS"
  },
  {
    "docID": "N215 Verdu 2001",
    "et": "GroupName",
    "off": 906,
    "sff": "transplanted rats"
  },
  {
    "docID": "N215 Verdu 2001",
    "et": "GroupName",
    "off": 12791,
    "sff": "transplanted rats"
  },
  {
    "docID": "N215 Verdu 2001",
    "et": "GroupName",
    "off": 688,
    "sff": "non-transplanted"
  },
  {
    "docID": "N215 Verdu 2001",
    "et": "GroupName",
    "off": 9514,
    "sff": "non-transplanted"
  },
  {
    "docID": "N215 Verdu 2001",
    "et": "GroupName",
    "off": 705,
    "sff": "rats"
  },
  {
    "docID": "N215 Verdu 2001",
    "et": "GroupName",
    "off": 10425,
    "sff": "2"
  },
  {
    "docID": "N215 Verdu 2001",
    "et": "GroupName",
    "off": 959,
    "sff": "level"
  },
  {
    "docID": "N215 Verdu 2001",
    "et": "GroupName",
    "off": 9415,
    "sff": "non-transplanted"
  },
  {
    "docID": "N215 Verdu 2001",
    "et": "GroupName",
    "off": 6053,
    "sff": "0"
  },
  {
    "docID": "N215 Verdu 2001",
    "et": "GroupName",
    "off": 6248,
    "sff": "3"
  },
  {
    "docID": "N215 Verdu 2001",
    "et": "GroupName",
    "off": 5279,
    "sff": "group"
  }
]
