[
  {
    "docID": "N216 Verdu 2003",
    "et": "GroupName",
    "off": 18140,
    "sff": "lesions"
  },
  {
    "docID": "N216 Verdu 2003",
    "et": "GroupName",
    "off": 808,
    "sff": "test"
  },
  {
    "docID": "N216 Verdu 2003",
    "et": "GroupName",
    "off": 16474,
    "sff": "OECs"
  },
  {
    "docID": "N216 Verdu 2003",
    "et": "GroupName",
    "off": 17117,
    "sff": "OECs"
  },
  {
    "docID": "N216 Verdu 2003",
    "et": "GroupName",
    "off": 17760,
    "sff": "OECs"
  },
  {
    "docID": "N216 Verdu 2003",
    "et": "GroupName",
    "off": 1561,
    "sff": "DMEM-injected animals"
  },
  {
    "docID": "N216 Verdu 2003",
    "et": "GroupName",
    "off": 17519,
    "sff": "experimental group"
  },
  {
    "docID": "N216 Verdu 2003",
    "et": "GroupName",
    "off": 1187,
    "sff": "sections"
  },
  {
    "docID": "N216 Verdu 2003",
    "et": "GroupName",
    "off": 9805,
    "sff": "alone"
  },
  {
    "docID": "N216 Verdu 2003",
    "et": "GroupName",
    "off": 14831,
    "sff": "control"
  },
  {
    "docID": "N216 Verdu 2003",
    "et": "GroupName",
    "off": 20614,
    "sff": "3"
  },
  {
    "docID": "N216 Verdu 2003",
    "et": "GroupName",
    "off": 9629,
    "sff": "DMEM"
  },
  {
    "docID": "N216 Verdu 2003",
    "et": "GroupName",
    "off": 671,
    "sff": "DMEM"
  },
  {
    "docID": "N216 Verdu 2003",
    "et": "GroupName",
    "off": 9818,
    "sff": "DMEM"
  },
  {
    "docID": "N216 Verdu 2003",
    "et": "GroupName",
    "off": 16637,
    "sff": "groups DMEM"
  },
  {
    "docID": "N216 Verdu 2003",
    "et": "GroupName",
    "off": 17234,
    "sff": "experimental group"
  },
  {
    "docID": "N216 Verdu 2003",
    "et": "GroupName",
    "off": 11874,
    "sff": "damage"
  },
  {
    "docID": "N216 Verdu 2003",
    "et": "GroupName",
    "off": 21207,
    "sff": "group DMEM"
  },
  {
    "docID": "N216 Verdu 2003",
    "et": "GroupName",
    "off": 18963,
    "sff": "OECs rats"
  },
  {
    "docID": "N216 Verdu 2003",
    "et": "GroupName",
    "off": 1448,
    "sff": "DMEM-injected rats"
  },
  {
    "docID": "N216 Verdu 2003",
    "et": "GroupName",
    "off": 11044,
    "sff": "0"
  },
  {
    "docID": "N216 Verdu 2003",
    "et": "GroupName",
    "off": 17095,
    "sff": "DMEM"
  },
  {
    "docID": "N216 Verdu 2003",
    "et": "GroupName",
    "off": 16449,
    "sff": "DMEM"
  },
  {
    "docID": "N216 Verdu 2003",
    "et": "GroupName",
    "off": 22217,
    "sff": "OECs-transplanted rats"
  },
  {
    "docID": "N216 Verdu 2003",
    "et": "GroupName",
    "off": 7613,
    "sff": "DMEM"
  },
  {
    "docID": "N216 Verdu 2003",
    "et": "GroupName",
    "off": 18382,
    "sff": "OEC"
  },
  {
    "docID": "N216 Verdu 2003",
    "et": "GroupName",
    "off": 9671,
    "sff": "OEC"
  },
  {
    "docID": "N216 Verdu 2003",
    "et": "GroupName",
    "off": 304,
    "sff": "cells"
  },
  {
    "docID": "N216 Verdu 2003",
    "et": "GroupName",
    "off": 7388,
    "sff": "medium"
  },
  {
    "docID": "N216 Verdu 2003",
    "et": "GroupName",
    "off": 20088,
    "sff": "group DMEM"
  },
  {
    "docID": "N216 Verdu 2003",
    "et": "GroupName",
    "off": 19651,
    "sff": "OEC"
  },
  {
    "docID": "N216 Verdu 2003",
    "et": "GroupName",
    "off": 18526,
    "sff": "OEC rats"
  },
  {
    "docID": "N216 Verdu 2003",
    "et": "GroupName",
    "off": 21844,
    "sff": "OEC groups"
  },
  {
    "docID": "N216 Verdu 2003",
    "et": "GroupName",
    "off": 9172,
    "sff": "cord"
  },
  {
    "docID": "N216 Verdu 2003",
    "et": "GroupName",
    "off": 17638,
    "sff": "DMEM"
  },
  {
    "docID": "N216 Verdu 2003",
    "et": "GroupName",
    "off": 7662,
    "sff": "medium"
  },
  {
    "docID": "N216 Verdu 2003",
    "et": "GroupName",
    "off": 7328,
    "sff": "cells"
  },
  {
    "docID": "N216 Verdu 2003",
    "et": "GroupName",
    "off": 19536,
    "sff": "OEC rats"
  },
  {
    "docID": "N216 Verdu 2003",
    "et": "GroupName",
    "off": 21587,
    "sff": "OEC"
  },
  {
    "docID": "N216 Verdu 2003",
    "et": "GroupName",
    "off": 16660,
    "sff": "OECs"
  },
  {
    "docID": "N216 Verdu 2003",
    "et": "GroupName",
    "off": 17452,
    "sff": "DMEM group"
  },
  {
    "docID": "N216 Verdu 2003",
    "et": "GroupName",
    "off": 21581,
    "sff": "group OEC"
  },
  {
    "docID": "N216 Verdu 2003",
    "et": "GroupName",
    "off": 17167,
    "sff": "DMEM group"
  },
  {
    "docID": "N216 Verdu 2003",
    "et": "GroupName",
    "off": 21104,
    "sff": "4"
  },
  {
    "docID": "N216 Verdu 2003",
    "et": "GroupName",
    "off": 17402,
    "sff": "OECs"
  },
  {
    "docID": "N216 Verdu 2003",
    "et": "GroupName",
    "off": 16540,
    "sff": "DMEM group"
  },
  {
    "docID": "N216 Verdu 2003",
    "et": "GroupName",
    "off": 18382,
    "sff": "OEC group"
  },
  {
    "docID": "N216 Verdu 2003",
    "et": "GroupName",
    "off": 19199,
    "sff": "DMEM animals"
  },
  {
    "docID": "N216 Verdu 2003",
    "et": "GroupName",
    "off": 16345,
    "sff": "test"
  },
  {
    "docID": "N216 Verdu 2003",
    "et": "GroupName",
    "off": 6361,
    "sff": "culture"
  },
  {
    "docID": "N216 Verdu 2003",
    "et": "GroupName",
    "off": 9659,
    "sff": "cord"
  },
  {
    "docID": "N216 Verdu 2003",
    "et": "GroupName",
    "off": 17651,
    "sff": "OECs"
  }
]
