[
  {
    "docID": "N219 Ramón-Cueto 1998",
    "et": "GroupName",
    "off": 20711,
    "sff": "5"
  },
  {
    "docID": "N219 Ramón-Cueto 1998",
    "et": "GroupName",
    "off": 19930,
    "sff": "C"
  },
  {
    "docID": "N219 Ramón-Cueto 1998",
    "et": "GroupName",
    "off": 39057,
    "sff": "control rats"
  },
  {
    "docID": "N219 Ramón-Cueto 1998",
    "et": "GroupName",
    "off": 38744,
    "sff": "C"
  },
  {
    "docID": "N219 Ramón-Cueto 1998",
    "et": "GroupName",
    "off": 15347,
    "sff": "Control animals"
  },
  {
    "docID": "N219 Ramón-Cueto 1998",
    "et": "GroupName",
    "off": 15202,
    "sff": "0.5"
  },
  {
    "docID": "N219 Ramón-Cueto 1998",
    "et": "GroupName",
    "off": 13336,
    "sff": "control rats"
  },
  {
    "docID": "N219 Ramón-Cueto 1998",
    "et": "GroupName",
    "off": 37254,
    "sff": "control animals"
  },
  {
    "docID": "N219 Ramón-Cueto 1998",
    "et": "GroupName",
    "off": 30828,
    "sff": "7"
  },
  {
    "docID": "N219 Ramón-Cueto 1998",
    "et": "GroupName",
    "off": 7344,
    "sff": "SCs"
  },
  {
    "docID": "N219 Ramón-Cueto 1998",
    "et": "GroupName",
    "off": 36874,
    "sff": "control animals"
  },
  {
    "docID": "N219 Ramón-Cueto 1998",
    "et": "GroupName",
    "off": 15747,
    "sff": "solution"
  },
  {
    "docID": "N219 Ramón-Cueto 1998",
    "et": "GroupName",
    "off": 36994,
    "sff": "EG-transplanted animals"
  },
  {
    "docID": "N219 Ramón-Cueto 1998",
    "et": "GroupName",
    "off": 37917,
    "sff": "experimental rats"
  },
  {
    "docID": "N219 Ramón-Cueto 1998",
    "et": "GroupName",
    "off": 19832,
    "sff": "PBS"
  },
  {
    "docID": "N219 Ramón-Cueto 1998",
    "et": "GroupName",
    "off": 1147,
    "sff": "EG-transplanted animals"
  },
  {
    "docID": "N219 Ramón-Cueto 1998",
    "et": "GroupName",
    "off": 925,
    "sff": "SC"
  },
  {
    "docID": "N219 Ramón-Cueto 1998",
    "et": "GroupName",
    "off": 32454,
    "sff": "SCs"
  },
  {
    "docID": "N219 Ramón-Cueto 1998",
    "et": "GroupName",
    "off": 33382,
    "sff": "3"
  },
  {
    "docID": "N219 Ramón-Cueto 1998",
    "et": "GroupName",
    "off": 25076,
    "sff": "tissue"
  },
  {
    "docID": "N219 Ramón-Cueto 1998",
    "et": "GroupName",
    "off": 41171,
    "sff": "C"
  },
  {
    "docID": "N219 Ramón-Cueto 1998",
    "et": "GroupName",
    "off": 39277,
    "sff": "experimental cords"
  },
  {
    "docID": "N219 Ramón-Cueto 1998",
    "et": "GroupName",
    "off": 18939,
    "sff": "sections"
  },
  {
    "docID": "N219 Ramón-Cueto 1998",
    "et": "GroupName",
    "off": 16176,
    "sff": "control rats"
  },
  {
    "docID": "N219 Ramón-Cueto 1998",
    "et": "GroupName",
    "off": 38397,
    "sff": "experimental rats"
  },
  {
    "docID": "N219 Ramón-Cueto 1998",
    "et": "GroupName",
    "off": 16656,
    "sff": "transplantation"
  },
  {
    "docID": "N219 Ramón-Cueto 1998",
    "et": "GroupName",
    "off": 38941,
    "sff": "mm"
  },
  {
    "docID": "N219 Ramón-Cueto 1998",
    "et": "GroupName",
    "off": 18058,
    "sff": "PBS"
  },
  {
    "docID": "N219 Ramón-Cueto 1998",
    "et": "GroupName",
    "off": 7654,
    "sff": "SCs"
  },
  {
    "docID": "N219 Ramón-Cueto 1998",
    "et": "GroupName",
    "off": 27610,
    "sff": "control animals"
  },
  {
    "docID": "N219 Ramón-Cueto 1998",
    "et": "GroupName",
    "off": 23413,
    "sff": "C"
  },
  {
    "docID": "N219 Ramón-Cueto 1998",
    "et": "GroupName",
    "off": 18191,
    "sff": "PBS"
  },
  {
    "docID": "N219 Ramón-Cueto 1998",
    "et": "GroupName",
    "off": 24819,
    "sff": "C"
  },
  {
    "docID": "N219 Ramón-Cueto 1998",
    "et": "GroupName",
    "off": 2677,
    "sff": "lesions"
  },
  {
    "docID": "N219 Ramón-Cueto 1998",
    "et": "GroupName",
    "off": 18209,
    "sff": "C"
  },
  {
    "docID": "N219 Ramón-Cueto 1998",
    "et": "GroupName",
    "off": 23010,
    "sff": "B"
  },
  {
    "docID": "N219 Ramón-Cueto 1998",
    "et": "GroupName",
    "off": 15417,
    "sff": "experimental ones"
  },
  {
    "docID": "N219 Ramón-Cueto 1998",
    "et": "GroupName",
    "off": 37158,
    "sff": "EG-transplanted animals"
  },
  {
    "docID": "N219 Ramón-Cueto 1998",
    "et": "GroupName",
    "off": 28334,
    "sff": "cord"
  },
  {
    "docID": "N219 Ramón-Cueto 1998",
    "et": "GroupName",
    "off": 19901,
    "sff": "sections"
  },
  {
    "docID": "N219 Ramón-Cueto 1998",
    "et": "GroupName",
    "off": 41480,
    "sff": "C"
  },
  {
    "docID": "N219 Ramón-Cueto 1998",
    "et": "GroupName",
    "off": 25227,
    "sff": "C"
  },
  {
    "docID": "N219 Ramón-Cueto 1998",
    "et": "GroupName",
    "off": 15577,
    "sff": "experimental rats"
  },
  {
    "docID": "N219 Ramón-Cueto 1998",
    "et": "GroupName",
    "off": 8028,
    "sff": "Matrigel"
  },
  {
    "docID": "N219 Ramón-Cueto 1998",
    "et": "GroupName",
    "off": 36838,
    "sff": "EG-transplanted cords"
  },
  {
    "docID": "N219 Ramón-Cueto 1998",
    "et": "GroupName",
    "off": 28203,
    "sff": "control animals"
  },
  {
    "docID": "N219 Ramón-Cueto 1998",
    "et": "GroupName",
    "off": 36650,
    "sff": "control animals"
  },
  {
    "docID": "N219 Ramón-Cueto 1998",
    "et": "GroupName",
    "off": 6836,
    "sff": "medium"
  },
  {
    "docID": "N219 Ramón-Cueto 1998",
    "et": "GroupName",
    "off": 18134,
    "sff": "PBS"
  },
  {
    "docID": "N219 Ramón-Cueto 1998",
    "et": "GroupName",
    "off": 19460,
    "sff": "Animals"
  },
  {
    "docID": "N219 Ramón-Cueto 1998",
    "et": "GroupName",
    "off": 24111,
    "sff": "C"
  },
  {
    "docID": "N219 Ramón-Cueto 1998",
    "et": "GroupName",
    "off": 19493,
    "sff": "control"
  }
]
