[
  {
    "docID": "N220 Ruitenberg 2003",
    "et": "GroupName",
    "off": 38040,
    "sff": "controls"
  },
  {
    "docID": "N220 Ruitenberg 2003",
    "et": "GroupName",
    "off": 18548,
    "sff": "cord"
  },
  {
    "docID": "N220 Ruitenberg 2003",
    "et": "GroupName",
    "off": 18057,
    "sff": "10"
  },
  {
    "docID": "N220 Ruitenberg 2003",
    "et": "GroupName",
    "off": 43179,
    "sff": "AdV-LacZ-transduced OEG"
  },
  {
    "docID": "N220 Ruitenberg 2003",
    "et": "GroupName",
    "off": 39065,
    "sff": "controls"
  },
  {
    "docID": "N220 Ruitenberg 2003",
    "et": "GroupName",
    "off": 61853,
    "sff": "controls"
  },
  {
    "docID": "N220 Ruitenberg 2003",
    "et": "GroupName",
    "off": 53406,
    "sff": "controls"
  },
  {
    "docID": "N220 Ruitenberg 2003",
    "et": "GroupName",
    "off": 42950,
    "sff": "control groups"
  },
  {
    "docID": "N220 Ruitenberg 2003",
    "et": "GroupName",
    "off": 56610,
    "sff": "controls"
  },
  {
    "docID": "N220 Ruitenberg 2003",
    "et": "GroupName",
    "off": 60924,
    "sff": "control rats"
  },
  {
    "docID": "N220 Ruitenberg 2003",
    "et": "GroupName",
    "off": 14599,
    "sff": "mixture"
  },
  {
    "docID": "N220 Ruitenberg 2003",
    "et": "GroupName",
    "off": 41454,
    "sff": "graft"
  },
  {
    "docID": "N220 Ruitenberg 2003",
    "et": "GroupName",
    "off": 45832,
    "sff": "controls"
  },
  {
    "docID": "N220 Ruitenberg 2003",
    "et": "GroupName",
    "off": 54859,
    "sff": "experimental group"
  },
  {
    "docID": "N220 Ruitenberg 2003",
    "et": "GroupName",
    "off": 45291,
    "sff": "control animals"
  },
  {
    "docID": "N220 Ruitenberg 2003",
    "et": "GroupName",
    "off": 43151,
    "sff": "uninfected OEG"
  },
  {
    "docID": "N220 Ruitenberg 2003",
    "et": "GroupName",
    "off": 56696,
    "sff": "controls"
  },
  {
    "docID": "N220 Ruitenberg 2003",
    "et": "GroupName",
    "off": 17703,
    "sff": "10"
  },
  {
    "docID": "N220 Ruitenberg 2003",
    "et": "GroupName",
    "off": 47097,
    "sff": "treatment"
  },
  {
    "docID": "N220 Ruitenberg 2003",
    "et": "GroupName",
    "off": 18330,
    "sff": "AdV-BDNF"
  },
  {
    "docID": "N220 Ruitenberg 2003",
    "et": "GroupName",
    "off": 47452,
    "sff": "unimplanted lesioned controls"
  },
  {
    "docID": "N220 Ruitenberg 2003",
    "et": "GroupName",
    "off": 55889,
    "sff": "implants"
  },
  {
    "docID": "N220 Ruitenberg 2003",
    "et": "GroupName",
    "off": 44931,
    "sff": "controls"
  },
  {
    "docID": "N220 Ruitenberg 2003",
    "et": "GroupName",
    "off": 47473,
    "sff": "controls"
  },
  {
    "docID": "N220 Ruitenberg 2003",
    "et": "GroupName",
    "off": 33687,
    "sff": "sections"
  },
  {
    "docID": "N220 Ruitenberg 2003",
    "et": "GroupName",
    "off": 18064,
    "sff": "AdV-LacZ-transduced OEG"
  },
  {
    "docID": "N220 Ruitenberg 2003",
    "et": "GroupName",
    "off": 40103,
    "sff": "injury"
  },
  {
    "docID": "N220 Ruitenberg 2003",
    "et": "GroupName",
    "off": 17677,
    "sff": "Experimental group 1"
  },
  {
    "docID": "N220 Ruitenberg 2003",
    "et": "GroupName",
    "off": 17696,
    "sff": "1"
  },
  {
    "docID": "N220 Ruitenberg 2003",
    "et": "GroupName",
    "off": 34631,
    "sff": "scores"
  },
  {
    "docID": "N220 Ruitenberg 2003",
    "et": "GroupName",
    "off": 18146,
    "sff": "controls"
  },
  {
    "docID": "N220 Ruitenberg 2003",
    "et": "GroupName",
    "off": 56994,
    "sff": "5"
  },
  {
    "docID": "N220 Ruitenberg 2003",
    "et": "GroupName",
    "off": 49738,
    "sff": "controls"
  },
  {
    "docID": "N220 Ruitenberg 2003",
    "et": "GroupName",
    "off": 38028,
    "sff": "unimplanted controls"
  },
  {
    "docID": "N220 Ruitenberg 2003",
    "et": "GroupName",
    "off": 60147,
    "sff": "control OEG implant"
  },
  {
    "docID": "N220 Ruitenberg 2003",
    "et": "GroupName",
    "off": 18037,
    "sff": "uninfected OEG"
  },
  {
    "docID": "N220 Ruitenberg 2003",
    "et": "GroupName",
    "off": 32988,
    "sff": "0"
  },
  {
    "docID": "N220 Ruitenberg 2003",
    "et": "GroupName",
    "off": 60159,
    "sff": "implant"
  },
  {
    "docID": "N220 Ruitenberg 2003",
    "et": "GroupName",
    "off": 27573,
    "sff": "experimental animals"
  },
  {
    "docID": "N220 Ruitenberg 2003",
    "et": "GroupName",
    "off": 34093,
    "sff": "control animals"
  },
  {
    "docID": "N220 Ruitenberg 2003",
    "et": "GroupName",
    "off": 18360,
    "sff": "transduced"
  },
  {
    "docID": "N220 Ruitenberg 2003",
    "et": "GroupName",
    "off": 21322,
    "sff": "animal"
  },
  {
    "docID": "N220 Ruitenberg 2003",
    "et": "GroupName",
    "off": 55380,
    "sff": "uninfected OEG"
  },
  {
    "docID": "N220 Ruitenberg 2003",
    "et": "GroupName",
    "off": 11110,
    "sff": "NC"
  },
  {
    "docID": "N220 Ruitenberg 2003",
    "et": "GroupName",
    "off": 57062,
    "sff": "7"
  },
  {
    "docID": "N220 Ruitenberg 2003",
    "et": "GroupName",
    "off": 36129,
    "sff": "AdV-LacZ-transduced"
  },
  {
    "docID": "N220 Ruitenberg 2003",
    "et": "GroupName",
    "off": 17690,
    "sff": "group 1"
  },
  {
    "docID": "N220 Ruitenberg 2003",
    "et": "GroupName",
    "off": 56787,
    "sff": "AdV-LacZ-transduced OEG"
  },
  {
    "docID": "N220 Ruitenberg 2003",
    "et": "GroupName",
    "off": 57264,
    "sff": "controls"
  },
  {
    "docID": "N220 Ruitenberg 2003",
    "et": "GroupName",
    "off": 35124,
    "sff": "controls"
  },
  {
    "docID": "N220 Ruitenberg 2003",
    "et": "GroupName",
    "off": 55345,
    "sff": "treatment"
  },
  {
    "docID": "N220 Ruitenberg 2003",
    "et": "GroupName",
    "off": 2101,
    "sff": "controls"
  }
]
