[
  {
    "docID": "N221 Takami 2002",
    "et": "GroupName",
    "off": 7974,
    "sff": "medium"
  },
  {
    "docID": "N221 Takami 2002",
    "et": "GroupName",
    "off": 10571,
    "sff": "SCs"
  },
  {
    "docID": "N221 Takami 2002",
    "et": "GroupName",
    "off": 25174,
    "sff": "controls"
  },
  {
    "docID": "N221 Takami 2002",
    "et": "GroupName",
    "off": 33580,
    "sff": "control animals"
  },
  {
    "docID": "N221 Takami 2002",
    "et": "GroupName",
    "off": 37500,
    "sff": "grafts"
  },
  {
    "docID": "N221 Takami 2002",
    "et": "GroupName",
    "off": 22924,
    "sff": "OEG-only grafts"
  },
  {
    "docID": "N221 Takami 2002",
    "et": "GroupName",
    "off": 16051,
    "sff": "IL"
  },
  {
    "docID": "N221 Takami 2002",
    "et": "GroupName",
    "off": 29679,
    "sff": "medium-injected animals"
  },
  {
    "docID": "N221 Takami 2002",
    "et": "GroupName",
    "off": 30002,
    "sff": "OEG grafts"
  },
  {
    "docID": "N221 Takami 2002",
    "et": "GroupName",
    "off": 30049,
    "sff": "animals"
  },
  {
    "docID": "N221 Takami 2002",
    "et": "GroupName",
    "off": 38376,
    "sff": "SCs"
  },
  {
    "docID": "N221 Takami 2002",
    "et": "GroupName",
    "off": 28192,
    "sff": "control animals"
  },
  {
    "docID": "N221 Takami 2002",
    "et": "GroupName",
    "off": 6815,
    "sff": "mixture"
  },
  {
    "docID": "N221 Takami 2002",
    "et": "GroupName",
    "off": 833,
    "sff": "controls"
  },
  {
    "docID": "N221 Takami 2002",
    "et": "GroupName",
    "off": 35894,
    "sff": "controls"
  },
  {
    "docID": "N221 Takami 2002",
    "et": "GroupName",
    "off": 37840,
    "sff": "10"
  },
  {
    "docID": "N221 Takami 2002",
    "et": "GroupName",
    "off": 7867,
    "sff": "medium"
  },
  {
    "docID": "N221 Takami 2002",
    "et": "GroupName",
    "off": 10554,
    "sff": "medium"
  },
  {
    "docID": "N221 Takami 2002",
    "et": "GroupName",
    "off": 37066,
    "sff": "control animals"
  },
  {
    "docID": "N221 Takami 2002",
    "et": "GroupName",
    "off": 10385,
    "sff": "Control rats"
  },
  {
    "docID": "N221 Takami 2002",
    "et": "GroupName",
    "off": 1691,
    "sff": "controls"
  },
  {
    "docID": "N221 Takami 2002",
    "et": "GroupName",
    "off": 15709,
    "sff": "5"
  },
  {
    "docID": "N221 Takami 2002",
    "et": "GroupName",
    "off": 18967,
    "sff": "test"
  },
  {
    "docID": "N221 Takami 2002",
    "et": "GroupName",
    "off": 34240,
    "sff": "grafts"
  },
  {
    "docID": "N221 Takami 2002",
    "et": "GroupName",
    "off": 34019,
    "sff": "OEG"
  },
  {
    "docID": "N221 Takami 2002",
    "et": "GroupName",
    "off": 20283,
    "sff": "control animals"
  },
  {
    "docID": "N221 Takami 2002",
    "et": "GroupName",
    "off": 10187,
    "sff": "medium"
  },
  {
    "docID": "N221 Takami 2002",
    "et": "GroupName",
    "off": 1102,
    "sff": "OEG"
  },
  {
    "docID": "N221 Takami 2002",
    "et": "GroupName",
    "off": 19606,
    "sff": "SCs"
  },
  {
    "docID": "N221 Takami 2002",
    "et": "GroupName",
    "off": 22993,
    "sff": "OEG"
  },
  {
    "docID": "N221 Takami 2002",
    "et": "GroupName",
    "off": 22617,
    "sff": "OEG"
  },
  {
    "docID": "N221 Takami 2002",
    "et": "GroupName",
    "off": 10585,
    "sff": "OEG"
  },
  {
    "docID": "N221 Takami 2002",
    "et": "GroupName",
    "off": 549,
    "sff": "SCs"
  },
  {
    "docID": "N221 Takami 2002",
    "et": "GroupName",
    "off": 23050,
    "sff": "SC graft"
  },
  {
    "docID": "N221 Takami 2002",
    "et": "GroupName",
    "off": 1795,
    "sff": "controls"
  },
  {
    "docID": "N221 Takami 2002",
    "et": "GroupName",
    "off": 585,
    "sff": "OEG"
  },
  {
    "docID": "N221 Takami 2002",
    "et": "GroupName",
    "off": 22729,
    "sff": "OEG"
  },
  {
    "docID": "N221 Takami 2002",
    "et": "GroupName",
    "off": 27740,
    "sff": "control animals"
  },
  {
    "docID": "N221 Takami 2002",
    "et": "GroupName",
    "off": 33043,
    "sff": "control animals"
  },
  {
    "docID": "N221 Takami 2002",
    "et": "GroupName",
    "off": 24596,
    "sff": "control animals"
  },
  {
    "docID": "N221 Takami 2002",
    "et": "GroupName",
    "off": 28343,
    "sff": "SC"
  },
  {
    "docID": "N221 Takami 2002",
    "et": "GroupName",
    "off": 35574,
    "sff": "controls"
  },
  {
    "docID": "N221 Takami 2002",
    "et": "GroupName",
    "off": 38310,
    "sff": "control group"
  },
  {
    "docID": "N221 Takami 2002",
    "et": "GroupName",
    "off": 19620,
    "sff": "C"
  },
  {
    "docID": "N221 Takami 2002",
    "et": "GroupName",
    "off": 25895,
    "sff": "control group"
  },
  {
    "docID": "N221 Takami 2002",
    "et": "GroupName",
    "off": 1455,
    "sff": "OEG-only grafts"
  },
  {
    "docID": "N221 Takami 2002",
    "et": "GroupName",
    "off": 30033,
    "sff": "medium-injected animals"
  },
  {
    "docID": "N221 Takami 2002",
    "et": "GroupName",
    "off": 32585,
    "sff": "control rats"
  },
  {
    "docID": "N221 Takami 2002",
    "et": "GroupName",
    "off": 19615,
    "sff": "OEG"
  },
  {
    "docID": "N221 Takami 2002",
    "et": "GroupName",
    "off": 33429,
    "sff": "OEG grafts"
  },
  {
    "docID": "N221 Takami 2002",
    "et": "GroupName",
    "off": 25860,
    "sff": "control animals"
  },
  {
    "docID": "N221 Takami 2002",
    "et": "GroupName",
    "off": 19594,
    "sff": "medium"
  }
]
