[
  {
    "docID": "N224 Wu 2015",
    "et": "GroupName",
    "off": 26074,
    "sff": "groups"
  },
  {
    "docID": "N224 Wu 2015",
    "et": "GroupName",
    "off": 7449,
    "sff": "OECs treated"
  },
  {
    "docID": "N224 Wu 2015",
    "et": "GroupName",
    "off": 20708,
    "sff": "BMSCs"
  },
  {
    "docID": "N224 Wu 2015",
    "et": "GroupName",
    "off": 26986,
    "sff": "cotransplant treated group"
  },
  {
    "docID": "N224 Wu 2015",
    "et": "GroupName",
    "off": 26662,
    "sff": "sham"
  },
  {
    "docID": "N224 Wu 2015",
    "et": "GroupName",
    "off": 27805,
    "sff": "treated"
  },
  {
    "docID": "N224 Wu 2015",
    "et": "GroupName",
    "off": 24919,
    "sff": "sham group"
  },
  {
    "docID": "N224 Wu 2015",
    "et": "GroupName",
    "off": 27799,
    "sff": "BMSCs treated"
  },
  {
    "docID": "N224 Wu 2015",
    "et": "GroupName",
    "off": 25752,
    "sff": "control groups"
  },
  {
    "docID": "N224 Wu 2015",
    "et": "GroupName",
    "off": 24815,
    "sff": "control"
  },
  {
    "docID": "N224 Wu 2015",
    "et": "GroupName",
    "off": 7353,
    "sff": "sham"
  },
  {
    "docID": "N224 Wu 2015",
    "et": "GroupName",
    "off": 395,
    "sff": "BMSCs"
  },
  {
    "docID": "N224 Wu 2015",
    "et": "GroupName",
    "off": 24208,
    "sff": "BMSCs"
  },
  {
    "docID": "N224 Wu 2015",
    "et": "GroupName",
    "off": 28112,
    "sff": "sham"
  },
  {
    "docID": "N224 Wu 2015",
    "et": "GroupName",
    "off": 12453,
    "sff": "days"
  },
  {
    "docID": "N224 Wu 2015",
    "et": "GroupName",
    "off": 26478,
    "sff": "groups"
  },
  {
    "docID": "N224 Wu 2015",
    "et": "GroupName",
    "off": 30919,
    "sff": "OECs treated"
  },
  {
    "docID": "N224 Wu 2015",
    "et": "GroupName",
    "off": 27591,
    "sff": "sham"
  },
  {
    "docID": "N224 Wu 2015",
    "et": "GroupName",
    "off": 13239,
    "sff": "BMSCs treated"
  },
  {
    "docID": "N224 Wu 2015",
    "et": "GroupName",
    "off": 28421,
    "sff": "shamgroups"
  },
  {
    "docID": "N224 Wu 2015",
    "et": "GroupName",
    "off": 28021,
    "sff": "treated"
  },
  {
    "docID": "N224 Wu 2015",
    "et": "GroupName",
    "off": 13152,
    "sff": "OECs treated"
  },
  {
    "docID": "N224 Wu 2015",
    "et": "GroupName",
    "off": 28001,
    "sff": "OECs treated"
  },
  {
    "docID": "N224 Wu 2015",
    "et": "GroupName",
    "off": 17026,
    "sff": "group"
  },
  {
    "docID": "N224 Wu 2015",
    "et": "GroupName",
    "off": 17198,
    "sff": "BMSCs"
  },
  {
    "docID": "N224 Wu 2015",
    "et": "GroupName",
    "off": 27607,
    "sff": "OECs treated"
  },
  {
    "docID": "N224 Wu 2015",
    "et": "GroupName",
    "off": 30575,
    "sff": "treated"
  },
  {
    "docID": "N224 Wu 2015",
    "et": "GroupName",
    "off": 24919,
    "sff": "sham"
  },
  {
    "docID": "N224 Wu 2015",
    "et": "GroupName",
    "off": 26515,
    "sff": "cotransplant groups"
  },
  {
    "docID": "N224 Wu 2015",
    "et": "GroupName",
    "off": 28634,
    "sff": "OECs treated group"
  },
  {
    "docID": "N224 Wu 2015",
    "et": "GroupName",
    "off": 27627,
    "sff": "treated"
  },
  {
    "docID": "N224 Wu 2015",
    "et": "GroupName",
    "off": 20522,
    "sff": "BMSCs"
  },
  {
    "docID": "N224 Wu 2015",
    "et": "GroupName",
    "off": 28273,
    "sff": "OECs treated"
  },
  {
    "docID": "N224 Wu 2015",
    "et": "GroupName",
    "off": 28615,
    "sff": "control group"
  },
  {
    "docID": "N224 Wu 2015",
    "et": "GroupName",
    "off": 30570,
    "sff": "OECs treated"
  },
  {
    "docID": "N224 Wu 2015",
    "et": "GroupName",
    "off": 13055,
    "sff": "sham"
  },
  {
    "docID": "N224 Wu 2015",
    "et": "GroupName",
    "off": 30964,
    "sff": "cotransplant treated group"
  },
  {
    "docID": "N224 Wu 2015",
    "et": "GroupName",
    "off": 27770,
    "sff": "sham"
  },
  {
    "docID": "N224 Wu 2015",
    "et": "GroupName",
    "off": 7536,
    "sff": "BMSCs treated"
  },
  {
    "docID": "N224 Wu 2015",
    "et": "GroupName",
    "off": 28015,
    "sff": "BMSCs treated"
  },
  {
    "docID": "N224 Wu 2015",
    "et": "GroupName",
    "off": 26031,
    "sff": "groups"
  },
  {
    "docID": "N224 Wu 2015",
    "et": "GroupName",
    "off": 27621,
    "sff": "BMSCs treated"
  },
  {
    "docID": "N224 Wu 2015",
    "et": "GroupName",
    "off": 12108,
    "sff": "BMSCs"
  },
  {
    "docID": "N224 Wu 2015",
    "et": "GroupName",
    "off": 26427,
    "sff": "OECs treated group"
  },
  {
    "docID": "N224 Wu 2015",
    "et": "GroupName",
    "off": 26884,
    "sff": "cells"
  },
  {
    "docID": "N224 Wu 2015",
    "et": "GroupName",
    "off": 15618,
    "sff": "treated"
  },
  {
    "docID": "N224 Wu 2015",
    "et": "GroupName",
    "off": 1021,
    "sff": "cotransplant treated group"
  },
  {
    "docID": "N224 Wu 2015",
    "et": "GroupName",
    "off": 26528,
    "sff": "groups"
  },
  {
    "docID": "N224 Wu 2015",
    "et": "GroupName",
    "off": 8772,
    "sff": "surgery"
  },
  {
    "docID": "N224 Wu 2015",
    "et": "GroupName",
    "off": 30919,
    "sff": "OECs treated group"
  },
  {
    "docID": "N224 Wu 2015",
    "et": "GroupName",
    "off": 27770,
    "sff": "sham group"
  },
  {
    "docID": "N224 Wu 2015",
    "et": "GroupName",
    "off": 26472,
    "sff": "BMSCs groups"
  },
  {
    "docID": "N224 Wu 2015",
    "et": "GroupName",
    "off": 27785,
    "sff": "OECs treated"
  }
]
