[
  {
    "docID": "N226 Xiao 2007",
    "et": "GroupName",
    "off": 352,
    "sff": "NSFCs"
  },
  {
    "docID": "N226 Xiao 2007",
    "et": "GroupName",
    "off": 813,
    "sff": "grafts"
  },
  {
    "docID": "N226 Xiao 2007",
    "et": "GroupName",
    "off": 9058,
    "sff": "1"
  },
  {
    "docID": "N226 Xiao 2007",
    "et": "GroupName",
    "off": 22707,
    "sff": "only"
  },
  {
    "docID": "N226 Xiao 2007",
    "et": "GroupName",
    "off": 7608,
    "sff": "injection"
  },
  {
    "docID": "N226 Xiao 2007",
    "et": "GroupName",
    "off": 22079,
    "sff": "lesion-matrix-only"
  },
  {
    "docID": "N226 Xiao 2007",
    "et": "GroupName",
    "off": 7811,
    "sff": "experimental"
  },
  {
    "docID": "N226 Xiao 2007",
    "et": "GroupName",
    "off": 6281,
    "sff": "group"
  },
  {
    "docID": "N226 Xiao 2007",
    "et": "GroupName",
    "off": 15606,
    "sff": "sections"
  },
  {
    "docID": "N226 Xiao 2007",
    "et": "GroupName",
    "off": 18415,
    "sff": "graft"
  },
  {
    "docID": "N226 Xiao 2007",
    "et": "GroupName",
    "off": 5213,
    "sff": "vector"
  },
  {
    "docID": "N226 Xiao 2007",
    "et": "GroupName",
    "off": 24410,
    "sff": "animals"
  },
  {
    "docID": "N226 Xiao 2007",
    "et": "GroupName",
    "off": 31245,
    "sff": "level"
  },
  {
    "docID": "N226 Xiao 2007",
    "et": "GroupName",
    "off": 8654,
    "sff": "cord"
  },
  {
    "docID": "N226 Xiao 2007",
    "et": "GroupName",
    "off": 21115,
    "sff": "lesion-matrix-only"
  },
  {
    "docID": "N226 Xiao 2007",
    "et": "GroupName",
    "off": 6812,
    "sff": "alone"
  },
  {
    "docID": "N226 Xiao 2007",
    "et": "GroupName",
    "off": 11679,
    "sff": "without"
  },
  {
    "docID": "N226 Xiao 2007",
    "et": "GroupName",
    "off": 22268,
    "sff": "animal"
  },
  {
    "docID": "N226 Xiao 2007",
    "et": "GroupName",
    "off": 17089,
    "sff": "graft"
  },
  {
    "docID": "N226 Xiao 2007",
    "et": "GroupName",
    "off": 22120,
    "sff": "NSFCs-engrafted animal"
  },
  {
    "docID": "N226 Xiao 2007",
    "et": "GroupName",
    "off": 6305,
    "sff": "control group"
  },
  {
    "docID": "N226 Xiao 2007",
    "et": "GroupName",
    "off": 21090,
    "sff": "NSFCs-engrafted"
  },
  {
    "docID": "N226 Xiao 2007",
    "et": "GroupName",
    "off": 24772,
    "sff": "animals"
  },
  {
    "docID": "N226 Xiao 2007",
    "et": "GroupName",
    "off": 6637,
    "sff": "experimental group"
  },
  {
    "docID": "N226 Xiao 2007",
    "et": "GroupName",
    "off": 27592,
    "sff": "controls"
  },
  {
    "docID": "N226 Xiao 2007",
    "et": "GroupName",
    "off": 17167,
    "sff": "C"
  },
  {
    "docID": "N226 Xiao 2007",
    "et": "GroupName",
    "off": 31038,
    "sff": "alone"
  },
  {
    "docID": "N226 Xiao 2007",
    "et": "GroupName",
    "off": 21648,
    "sff": "matrix"
  },
  {
    "docID": "N226 Xiao 2007",
    "et": "GroupName",
    "off": 6778,
    "sff": "matrix"
  },
  {
    "docID": "N226 Xiao 2007",
    "et": "GroupName",
    "off": 10064,
    "sff": "alone"
  },
  {
    "docID": "N226 Xiao 2007",
    "et": "GroupName",
    "off": 32996,
    "sff": "injection"
  },
  {
    "docID": "N226 Xiao 2007",
    "et": "GroupName",
    "off": 24687,
    "sff": "animals"
  },
  {
    "docID": "N226 Xiao 2007",
    "et": "GroupName",
    "off": 26281,
    "sff": "graft"
  },
  {
    "docID": "N226 Xiao 2007",
    "et": "GroupName",
    "off": 18508,
    "sff": "site"
  },
  {
    "docID": "N226 Xiao 2007",
    "et": "GroupName",
    "off": 24123,
    "sff": "later"
  },
  {
    "docID": "N226 Xiao 2007",
    "et": "GroupName",
    "off": 22759,
    "sff": "animals"
  },
  {
    "docID": "N226 Xiao 2007",
    "et": "GroupName",
    "off": 17144,
    "sff": "graft"
  },
  {
    "docID": "N226 Xiao 2007",
    "et": "GroupName",
    "off": 30238,
    "sff": "animals"
  },
  {
    "docID": "N226 Xiao 2007",
    "et": "GroupName",
    "off": 22507,
    "sff": "C"
  },
  {
    "docID": "N226 Xiao 2007",
    "et": "GroupName",
    "off": 7811,
    "sff": "experimental groups"
  },
  {
    "docID": "N226 Xiao 2007",
    "et": "GroupName",
    "off": 5579,
    "sff": "Medium"
  },
  {
    "docID": "N226 Xiao 2007",
    "et": "GroupName",
    "off": 28286,
    "sff": "5"
  },
  {
    "docID": "N226 Xiao 2007",
    "et": "GroupName",
    "off": 31894,
    "sff": "animals"
  },
  {
    "docID": "N226 Xiao 2007",
    "et": "GroupName",
    "off": 6637,
    "sff": "experimental"
  },
  {
    "docID": "N226 Xiao 2007",
    "et": "GroupName",
    "off": 6268,
    "sff": "experimental group"
  },
  {
    "docID": "N226 Xiao 2007",
    "et": "GroupName",
    "off": 17241,
    "sff": "C"
  },
  {
    "docID": "N226 Xiao 2007",
    "et": "GroupName",
    "off": 22349,
    "sff": "animal"
  },
  {
    "docID": "N226 Xiao 2007",
    "et": "GroupName",
    "off": 22609,
    "sff": "animal"
  },
  {
    "docID": "N226 Xiao 2007",
    "et": "GroupName",
    "off": 6313,
    "sff": "group"
  },
  {
    "docID": "N226 Xiao 2007",
    "et": "GroupName",
    "off": 22054,
    "sff": "site"
  },
  {
    "docID": "N226 Xiao 2007",
    "et": "GroupName",
    "off": 6322,
    "sff": "4"
  },
  {
    "docID": "N226 Xiao 2007",
    "et": "GroupName",
    "off": 654,
    "sff": "control rats"
  }
]
