[
  {
    "docID": "N227 Yamamoto 2009",
    "et": "GroupName",
    "off": 693,
    "sff": "olfactory"
  },
  {
    "docID": "N227 Yamamoto 2009",
    "et": "GroupName",
    "off": 970,
    "sff": "those"
  },
  {
    "docID": "N227 Yamamoto 2009",
    "et": "GroupName",
    "off": 454,
    "sff": "rat"
  },
  {
    "docID": "N227 Yamamoto 2009",
    "et": "GroupName",
    "off": 314,
    "sff": "olfactory"
  },
  {
    "docID": "N227 Yamamoto 2009",
    "et": "GroupName",
    "off": 595,
    "sff": "lesion"
  },
  {
    "docID": "N227 Yamamoto 2009",
    "et": "GroupName",
    "off": 1612,
    "sff": "1"
  },
  {
    "docID": "N227 Yamamoto 2009",
    "et": "GroupName",
    "off": 1394,
    "sff": "mucosal"
  },
  {
    "docID": "N227 Yamamoto 2009",
    "et": "GroupName",
    "off": 1031,
    "sff": "OEC"
  },
  {
    "docID": "N227 Yamamoto 2009",
    "et": "GroupName",
    "off": 343,
    "sff": "OECs"
  },
  {
    "docID": "N227 Yamamoto 2009",
    "et": "GroupName",
    "off": 294,
    "sff": "mixture"
  },
  {
    "docID": "N227 Yamamoto 2009",
    "et": "GroupName",
    "off": 1207,
    "sff": "site"
  },
  {
    "docID": "N227 Yamamoto 2009",
    "et": "GroupName",
    "off": 68,
    "sff": "without"
  },
  {
    "docID": "N227 Yamamoto 2009",
    "et": "GroupName",
    "off": 1664,
    "sff": "olfactory"
  },
  {
    "docID": "N227 Yamamoto 2009",
    "et": "GroupName",
    "off": 127,
    "sff": "across"
  },
  {
    "docID": "N227 Yamamoto 2009",
    "et": "GroupName",
    "off": 24,
    "sff": "mucosal"
  },
  {
    "docID": "N227 Yamamoto 2009",
    "et": "GroupName",
    "off": 1591,
    "sff": "across"
  },
  {
    "docID": "N227 Yamamoto 2009",
    "et": "GroupName",
    "off": 14,
    "sff": "olfactory"
  },
  {
    "docID": "N227 Yamamoto 2009",
    "et": "GroupName",
    "off": 1200,
    "sff": "lesion"
  },
  {
    "docID": "N227 Yamamoto 2009",
    "et": "GroupName",
    "off": 1426,
    "sff": "only"
  },
  {
    "docID": "N227 Yamamoto 2009",
    "et": "GroupName",
    "off": 878,
    "sff": "lesion"
  },
  {
    "docID": "N227 Yamamoto 2009",
    "et": "GroupName",
    "off": 1053,
    "sff": "mucosal"
  },
  {
    "docID": "N227 Yamamoto 2009",
    "et": "GroupName",
    "off": 1633,
    "sff": "groups"
  },
  {
    "docID": "N227 Yamamoto 2009",
    "et": "GroupName",
    "off": 1602,
    "sff": "lesions"
  },
  {
    "docID": "N227 Yamamoto 2009",
    "et": "GroupName",
    "off": 336,
    "sff": "cells"
  },
  {
    "docID": "N227 Yamamoto 2009",
    "et": "GroupName",
    "off": 913,
    "sff": "mucosal"
  },
  {
    "docID": "N227 Yamamoto 2009",
    "et": "GroupName",
    "off": 1717,
    "sff": "lesions"
  },
  {
    "docID": "N227 Yamamoto 2009",
    "et": "GroupName",
    "off": 439,
    "sff": "lesions"
  },
  {
    "docID": "N227 Yamamoto 2009",
    "et": "GroupName",
    "off": 1686,
    "sff": "cells"
  },
  {
    "docID": "N227 Yamamoto 2009",
    "et": "GroupName",
    "off": 218,
    "sff": "C"
  },
  {
    "docID": "N227 Yamamoto 2009",
    "et": "GroupName",
    "off": 408,
    "sff": "olfactory"
  },
  {
    "docID": "N227 Yamamoto 2009",
    "et": "GroupName",
    "off": 584,
    "sff": "across"
  },
  {
    "docID": "N227 Yamamoto 2009",
    "et": "GroupName",
    "off": 885,
    "sff": "paradigm"
  },
  {
    "docID": "N227 Yamamoto 2009",
    "et": "GroupName",
    "off": 1504,
    "sff": "cell"
  },
  {
    "docID": "N227 Yamamoto 2009",
    "et": "GroupName",
    "off": 208,
    "sff": "B"
  },
  {
    "docID": "N227 Yamamoto 2009",
    "et": "GroupName",
    "off": 1269,
    "sff": "other"
  },
  {
    "docID": "N227 Yamamoto 2009",
    "et": "GroupName",
    "off": 32,
    "sff": "cells"
  },
  {
    "docID": "N227 Yamamoto 2009",
    "et": "GroupName",
    "off": 703,
    "sff": "mucosal"
  },
  {
    "docID": "N227 Yamamoto 2009",
    "et": "GroupName",
    "off": 921,
    "sff": "OEC"
  },
  {
    "docID": "N227 Yamamoto 2009",
    "et": "GroupName",
    "off": 1693,
    "sff": "OECs"
  },
  {
    "docID": "N227 Yamamoto 2009",
    "et": "GroupName",
    "off": 1437,
    "sff": "OECs"
  },
  {
    "docID": "N227 Yamamoto 2009",
    "et": "GroupName",
    "off": 273,
    "sff": "transplantation"
  },
  {
    "docID": "N227 Yamamoto 2009",
    "et": "GroupName",
    "off": 1061,
    "sff": "cells"
  },
  {
    "docID": "N227 Yamamoto 2009",
    "et": "GroupName",
    "off": 1402,
    "sff": "cell"
  },
  {
    "docID": "N227 Yamamoto 2009",
    "et": "GroupName",
    "off": 1383,
    "sff": "cells"
  },
  {
    "docID": "N227 Yamamoto 2009",
    "et": "GroupName",
    "off": 679,
    "sff": "cells"
  },
  {
    "docID": "N227 Yamamoto 2009",
    "et": "GroupName",
    "off": 818,
    "sff": "olfactory"
  },
  {
    "docID": "N227 Yamamoto 2009",
    "et": "GroupName",
    "off": 138,
    "sff": "lesion"
  }
]
