[
  {
    "docID": "N228 Yazdani 2012",
    "et": "GroupName",
    "off": 16957,
    "sff": "control group"
  },
  {
    "docID": "N228 Yazdani 2012",
    "et": "GroupName",
    "off": 12051,
    "sff": "0"
  },
  {
    "docID": "N228 Yazdani 2012",
    "et": "GroupName",
    "off": 1459,
    "sff": "control groups"
  },
  {
    "docID": "N228 Yazdani 2012",
    "et": "GroupName",
    "off": 14776,
    "sff": "OEC"
  },
  {
    "docID": "N228 Yazdani 2012",
    "et": "GroupName",
    "off": 11333,
    "sff": "7"
  },
  {
    "docID": "N228 Yazdani 2012",
    "et": "GroupName",
    "off": 16904,
    "sff": "OEC treated"
  },
  {
    "docID": "N228 Yazdani 2012",
    "et": "GroupName",
    "off": 9832,
    "sff": "cord"
  },
  {
    "docID": "N228 Yazdani 2012",
    "et": "GroupName",
    "off": 13579,
    "sff": "lesion"
  },
  {
    "docID": "N228 Yazdani 2012",
    "et": "GroupName",
    "off": 21929,
    "sff": "OEC treated group"
  },
  {
    "docID": "N228 Yazdani 2012",
    "et": "GroupName",
    "off": 15697,
    "sff": "control group"
  },
  {
    "docID": "N228 Yazdani 2012",
    "et": "GroupName",
    "off": 21407,
    "sff": "control group"
  },
  {
    "docID": "N228 Yazdani 2012",
    "et": "GroupName",
    "off": 19925,
    "sff": "control groups"
  },
  {
    "docID": "N228 Yazdani 2012",
    "et": "GroupName",
    "off": 16695,
    "sff": "NIMSC"
  },
  {
    "docID": "N228 Yazdani 2012",
    "et": "GroupName",
    "off": 11295,
    "sff": "7"
  },
  {
    "docID": "N228 Yazdani 2012",
    "et": "GroupName",
    "off": 21850,
    "sff": "control groups"
  },
  {
    "docID": "N228 Yazdani 2012",
    "et": "GroupName",
    "off": 15162,
    "sff": "NIMSC"
  },
  {
    "docID": "N228 Yazdani 2012",
    "et": "GroupName",
    "off": 15131,
    "sff": "C"
  },
  {
    "docID": "N228 Yazdani 2012",
    "et": "GroupName",
    "off": 11409,
    "sff": "injection"
  },
  {
    "docID": "N228 Yazdani 2012",
    "et": "GroupName",
    "off": 15350,
    "sff": "0"
  },
  {
    "docID": "N228 Yazdani 2012",
    "et": "GroupName",
    "off": 16678,
    "sff": "control"
  },
  {
    "docID": "N228 Yazdani 2012",
    "et": "GroupName",
    "off": 15432,
    "sff": "NIMSC"
  },
  {
    "docID": "N228 Yazdani 2012",
    "et": "GroupName",
    "off": 16904,
    "sff": "OEC treated group"
  },
  {
    "docID": "N228 Yazdani 2012",
    "et": "GroupName",
    "off": 16379,
    "sff": "control group"
  },
  {
    "docID": "N228 Yazdani 2012",
    "et": "GroupName",
    "off": 19390,
    "sff": "OEC treated"
  },
  {
    "docID": "N228 Yazdani 2012",
    "et": "GroupName",
    "off": 17771,
    "sff": "cells"
  },
  {
    "docID": "N228 Yazdani 2012",
    "et": "GroupName",
    "off": 15046,
    "sff": "MSC"
  },
  {
    "docID": "N228 Yazdani 2012",
    "et": "GroupName",
    "off": 11517,
    "sff": "7"
  },
  {
    "docID": "N228 Yazdani 2012",
    "et": "GroupName",
    "off": 15608,
    "sff": "control group"
  },
  {
    "docID": "N228 Yazdani 2012",
    "et": "GroupName",
    "off": 16213,
    "sff": "control"
  },
  {
    "docID": "N228 Yazdani 2012",
    "et": "GroupName",
    "off": 12493,
    "sff": "transplantation"
  },
  {
    "docID": "N228 Yazdani 2012",
    "et": "GroupName",
    "off": 7951,
    "sff": "medium"
  },
  {
    "docID": "N228 Yazdani 2012",
    "et": "GroupName",
    "off": 11283,
    "sff": "NIMSCs"
  },
  {
    "docID": "N228 Yazdani 2012",
    "et": "GroupName",
    "off": 1679,
    "sff": "control group"
  },
  {
    "docID": "N228 Yazdani 2012",
    "et": "GroupName",
    "off": 13740,
    "sff": "cord"
  },
  {
    "docID": "N228 Yazdani 2012",
    "et": "GroupName",
    "off": 656,
    "sff": "NIMSCs"
  },
  {
    "docID": "N228 Yazdani 2012",
    "et": "GroupName",
    "off": 15973,
    "sff": "NIMSC"
  },
  {
    "docID": "N228 Yazdani 2012",
    "et": "GroupName",
    "off": 16230,
    "sff": "NIMSC"
  },
  {
    "docID": "N228 Yazdani 2012",
    "et": "GroupName",
    "off": 15415,
    "sff": "control"
  },
  {
    "docID": "N228 Yazdani 2012",
    "et": "GroupName",
    "off": 11451,
    "sff": "control"
  },
  {
    "docID": "N228 Yazdani 2012",
    "et": "GroupName",
    "off": 21982,
    "sff": "control group"
  },
  {
    "docID": "N228 Yazdani 2012",
    "et": "GroupName",
    "off": 19695,
    "sff": "control"
  },
  {
    "docID": "N228 Yazdani 2012",
    "et": "GroupName",
    "off": 20707,
    "sff": "5"
  },
  {
    "docID": "N228 Yazdani 2012",
    "et": "GroupName",
    "off": 20441,
    "sff": "control group"
  },
  {
    "docID": "N228 Yazdani 2012",
    "et": "GroupName",
    "off": 14679,
    "sff": "MSC"
  },
  {
    "docID": "N228 Yazdani 2012",
    "et": "GroupName",
    "off": 20647,
    "sff": "OEC treated"
  },
  {
    "docID": "N228 Yazdani 2012",
    "et": "GroupName",
    "off": 11323,
    "sff": "OECs"
  },
  {
    "docID": "N228 Yazdani 2012",
    "et": "GroupName",
    "off": 21929,
    "sff": "OEC treated"
  },
  {
    "docID": "N228 Yazdani 2012",
    "et": "GroupName",
    "off": 704,
    "sff": "OECs"
  },
  {
    "docID": "N228 Yazdani 2012",
    "et": "GroupName",
    "off": 15070,
    "sff": "cells"
  },
  {
    "docID": "N228 Yazdani 2012",
    "et": "GroupName",
    "off": 19433,
    "sff": "control ones"
  },
  {
    "docID": "N228 Yazdani 2012",
    "et": "GroupName",
    "off": 20850,
    "sff": "control group"
  },
  {
    "docID": "N228 Yazdani 2012",
    "et": "GroupName",
    "off": 16009,
    "sff": "OEC"
  }
]
