[
  {
    "docID": "N229 Yui 2014",
    "et": "GroupName",
    "off": 19442,
    "sff": "B"
  },
  {
    "docID": "N229 Yui 2014",
    "et": "GroupName",
    "off": 22358,
    "sff": "cord"
  },
  {
    "docID": "N229 Yui 2014",
    "et": "GroupName",
    "off": 17655,
    "sff": "transplanted OECs"
  },
  {
    "docID": "N229 Yui 2014",
    "et": "GroupName",
    "off": 19652,
    "sff": "OEC"
  },
  {
    "docID": "N229 Yui 2014",
    "et": "GroupName",
    "off": 18223,
    "sff": "OEC groups"
  },
  {
    "docID": "N229 Yui 2014",
    "et": "GroupName",
    "off": 22214,
    "sff": "OEC group"
  },
  {
    "docID": "N229 Yui 2014",
    "et": "GroupName",
    "off": 17689,
    "sff": "media group"
  },
  {
    "docID": "N229 Yui 2014",
    "et": "GroupName",
    "off": 21734,
    "sff": "cord"
  },
  {
    "docID": "N229 Yui 2014",
    "et": "GroupName",
    "off": 9881,
    "sff": "DM"
  },
  {
    "docID": "N229 Yui 2014",
    "et": "GroupName",
    "off": 22607,
    "sff": "media"
  },
  {
    "docID": "N229 Yui 2014",
    "et": "GroupName",
    "off": 22190,
    "sff": "media group"
  },
  {
    "docID": "N229 Yui 2014",
    "et": "GroupName",
    "off": 22442,
    "sff": "media group"
  },
  {
    "docID": "N229 Yui 2014",
    "et": "GroupName",
    "off": 13879,
    "sff": "injection"
  },
  {
    "docID": "N229 Yui 2014",
    "et": "GroupName",
    "off": 19927,
    "sff": "OEC group"
  },
  {
    "docID": "N229 Yui 2014",
    "et": "GroupName",
    "off": 22225,
    "sff": "C"
  },
  {
    "docID": "N229 Yui 2014",
    "et": "GroupName",
    "off": 21664,
    "sff": "OEC"
  },
  {
    "docID": "N229 Yui 2014",
    "et": "GroupName",
    "off": 17732,
    "sff": "site"
  },
  {
    "docID": "N229 Yui 2014",
    "et": "GroupName",
    "off": 22570,
    "sff": "OEC group"
  },
  {
    "docID": "N229 Yui 2014",
    "et": "GroupName",
    "off": 8547,
    "sff": "OECs"
  },
  {
    "docID": "N229 Yui 2014",
    "et": "GroupName",
    "off": 7407,
    "sff": "medium"
  },
  {
    "docID": "N229 Yui 2014",
    "et": "GroupName",
    "off": 12872,
    "sff": "group"
  },
  {
    "docID": "N229 Yui 2014",
    "et": "GroupName",
    "off": 5691,
    "sff": "culture"
  },
  {
    "docID": "N229 Yui 2014",
    "et": "GroupName",
    "off": 21510,
    "sff": "media group"
  },
  {
    "docID": "N229 Yui 2014",
    "et": "GroupName",
    "off": 6122,
    "sff": "medium"
  },
  {
    "docID": "N229 Yui 2014",
    "et": "GroupName",
    "off": 18213,
    "sff": "media"
  },
  {
    "docID": "N229 Yui 2014",
    "et": "GroupName",
    "off": 22404,
    "sff": "OEC"
  },
  {
    "docID": "N229 Yui 2014",
    "et": "GroupName",
    "off": 19894,
    "sff": "intact"
  },
  {
    "docID": "N229 Yui 2014",
    "et": "GroupName",
    "off": 22442,
    "sff": "media"
  },
  {
    "docID": "N229 Yui 2014",
    "et": "GroupName",
    "off": 22203,
    "sff": "B"
  },
  {
    "docID": "N229 Yui 2014",
    "et": "GroupName",
    "off": 19387,
    "sff": "intact"
  },
  {
    "docID": "N229 Yui 2014",
    "et": "GroupName",
    "off": 19429,
    "sff": "media group"
  },
  {
    "docID": "N229 Yui 2014",
    "et": "GroupName",
    "off": 22643,
    "sff": "OEC"
  },
  {
    "docID": "N229 Yui 2014",
    "et": "GroupName",
    "off": 21664,
    "sff": "OEC group"
  },
  {
    "docID": "N229 Yui 2014",
    "et": "GroupName",
    "off": 20096,
    "sff": "OEC groups"
  },
  {
    "docID": "N229 Yui 2014",
    "et": "GroupName",
    "off": 6781,
    "sff": "medium"
  },
  {
    "docID": "N229 Yui 2014",
    "et": "GroupName",
    "off": 14083,
    "sff": "injury"
  },
  {
    "docID": "N229 Yui 2014",
    "et": "GroupName",
    "off": 19919,
    "sff": "B"
  },
  {
    "docID": "N229 Yui 2014",
    "et": "GroupName",
    "off": 17689,
    "sff": "media"
  },
  {
    "docID": "N229 Yui 2014",
    "et": "GroupName",
    "off": 19906,
    "sff": "media"
  },
  {
    "docID": "N229 Yui 2014",
    "et": "GroupName",
    "off": 22643,
    "sff": "OEC group"
  },
  {
    "docID": "N229 Yui 2014",
    "et": "GroupName",
    "off": 12851,
    "sff": "control"
  },
  {
    "docID": "N229 Yui 2014",
    "et": "GroupName",
    "off": 12774,
    "sff": "OEC group"
  },
  {
    "docID": "N229 Yui 2014",
    "et": "GroupName",
    "off": 19220,
    "sff": "CM"
  },
  {
    "docID": "N229 Yui 2014",
    "et": "GroupName",
    "off": 30,
    "sff": "OECs"
  },
  {
    "docID": "N229 Yui 2014",
    "et": "GroupName",
    "off": 11415,
    "sff": "CM"
  },
  {
    "docID": "N229 Yui 2014",
    "et": "GroupName",
    "off": 19636,
    "sff": "media"
  },
  {
    "docID": "N229 Yui 2014",
    "et": "GroupName",
    "off": 22404,
    "sff": "OEC group"
  },
  {
    "docID": "N229 Yui 2014",
    "et": "GroupName",
    "off": 19906,
    "sff": "media group"
  },
  {
    "docID": "N229 Yui 2014",
    "et": "GroupName",
    "off": 12866,
    "sff": "media group"
  },
  {
    "docID": "N229 Yui 2014",
    "et": "GroupName",
    "off": 9919,
    "sff": "DM"
  },
  {
    "docID": "N229 Yui 2014",
    "et": "GroupName",
    "off": 14799,
    "sff": "PBS"
  },
  {
    "docID": "N229 Yui 2014",
    "et": "GroupName",
    "off": 22214,
    "sff": "OEC"
  }
]
