[
  {
    "docID": "N230 Zhang 2011 2",
    "et": "GroupName",
    "off": 21037,
    "sff": "cells"
  },
  {
    "docID": "N230 Zhang 2011 2",
    "et": "GroupName",
    "off": 7593,
    "sff": "ALP"
  },
  {
    "docID": "N230 Zhang 2011 2",
    "et": "GroupName",
    "off": 23430,
    "sff": "4"
  },
  {
    "docID": "N230 Zhang 2011 2",
    "et": "GroupName",
    "off": 16624,
    "sff": "scar ablation and LP transplantation"
  },
  {
    "docID": "N230 Zhang 2011 2",
    "et": "GroupName",
    "off": 21693,
    "sff": "7"
  },
  {
    "docID": "N230 Zhang 2011 2",
    "et": "GroupName",
    "off": 16176,
    "sff": "SCI control rats"
  },
  {
    "docID": "N230 Zhang 2011 2",
    "et": "GroupName",
    "off": 6706,
    "sff": "ALP"
  },
  {
    "docID": "N230 Zhang 2011 2",
    "et": "GroupName",
    "off": 13757,
    "sff": "Schwann cells"
  },
  {
    "docID": "N230 Zhang 2011 2",
    "et": "GroupName",
    "off": 20227,
    "sff": "zone"
  },
  {
    "docID": "N230 Zhang 2011 2",
    "et": "GroupName",
    "off": 1306,
    "sff": "zone"
  },
  {
    "docID": "N230 Zhang 2011 2",
    "et": "GroupName",
    "off": 22869,
    "sff": "3"
  },
  {
    "docID": "N230 Zhang 2011 2",
    "et": "GroupName",
    "off": 11744,
    "sff": "tissue"
  },
  {
    "docID": "N230 Zhang 2011 2",
    "et": "GroupName",
    "off": 20512,
    "sff": "cells"
  },
  {
    "docID": "N230 Zhang 2011 2",
    "et": "GroupName",
    "off": 13285,
    "sff": "cord"
  },
  {
    "docID": "N230 Zhang 2011 2",
    "et": "GroupName",
    "off": 11230,
    "sff": "tissue"
  },
  {
    "docID": "N230 Zhang 2011 2",
    "et": "GroupName",
    "off": 10205,
    "sff": "tissue"
  },
  {
    "docID": "N230 Zhang 2011 2",
    "et": "GroupName",
    "off": 857,
    "sff": "LP"
  },
  {
    "docID": "N230 Zhang 2011 2",
    "et": "GroupName",
    "off": 19543,
    "sff": "C"
  },
  {
    "docID": "N230 Zhang 2011 2",
    "et": "GroupName",
    "off": 22366,
    "sff": "7"
  },
  {
    "docID": "N230 Zhang 2011 2",
    "et": "GroupName",
    "off": 1483,
    "sff": "scar ablation and LP transplantation"
  },
  {
    "docID": "N230 Zhang 2011 2",
    "et": "GroupName",
    "off": 16841,
    "sff": "treatments"
  },
  {
    "docID": "N230 Zhang 2011 2",
    "et": "GroupName",
    "off": 20952,
    "sff": "7"
  },
  {
    "docID": "N230 Zhang 2011 2",
    "et": "GroupName",
    "off": 16952,
    "sff": "zone"
  },
  {
    "docID": "N230 Zhang 2011 2",
    "et": "GroupName",
    "off": 16356,
    "sff": "injury"
  },
  {
    "docID": "N230 Zhang 2011 2",
    "et": "GroupName",
    "off": 13765,
    "sff": "cells"
  },
  {
    "docID": "N230 Zhang 2011 2",
    "et": "GroupName",
    "off": 22582,
    "sff": "zone"
  },
  {
    "docID": "N230 Zhang 2011 2",
    "et": "GroupName",
    "off": 19230,
    "sff": "site"
  },
  {
    "docID": "N230 Zhang 2011 2",
    "et": "GroupName",
    "off": 15260,
    "sff": "B"
  },
  {
    "docID": "N230 Zhang 2011 2",
    "et": "GroupName",
    "off": 495,
    "sff": "SCI"
  },
  {
    "docID": "N230 Zhang 2011 2",
    "et": "GroupName",
    "off": 25872,
    "sff": "tissue"
  },
  {
    "docID": "N230 Zhang 2011 2",
    "et": "GroupName",
    "off": 16180,
    "sff": "control rats"
  },
  {
    "docID": "N230 Zhang 2011 2",
    "et": "GroupName",
    "off": 7171,
    "sff": "Animals"
  },
  {
    "docID": "N230 Zhang 2011 2",
    "et": "GroupName",
    "off": 12173,
    "sff": "tissue"
  },
  {
    "docID": "N230 Zhang 2011 2",
    "et": "GroupName",
    "off": 15233,
    "sff": "injury"
  },
  {
    "docID": "N230 Zhang 2011 2",
    "et": "GroupName",
    "off": 20504,
    "sff": "Schwann cells"
  },
  {
    "docID": "N230 Zhang 2011 2",
    "et": "GroupName",
    "off": 18311,
    "sff": "C"
  },
  {
    "docID": "N230 Zhang 2011 2",
    "et": "GroupName",
    "off": 23830,
    "sff": "5"
  },
  {
    "docID": "N230 Zhang 2011 2",
    "et": "GroupName",
    "off": 25748,
    "sff": "7"
  },
  {
    "docID": "N230 Zhang 2011 2",
    "et": "GroupName",
    "off": 16294,
    "sff": "tissue"
  },
  {
    "docID": "N230 Zhang 2011 2",
    "et": "GroupName",
    "off": 21663,
    "sff": "treatments"
  },
  {
    "docID": "N230 Zhang 2011 2",
    "et": "GroupName",
    "off": 26111,
    "sff": "ALP"
  },
  {
    "docID": "N230 Zhang 2011 2",
    "et": "GroupName",
    "off": 24230,
    "sff": "5"
  },
  {
    "docID": "N230 Zhang 2011 2",
    "et": "GroupName",
    "off": 22941,
    "sff": "7"
  },
  {
    "docID": "N230 Zhang 2011 2",
    "et": "GroupName",
    "off": 25572,
    "sff": "mm"
  },
  {
    "docID": "N230 Zhang 2011 2",
    "et": "GroupName",
    "off": 16853,
    "sff": "B"
  },
  {
    "docID": "N230 Zhang 2011 2",
    "et": "GroupName",
    "off": 14672,
    "sff": "B"
  },
  {
    "docID": "N230 Zhang 2011 2",
    "et": "GroupName",
    "off": 18200,
    "sff": "cells"
  },
  {
    "docID": "N230 Zhang 2011 2",
    "et": "GroupName",
    "off": 12030,
    "sff": "zone"
  },
  {
    "docID": "N230 Zhang 2011 2",
    "et": "GroupName",
    "off": 7919,
    "sff": "before"
  },
  {
    "docID": "N230 Zhang 2011 2",
    "et": "GroupName",
    "off": 17277,
    "sff": "zone"
  },
  {
    "docID": "N230 Zhang 2011 2",
    "et": "GroupName",
    "off": 14067,
    "sff": "zone"
  }
]
