[
  {
    "docID": "N231 Zhang 2011",
    "et": "GroupName",
    "off": 15392,
    "sff": "OEC"
  },
  {
    "docID": "N231 Zhang 2011",
    "et": "GroupName",
    "off": 20102,
    "sff": "injury alone control rats"
  },
  {
    "docID": "N231 Zhang 2011",
    "et": "GroupName",
    "off": 21085,
    "sff": "transplantation"
  },
  {
    "docID": "N231 Zhang 2011",
    "et": "GroupName",
    "off": 16976,
    "sff": "injury only control"
  },
  {
    "docID": "N231 Zhang 2011",
    "et": "GroupName",
    "off": 20307,
    "sff": "control animals"
  },
  {
    "docID": "N231 Zhang 2011",
    "et": "GroupName",
    "off": 21856,
    "sff": "transplantation"
  },
  {
    "docID": "N231 Zhang 2011",
    "et": "GroupName",
    "off": 677,
    "sff": "LP"
  },
  {
    "docID": "N231 Zhang 2011",
    "et": "GroupName",
    "off": 20504,
    "sff": "7"
  },
  {
    "docID": "N231 Zhang 2011",
    "et": "GroupName",
    "off": 19744,
    "sff": "LP"
  },
  {
    "docID": "N231 Zhang 2011",
    "et": "GroupName",
    "off": 19939,
    "sff": "control animals"
  },
  {
    "docID": "N231 Zhang 2011",
    "et": "GroupName",
    "off": 16523,
    "sff": "5"
  },
  {
    "docID": "N231 Zhang 2011",
    "et": "GroupName",
    "off": 464,
    "sff": "transplantation"
  },
  {
    "docID": "N231 Zhang 2011",
    "et": "GroupName",
    "off": 9377,
    "sff": "cord"
  },
  {
    "docID": "N231 Zhang 2011",
    "et": "GroupName",
    "off": 17007,
    "sff": "22w"
  },
  {
    "docID": "N231 Zhang 2011",
    "et": "GroupName",
    "off": 12621,
    "sff": "scores"
  },
  {
    "docID": "N231 Zhang 2011",
    "et": "GroupName",
    "off": 16789,
    "sff": "22w"
  },
  {
    "docID": "N231 Zhang 2011",
    "et": "GroupName",
    "off": 11033,
    "sff": "OEC transplantation"
  },
  {
    "docID": "N231 Zhang 2011",
    "et": "GroupName",
    "off": 10129,
    "sff": "tissue"
  },
  {
    "docID": "N231 Zhang 2011",
    "et": "GroupName",
    "off": 19768,
    "sff": "4"
  },
  {
    "docID": "N231 Zhang 2011",
    "et": "GroupName",
    "off": 17267,
    "sff": "7"
  },
  {
    "docID": "N231 Zhang 2011",
    "et": "GroupName",
    "off": 772,
    "sff": "OEC"
  },
  {
    "docID": "N231 Zhang 2011",
    "et": "GroupName",
    "off": 12462,
    "sff": "B"
  },
  {
    "docID": "N231 Zhang 2011",
    "et": "GroupName",
    "off": 21640,
    "sff": "OEC transplantation"
  },
  {
    "docID": "N231 Zhang 2011",
    "et": "GroupName",
    "off": 19935,
    "sff": "SCI control animals"
  },
  {
    "docID": "N231 Zhang 2011",
    "et": "GroupName",
    "off": 19812,
    "sff": "5"
  },
  {
    "docID": "N231 Zhang 2011",
    "et": "GroupName",
    "off": 10173,
    "sff": "scar"
  },
  {
    "docID": "N231 Zhang 2011",
    "et": "GroupName",
    "off": 1601,
    "sff": "control animals"
  },
  {
    "docID": "N231 Zhang 2011",
    "et": "GroupName",
    "off": 11743,
    "sff": "control group"
  },
  {
    "docID": "N231 Zhang 2011",
    "et": "GroupName",
    "off": 11791,
    "sff": "B"
  },
  {
    "docID": "N231 Zhang 2011",
    "et": "GroupName",
    "off": 16988,
    "sff": "control group"
  },
  {
    "docID": "N231 Zhang 2011",
    "et": "GroupName",
    "off": 20115,
    "sff": "control rats"
  },
  {
    "docID": "N231 Zhang 2011",
    "et": "GroupName",
    "off": 21644,
    "sff": "transplantation"
  },
  {
    "docID": "N231 Zhang 2011",
    "et": "GroupName",
    "off": 19667,
    "sff": "5"
  },
  {
    "docID": "N231 Zhang 2011",
    "et": "GroupName",
    "off": 19038,
    "sff": "cord"
  },
  {
    "docID": "N231 Zhang 2011",
    "et": "GroupName",
    "off": 17216,
    "sff": "5"
  },
  {
    "docID": "N231 Zhang 2011",
    "et": "GroupName",
    "off": 17102,
    "sff": "OEC transplantation"
  },
  {
    "docID": "N231 Zhang 2011",
    "et": "GroupName",
    "off": 21572,
    "sff": "transplantation"
  },
  {
    "docID": "N231 Zhang 2011",
    "et": "GroupName",
    "off": 18127,
    "sff": "OEC transplantation"
  },
  {
    "docID": "N231 Zhang 2011",
    "et": "GroupName",
    "off": 19782,
    "sff": "OEC"
  },
  {
    "docID": "N231 Zhang 2011",
    "et": "GroupName",
    "off": 8939,
    "sff": "B"
  },
  {
    "docID": "N231 Zhang 2011",
    "et": "GroupName",
    "off": 15106,
    "sff": "scar"
  },
  {
    "docID": "N231 Zhang 2011",
    "et": "GroupName",
    "off": 21279,
    "sff": "10"
  },
  {
    "docID": "N231 Zhang 2011",
    "et": "GroupName",
    "off": 20736,
    "sff": "injury only"
  },
  {
    "docID": "N231 Zhang 2011",
    "et": "GroupName",
    "off": 18695,
    "sff": "scar"
  },
  {
    "docID": "N231 Zhang 2011",
    "et": "GroupName",
    "off": 16976,
    "sff": "injury only control group"
  },
  {
    "docID": "N231 Zhang 2011",
    "et": "GroupName",
    "off": 20898,
    "sff": "10"
  },
  {
    "docID": "N231 Zhang 2011",
    "et": "GroupName",
    "off": 15268,
    "sff": "5"
  },
  {
    "docID": "N231 Zhang 2011",
    "et": "GroupName",
    "off": 21379,
    "sff": "ablation"
  },
  {
    "docID": "N231 Zhang 2011",
    "et": "GroupName",
    "off": 14940,
    "sff": "B"
  },
  {
    "docID": "N231 Zhang 2011",
    "et": "GroupName",
    "off": 10912,
    "sff": "control group"
  },
  {
    "docID": "N231 Zhang 2011",
    "et": "GroupName",
    "off": 19844,
    "sff": "ablation"
  }
]
