[
  {
    "docID": "N232 Zhang 2012",
    "et": "GroupName",
    "off": 20008,
    "sff": "TANES"
  },
  {
    "docID": "N232 Zhang 2012",
    "et": "GroupName",
    "off": 21494,
    "sff": "Group 4"
  },
  {
    "docID": "N232 Zhang 2012",
    "et": "GroupName",
    "off": 11770,
    "sff": "ST"
  },
  {
    "docID": "N232 Zhang 2012",
    "et": "GroupName",
    "off": 14081,
    "sff": "Group 4"
  },
  {
    "docID": "N232 Zhang 2012",
    "et": "GroupName",
    "off": 15671,
    "sff": "BT"
  },
  {
    "docID": "N232 Zhang 2012",
    "et": "GroupName",
    "off": 18564,
    "sff": "Group 2"
  },
  {
    "docID": "N232 Zhang 2012",
    "et": "GroupName",
    "off": 18746,
    "sff": "BT"
  },
  {
    "docID": "N232 Zhang 2012",
    "et": "GroupName",
    "off": 21008,
    "sff": "SCI 22w"
  },
  {
    "docID": "N232 Zhang 2012",
    "et": "GroupName",
    "off": 13668,
    "sff": "surgery"
  },
  {
    "docID": "N232 Zhang 2012",
    "et": "GroupName",
    "off": 18733,
    "sff": "Group 3"
  },
  {
    "docID": "N232 Zhang 2012",
    "et": "GroupName",
    "off": 11494,
    "sff": "control group"
  },
  {
    "docID": "N232 Zhang 2012",
    "et": "GroupName",
    "off": 18577,
    "sff": "TANES"
  },
  {
    "docID": "N232 Zhang 2012",
    "et": "GroupName",
    "off": 19694,
    "sff": "tissue"
  },
  {
    "docID": "N232 Zhang 2012",
    "et": "GroupName",
    "off": 15937,
    "sff": "TANES"
  },
  {
    "docID": "N232 Zhang 2012",
    "et": "GroupName",
    "off": 20895,
    "sff": "Group 3"
  },
  {
    "docID": "N232 Zhang 2012",
    "et": "GroupName",
    "off": 19895,
    "sff": "control"
  },
  {
    "docID": "N232 Zhang 2012",
    "et": "GroupName",
    "off": 14910,
    "sff": "TANES"
  },
  {
    "docID": "N232 Zhang 2012",
    "et": "GroupName",
    "off": 21090,
    "sff": "Group 4"
  },
  {
    "docID": "N232 Zhang 2012",
    "et": "GroupName",
    "off": 18257,
    "sff": "SCI Control"
  },
  {
    "docID": "N232 Zhang 2012",
    "et": "GroupName",
    "off": 20821,
    "sff": "SCI Control"
  },
  {
    "docID": "N232 Zhang 2012",
    "et": "GroupName",
    "off": 13008,
    "sff": "scores"
  },
  {
    "docID": "N232 Zhang 2012",
    "et": "GroupName",
    "off": 21481,
    "sff": "SCI 22w"
  },
  {
    "docID": "N232 Zhang 2012",
    "et": "GroupName",
    "off": 18261,
    "sff": "Control"
  },
  {
    "docID": "N232 Zhang 2012",
    "et": "GroupName",
    "off": 14032,
    "sff": "Group 2"
  },
  {
    "docID": "N232 Zhang 2012",
    "et": "GroupName",
    "off": 19921,
    "sff": "Group 2"
  },
  {
    "docID": "N232 Zhang 2012",
    "et": "GroupName",
    "off": 21485,
    "sff": "22w"
  },
  {
    "docID": "N232 Zhang 2012",
    "et": "GroupName",
    "off": 11466,
    "sff": "BT"
  },
  {
    "docID": "N232 Zhang 2012",
    "et": "GroupName",
    "off": 19891,
    "sff": "SCI control"
  },
  {
    "docID": "N232 Zhang 2012",
    "et": "GroupName",
    "off": 19971,
    "sff": "BT"
  },
  {
    "docID": "N232 Zhang 2012",
    "et": "GroupName",
    "off": 18998,
    "sff": "Group 4"
  },
  {
    "docID": "N232 Zhang 2012",
    "et": "GroupName",
    "off": 14694,
    "sff": "TANES"
  },
  {
    "docID": "N232 Zhang 2012",
    "et": "GroupName",
    "off": 21012,
    "sff": "22w"
  },
  {
    "docID": "N232 Zhang 2012",
    "et": "GroupName",
    "off": 16741,
    "sff": "TANES"
  },
  {
    "docID": "N232 Zhang 2012",
    "et": "GroupName",
    "off": 8896,
    "sff": "Group 4"
  },
  {
    "docID": "N232 Zhang 2012",
    "et": "GroupName",
    "off": 8538,
    "sff": "full treatments"
  },
  {
    "docID": "N232 Zhang 2012",
    "et": "GroupName",
    "off": 19934,
    "sff": "TANES"
  },
  {
    "docID": "N232 Zhang 2012",
    "et": "GroupName",
    "off": 18754,
    "sff": "Group 4"
  },
  {
    "docID": "N232 Zhang 2012",
    "et": "GroupName",
    "off": 11502,
    "sff": "group"
  },
  {
    "docID": "N232 Zhang 2012",
    "et": "GroupName",
    "off": 14381,
    "sff": "Group 4"
  },
  {
    "docID": "N232 Zhang 2012",
    "et": "GroupName",
    "off": 18770,
    "sff": "TANES"
  },
  {
    "docID": "N232 Zhang 2012",
    "et": "GroupName",
    "off": 8912,
    "sff": "TANES"
  },
  {
    "docID": "N232 Zhang 2012",
    "et": "GroupName",
    "off": 14894,
    "sff": "Group 4"
  },
  {
    "docID": "N232 Zhang 2012",
    "et": "GroupName",
    "off": 16567,
    "sff": "SCI control rats"
  },
  {
    "docID": "N232 Zhang 2012",
    "et": "GroupName",
    "off": 19992,
    "sff": "Group 4"
  },
  {
    "docID": "N232 Zhang 2012",
    "et": "GroupName",
    "off": 14360,
    "sff": "Group 2"
  },
  {
    "docID": "N232 Zhang 2012",
    "et": "GroupName",
    "off": 18847,
    "sff": "Group 4"
  },
  {
    "docID": "N232 Zhang 2012",
    "et": "GroupName",
    "off": 11656,
    "sff": "Group 4"
  },
  {
    "docID": "N232 Zhang 2012",
    "et": "GroupName",
    "off": 8562,
    "sff": "TANES"
  },
  {
    "docID": "N232 Zhang 2012",
    "et": "GroupName",
    "off": 11494,
    "sff": "control"
  },
  {
    "docID": "N232 Zhang 2012",
    "et": "GroupName",
    "off": 19739,
    "sff": "tissue"
  },
  {
    "docID": "N232 Zhang 2012",
    "et": "GroupName",
    "off": 620,
    "sff": "TANES"
  }
]
