[
  {
    "docID": "N233 Zhang 2015",
    "et": "GroupName",
    "off": 1433,
    "sff": "control groups"
  },
  {
    "docID": "N233 Zhang 2015",
    "et": "GroupName",
    "off": 8566,
    "sff": "lesion"
  },
  {
    "docID": "N233 Zhang 2015",
    "et": "GroupName",
    "off": 8017,
    "sff": "group"
  },
  {
    "docID": "N233 Zhang 2015",
    "et": "GroupName",
    "off": 17775,
    "sff": "4"
  },
  {
    "docID": "N233 Zhang 2015",
    "et": "GroupName",
    "off": 18590,
    "sff": "EPI-NCSCs-injected animals"
  },
  {
    "docID": "N233 Zhang 2015",
    "et": "GroupName",
    "off": 15357,
    "sff": "control"
  },
  {
    "docID": "N233 Zhang 2015",
    "et": "GroupName",
    "off": 10793,
    "sff": "BDNF"
  },
  {
    "docID": "N233 Zhang 2015",
    "et": "GroupName",
    "off": 10298,
    "sff": "media"
  },
  {
    "docID": "N233 Zhang 2015",
    "et": "GroupName",
    "off": 12974,
    "sff": "blank control group"
  },
  {
    "docID": "N233 Zhang 2015",
    "et": "GroupName",
    "off": 18744,
    "sff": "5"
  },
  {
    "docID": "N233 Zhang 2015",
    "et": "GroupName",
    "off": 1629,
    "sff": "OECs"
  },
  {
    "docID": "N233 Zhang 2015",
    "et": "GroupName",
    "off": 8201,
    "sff": "mixed EPI-NCSCs-OECs"
  },
  {
    "docID": "N233 Zhang 2015",
    "et": "GroupName",
    "off": 14363,
    "sff": "OECs group"
  },
  {
    "docID": "N233 Zhang 2015",
    "et": "GroupName",
    "off": 803,
    "sff": "GDNF"
  },
  {
    "docID": "N233 Zhang 2015",
    "et": "GroupName",
    "off": 9300,
    "sff": "cord"
  },
  {
    "docID": "N233 Zhang 2015",
    "et": "GroupName",
    "off": 12980,
    "sff": "control group"
  },
  {
    "docID": "N233 Zhang 2015",
    "et": "GroupName",
    "off": 11019,
    "sff": "SCI"
  },
  {
    "docID": "N233 Zhang 2015",
    "et": "GroupName",
    "off": 8794,
    "sff": "control animals"
  },
  {
    "docID": "N233 Zhang 2015",
    "et": "GroupName",
    "off": 16547,
    "sff": "OECs group"
  },
  {
    "docID": "N233 Zhang 2015",
    "et": "GroupName",
    "off": 479,
    "sff": "EPI-NCSCs"
  },
  {
    "docID": "N233 Zhang 2015",
    "et": "GroupName",
    "off": 8207,
    "sff": "EPI-NCSCs-OECs"
  },
  {
    "docID": "N233 Zhang 2015",
    "et": "GroupName",
    "off": 15108,
    "sff": "transplantation"
  },
  {
    "docID": "N233 Zhang 2015",
    "et": "GroupName",
    "off": 343,
    "sff": "injury"
  },
  {
    "docID": "N233 Zhang 2015",
    "et": "GroupName",
    "off": 1393,
    "sff": "coinjected group"
  },
  {
    "docID": "N233 Zhang 2015",
    "et": "GroupName",
    "off": 14890,
    "sff": "group"
  },
  {
    "docID": "N233 Zhang 2015",
    "et": "GroupName",
    "off": 12865,
    "sff": "animal"
  },
  {
    "docID": "N233 Zhang 2015",
    "et": "GroupName",
    "off": 8779,
    "sff": "injection"
  },
  {
    "docID": "N233 Zhang 2015",
    "et": "GroupName",
    "off": 16605,
    "sff": "co-transplantation group"
  },
  {
    "docID": "N233 Zhang 2015",
    "et": "GroupName",
    "off": 17595,
    "sff": "OECs"
  },
  {
    "docID": "N233 Zhang 2015",
    "et": "GroupName",
    "off": 17704,
    "sff": "2"
  },
  {
    "docID": "N233 Zhang 2015",
    "et": "GroupName",
    "off": 10856,
    "sff": "1"
  },
  {
    "docID": "N233 Zhang 2015",
    "et": "GroupName",
    "off": 748,
    "sff": "BDNF"
  },
  {
    "docID": "N233 Zhang 2015",
    "et": "GroupName",
    "off": 351,
    "sff": "SCI"
  },
  {
    "docID": "N233 Zhang 2015",
    "et": "GroupName",
    "off": 16812,
    "sff": "EPI-NCSCs"
  },
  {
    "docID": "N233 Zhang 2015",
    "et": "GroupName",
    "off": 15737,
    "sff": "1"
  },
  {
    "docID": "N233 Zhang 2015",
    "et": "GroupName",
    "off": 8004,
    "sff": "groups"
  },
  {
    "docID": "N233 Zhang 2015",
    "et": "GroupName",
    "off": 5406,
    "sff": "DMEM"
  },
  {
    "docID": "N233 Zhang 2015",
    "et": "GroupName",
    "off": 16547,
    "sff": "OECs"
  },
  {
    "docID": "N233 Zhang 2015",
    "et": "GroupName",
    "off": 17089,
    "sff": "co-transplantation group"
  },
  {
    "docID": "N233 Zhang 2015",
    "et": "GroupName",
    "off": 9509,
    "sff": "sections"
  },
  {
    "docID": "N233 Zhang 2015",
    "et": "GroupName",
    "off": 14880,
    "sff": "cord"
  },
  {
    "docID": "N233 Zhang 2015",
    "et": "GroupName",
    "off": 17931,
    "sff": "co-transplanted group"
  },
  {
    "docID": "N233 Zhang 2015",
    "et": "GroupName",
    "off": 17032,
    "sff": "OECs group"
  },
  {
    "docID": "N233 Zhang 2015",
    "et": "GroupName",
    "off": 8342,
    "sff": "injury"
  },
  {
    "docID": "N233 Zhang 2015",
    "et": "GroupName",
    "off": 17032,
    "sff": "OECs"
  },
  {
    "docID": "N233 Zhang 2015",
    "et": "GroupName",
    "off": 7727,
    "sff": "animals"
  },
  {
    "docID": "N233 Zhang 2015",
    "et": "GroupName",
    "off": 523,
    "sff": "OECs"
  },
  {
    "docID": "N233 Zhang 2015",
    "et": "GroupName",
    "off": 8191,
    "sff": "OECs"
  },
  {
    "docID": "N233 Zhang 2015",
    "et": "GroupName",
    "off": 14377,
    "sff": "co-transplantation group"
  },
  {
    "docID": "N233 Zhang 2015",
    "et": "GroupName",
    "off": 16449,
    "sff": "EPI-NCSCs"
  },
  {
    "docID": "N233 Zhang 2015",
    "et": "GroupName",
    "off": 10950,
    "sff": "mm"
  },
  {
    "docID": "N233 Zhang 2015",
    "et": "GroupName",
    "off": 16054,
    "sff": "tissue"
  }
]
