[
  {
    "docID": "N234 Zhang 2016",
    "et": "GroupName",
    "off": 24477,
    "sff": "OEC group"
  },
  {
    "docID": "N234 Zhang 2016",
    "et": "GroupName",
    "off": 23475,
    "sff": "DMEM"
  },
  {
    "docID": "N234 Zhang 2016",
    "et": "GroupName",
    "off": 16825,
    "sff": "DMEM"
  },
  {
    "docID": "N234 Zhang 2016",
    "et": "GroupName",
    "off": 18486,
    "sff": "DMEM"
  },
  {
    "docID": "N234 Zhang 2016",
    "et": "GroupName",
    "off": 17661,
    "sff": "OEC groups"
  },
  {
    "docID": "N234 Zhang 2016",
    "et": "GroupName",
    "off": 20630,
    "sff": "OEC group"
  },
  {
    "docID": "N234 Zhang 2016",
    "et": "GroupName",
    "off": 23669,
    "sff": "DMEM group"
  },
  {
    "docID": "N234 Zhang 2016",
    "et": "GroupName",
    "off": 23083,
    "sff": "DMEM"
  },
  {
    "docID": "N234 Zhang 2016",
    "et": "GroupName",
    "off": 24677,
    "sff": "SC"
  },
  {
    "docID": "N234 Zhang 2016",
    "et": "GroupName",
    "off": 22263,
    "sff": "OEC"
  },
  {
    "docID": "N234 Zhang 2016",
    "et": "GroupName",
    "off": 442,
    "sff": "SCs"
  },
  {
    "docID": "N234 Zhang 2016",
    "et": "GroupName",
    "off": 23540,
    "sff": "OEC"
  },
  {
    "docID": "N234 Zhang 2016",
    "et": "GroupName",
    "off": 22239,
    "sff": "SC"
  },
  {
    "docID": "N234 Zhang 2016",
    "et": "GroupName",
    "off": 23711,
    "sff": "OEC group"
  },
  {
    "docID": "N234 Zhang 2016",
    "et": "GroupName",
    "off": 21567,
    "sff": "DMEM"
  },
  {
    "docID": "N234 Zhang 2016",
    "et": "GroupName",
    "off": 20910,
    "sff": "SC"
  },
  {
    "docID": "N234 Zhang 2016",
    "et": "GroupName",
    "off": 24449,
    "sff": "SC group"
  },
  {
    "docID": "N234 Zhang 2016",
    "et": "GroupName",
    "off": 22447,
    "sff": "SC"
  },
  {
    "docID": "N234 Zhang 2016",
    "et": "GroupName",
    "off": 16420,
    "sff": "DMEM"
  },
  {
    "docID": "N234 Zhang 2016",
    "et": "GroupName",
    "off": 1036,
    "sff": "OEC group"
  },
  {
    "docID": "N234 Zhang 2016",
    "et": "GroupName",
    "off": 20728,
    "sff": "SC group"
  },
  {
    "docID": "N234 Zhang 2016",
    "et": "GroupName",
    "off": 20904,
    "sff": "DMEM"
  },
  {
    "docID": "N234 Zhang 2016",
    "et": "GroupName",
    "off": 22153,
    "sff": "OEC group"
  },
  {
    "docID": "N234 Zhang 2016",
    "et": "GroupName",
    "off": 18492,
    "sff": "SC"
  },
  {
    "docID": "N234 Zhang 2016",
    "et": "GroupName",
    "off": 25166,
    "sff": "OEC"
  },
  {
    "docID": "N234 Zhang 2016",
    "et": "GroupName",
    "off": 16831,
    "sff": "SC"
  },
  {
    "docID": "N234 Zhang 2016",
    "et": "GroupName",
    "off": 22365,
    "sff": "OEC group"
  },
  {
    "docID": "N234 Zhang 2016",
    "et": "GroupName",
    "off": 17399,
    "sff": "DMEM"
  },
  {
    "docID": "N234 Zhang 2016",
    "et": "GroupName",
    "off": 24405,
    "sff": "OEC group"
  },
  {
    "docID": "N234 Zhang 2016",
    "et": "GroupName",
    "off": 23475,
    "sff": "DMEM group"
  },
  {
    "docID": "N234 Zhang 2016",
    "et": "GroupName",
    "off": 22469,
    "sff": "OEC"
  },
  {
    "docID": "N234 Zhang 2016",
    "et": "GroupName",
    "off": 20918,
    "sff": "OEC groups"
  },
  {
    "docID": "N234 Zhang 2016",
    "et": "GroupName",
    "off": 17647,
    "sff": "DMEM"
  },
  {
    "docID": "N234 Zhang 2016",
    "et": "GroupName",
    "off": 8806,
    "sff": "Control animals"
  },
  {
    "docID": "N234 Zhang 2016",
    "et": "GroupName",
    "off": 25110,
    "sff": "SC group"
  },
  {
    "docID": "N234 Zhang 2016",
    "et": "GroupName",
    "off": 16426,
    "sff": "SC"
  },
  {
    "docID": "N234 Zhang 2016",
    "et": "GroupName",
    "off": 24132,
    "sff": "DMEM group"
  },
  {
    "docID": "N234 Zhang 2016",
    "et": "GroupName",
    "off": 16839,
    "sff": "OEC groups"
  },
  {
    "docID": "N234 Zhang 2016",
    "et": "GroupName",
    "off": 18655,
    "sff": "OEC group"
  },
  {
    "docID": "N234 Zhang 2016",
    "et": "GroupName",
    "off": 1023,
    "sff": "DMEM"
  },
  {
    "docID": "N234 Zhang 2016",
    "et": "GroupName",
    "off": 17653,
    "sff": "SC"
  },
  {
    "docID": "N234 Zhang 2016",
    "et": "GroupName",
    "off": 20728,
    "sff": "SC"
  },
  {
    "docID": "N234 Zhang 2016",
    "et": "GroupName",
    "off": 22218,
    "sff": "DMEM"
  },
  {
    "docID": "N234 Zhang 2016",
    "et": "GroupName",
    "off": 13851,
    "sff": "transplantation"
  },
  {
    "docID": "N234 Zhang 2016",
    "et": "GroupName",
    "off": 11480,
    "sff": "DMEM group"
  },
  {
    "docID": "N234 Zhang 2016",
    "et": "GroupName",
    "off": 1029,
    "sff": "SC"
  },
  {
    "docID": "N234 Zhang 2016",
    "et": "GroupName",
    "off": 25166,
    "sff": "OEC group"
  },
  {
    "docID": "N234 Zhang 2016",
    "et": "GroupName",
    "off": 25056,
    "sff": "DMEM group"
  },
  {
    "docID": "N234 Zhang 2016",
    "et": "GroupName",
    "off": 17405,
    "sff": "SC"
  },
  {
    "docID": "N234 Zhang 2016",
    "et": "GroupName",
    "off": 20676,
    "sff": "OEC group"
  },
  {
    "docID": "N234 Zhang 2016",
    "et": "GroupName",
    "off": 23828,
    "sff": "OEC"
  },
  {
    "docID": "N234 Zhang 2016",
    "et": "GroupName",
    "off": 25056,
    "sff": "DMEM"
  },
  {
    "docID": "N234 Zhang 2016",
    "et": "GroupName",
    "off": 24671,
    "sff": "DMEM"
  }
]
