[
  {
    "docID": "N244 Cloutier 2016",
    "et": "GroupName",
    "off": 24538,
    "sff": "OEC-treated animals"
  },
  {
    "docID": "N244 Cloutier 2016",
    "et": "GroupName",
    "off": 2212,
    "sff": "1"
  },
  {
    "docID": "N244 Cloutier 2016",
    "et": "GroupName",
    "off": 22568,
    "sff": "GFP-OEC-transplanted"
  },
  {
    "docID": "N244 Cloutier 2016",
    "et": "GroupName",
    "off": 22973,
    "sff": "cord"
  },
  {
    "docID": "N244 Cloutier 2016",
    "et": "GroupName",
    "off": 21882,
    "sff": "fibroblast-transplanted group"
  },
  {
    "docID": "N244 Cloutier 2016",
    "et": "GroupName",
    "off": 19333,
    "sff": "groups"
  },
  {
    "docID": "N244 Cloutier 2016",
    "et": "GroupName",
    "off": 20043,
    "sff": "B"
  },
  {
    "docID": "N244 Cloutier 2016",
    "et": "GroupName",
    "off": 22850,
    "sff": "injury"
  },
  {
    "docID": "N244 Cloutier 2016",
    "et": "GroupName",
    "off": 25264,
    "sff": "transplanted group"
  },
  {
    "docID": "N244 Cloutier 2016",
    "et": "GroupName",
    "off": 24538,
    "sff": "OEC-treated"
  },
  {
    "docID": "N244 Cloutier 2016",
    "et": "GroupName",
    "off": 21847,
    "sff": "GFP-OEC-transplanted group"
  },
  {
    "docID": "N244 Cloutier 2016",
    "et": "GroupName",
    "off": 25277,
    "sff": "group"
  },
  {
    "docID": "N244 Cloutier 2016",
    "et": "GroupName",
    "off": 20340,
    "sff": "GFP-OECs"
  },
  {
    "docID": "N244 Cloutier 2016",
    "et": "GroupName",
    "off": 1484,
    "sff": "control"
  },
  {
    "docID": "N244 Cloutier 2016",
    "et": "GroupName",
    "off": 19539,
    "sff": "injury"
  },
  {
    "docID": "N244 Cloutier 2016",
    "et": "GroupName",
    "off": 22786,
    "sff": "7"
  },
  {
    "docID": "N244 Cloutier 2016",
    "et": "GroupName",
    "off": 20982,
    "sff": "C"
  },
  {
    "docID": "N244 Cloutier 2016",
    "et": "GroupName",
    "off": 19127,
    "sff": "B"
  },
  {
    "docID": "N244 Cloutier 2016",
    "et": "GroupName",
    "off": 24574,
    "sff": "fibroblast-treated animals"
  },
  {
    "docID": "N244 Cloutier 2016",
    "et": "GroupName",
    "off": 22813,
    "sff": "week"
  },
  {
    "docID": "N244 Cloutier 2016",
    "et": "GroupName",
    "off": 21847,
    "sff": "GFP-OEC-transplanted"
  },
  {
    "docID": "N244 Cloutier 2016",
    "et": "GroupName",
    "off": 23050,
    "sff": "animals"
  },
  {
    "docID": "N244 Cloutier 2016",
    "et": "GroupName",
    "off": 20047,
    "sff": "OECs"
  },
  {
    "docID": "N244 Cloutier 2016",
    "et": "GroupName",
    "off": 481,
    "sff": "injury"
  },
  {
    "docID": "N244 Cloutier 2016",
    "et": "GroupName",
    "off": 25467,
    "sff": "rats"
  },
  {
    "docID": "N244 Cloutier 2016",
    "et": "GroupName",
    "off": 24172,
    "sff": "injury"
  },
  {
    "docID": "N244 Cloutier 2016",
    "et": "GroupName",
    "off": 23361,
    "sff": "animals"
  },
  {
    "docID": "N244 Cloutier 2016",
    "et": "GroupName",
    "off": 21419,
    "sff": "groups"
  },
  {
    "docID": "N244 Cloutier 2016",
    "et": "GroupName",
    "off": 19619,
    "sff": "2"
  },
  {
    "docID": "N244 Cloutier 2016",
    "et": "GroupName",
    "off": 21180,
    "sff": "transection"
  },
  {
    "docID": "N244 Cloutier 2016",
    "et": "GroupName",
    "off": 25244,
    "sff": "B"
  },
  {
    "docID": "N244 Cloutier 2016",
    "et": "GroupName",
    "off": 21882,
    "sff": "fibroblast-transplanted"
  },
  {
    "docID": "N244 Cloutier 2016",
    "et": "GroupName",
    "off": 25877,
    "sff": "site"
  },
  {
    "docID": "N244 Cloutier 2016",
    "et": "GroupName",
    "off": 26001,
    "sff": "4"
  },
  {
    "docID": "N244 Cloutier 2016",
    "et": "GroupName",
    "off": 22568,
    "sff": "GFP-OEC-transplanted group"
  },
  {
    "docID": "N244 Cloutier 2016",
    "et": "GroupName",
    "off": 20441,
    "sff": "3"
  },
  {
    "docID": "N244 Cloutier 2016",
    "et": "GroupName",
    "off": 24348,
    "sff": "2"
  },
  {
    "docID": "N244 Cloutier 2016",
    "et": "GroupName",
    "off": 1484,
    "sff": "control group"
  },
  {
    "docID": "N244 Cloutier 2016",
    "et": "GroupName",
    "off": 20292,
    "sff": "C"
  },
  {
    "docID": "N244 Cloutier 2016",
    "et": "GroupName",
    "off": 22473,
    "sff": "groups"
  },
  {
    "docID": "N244 Cloutier 2016",
    "et": "GroupName",
    "off": 19377,
    "sff": "C"
  },
  {
    "docID": "N244 Cloutier 2016",
    "et": "GroupName",
    "off": 19057,
    "sff": "group"
  },
  {
    "docID": "N244 Cloutier 2016",
    "et": "GroupName",
    "off": 1690,
    "sff": "transection"
  },
  {
    "docID": "N244 Cloutier 2016",
    "et": "GroupName",
    "off": 24469,
    "sff": "injury"
  },
  {
    "docID": "N244 Cloutier 2016",
    "et": "GroupName",
    "off": 23600,
    "sff": "GFP-OECs"
  },
  {
    "docID": "N244 Cloutier 2016",
    "et": "GroupName",
    "off": 20269,
    "sff": "GFP-OECs"
  },
  {
    "docID": "N244 Cloutier 2016",
    "et": "GroupName",
    "off": 25692,
    "sff": "site"
  },
  {
    "docID": "N244 Cloutier 2016",
    "et": "GroupName",
    "off": 22613,
    "sff": "fibroblast-transplanted"
  },
  {
    "docID": "N244 Cloutier 2016",
    "et": "GroupName",
    "off": 22613,
    "sff": "fibroblast-transplanted group"
  },
  {
    "docID": "N244 Cloutier 2016",
    "et": "GroupName",
    "off": 25305,
    "sff": "site"
  },
  {
    "docID": "N244 Cloutier 2016",
    "et": "GroupName",
    "off": 24826,
    "sff": "OECtreated animals"
  },
  {
    "docID": "N244 Cloutier 2016",
    "et": "GroupName",
    "off": 22637,
    "sff": "group"
  }
]
