[
  {
    "docID": "N246 Gu 2017",
    "et": "GroupName",
    "off": 32760,
    "sff": "group"
  },
  {
    "docID": "N246 Gu 2017",
    "et": "GroupName",
    "off": 16619,
    "sff": "high dose OEC-M"
  },
  {
    "docID": "N246 Gu 2017",
    "et": "GroupName",
    "off": 32807,
    "sff": "high-dose OEC-M group"
  },
  {
    "docID": "N246 Gu 2017",
    "et": "GroupName",
    "off": 14304,
    "sff": "treatments"
  },
  {
    "docID": "N246 Gu 2017",
    "et": "GroupName",
    "off": 8162,
    "sff": "high dose OEC-M"
  },
  {
    "docID": "N246 Gu 2017",
    "et": "GroupName",
    "off": 14028,
    "sff": "5"
  },
  {
    "docID": "N246 Gu 2017",
    "et": "GroupName",
    "off": 7271,
    "sff": "group"
  },
  {
    "docID": "N246 Gu 2017",
    "et": "GroupName",
    "off": 7256,
    "sff": "low dose OEC-M"
  },
  {
    "docID": "N246 Gu 2017",
    "et": "GroupName",
    "off": 323,
    "sff": "SCI"
  },
  {
    "docID": "N246 Gu 2017",
    "et": "GroupName",
    "off": 15669,
    "sff": "Con-M group"
  },
  {
    "docID": "N246 Gu 2017",
    "et": "GroupName",
    "off": 14909,
    "sff": "7"
  },
  {
    "docID": "N246 Gu 2017",
    "et": "GroupName",
    "off": 31490,
    "sff": "Con-M"
  },
  {
    "docID": "N246 Gu 2017",
    "et": "GroupName",
    "off": 9486,
    "sff": "Con-M group"
  },
  {
    "docID": "N246 Gu 2017",
    "et": "GroupName",
    "off": 1164,
    "sff": "Con-M group"
  },
  {
    "docID": "N246 Gu 2017",
    "et": "GroupName",
    "off": 16388,
    "sff": "Con-M group"
  },
  {
    "docID": "N246 Gu 2017",
    "et": "GroupName",
    "off": 515,
    "sff": "low dose OEC-M"
  },
  {
    "docID": "N246 Gu 2017",
    "et": "GroupName",
    "off": 17311,
    "sff": "10"
  },
  {
    "docID": "N246 Gu 2017",
    "et": "GroupName",
    "off": 14485,
    "sff": "high dose OEC-M"
  },
  {
    "docID": "N246 Gu 2017",
    "et": "GroupName",
    "off": 7243,
    "sff": "group"
  },
  {
    "docID": "N246 Gu 2017",
    "et": "GroupName",
    "off": 7829,
    "sff": "rats"
  },
  {
    "docID": "N246 Gu 2017",
    "et": "GroupName",
    "off": 9552,
    "sff": "group"
  },
  {
    "docID": "N246 Gu 2017",
    "et": "GroupName",
    "off": 33571,
    "sff": "surgery"
  },
  {
    "docID": "N246 Gu 2017",
    "et": "GroupName",
    "off": 17183,
    "sff": "Con-M"
  },
  {
    "docID": "N246 Gu 2017",
    "et": "GroupName",
    "off": 9501,
    "sff": "5"
  },
  {
    "docID": "N246 Gu 2017",
    "et": "GroupName",
    "off": 277,
    "sff": "OEC-M"
  },
  {
    "docID": "N246 Gu 2017",
    "et": "GroupName",
    "off": 32823,
    "sff": "group"
  },
  {
    "docID": "N246 Gu 2017",
    "et": "GroupName",
    "off": 17680,
    "sff": "injury"
  },
  {
    "docID": "N246 Gu 2017",
    "et": "GroupName",
    "off": 31386,
    "sff": "OEC-M"
  },
  {
    "docID": "N246 Gu 2017",
    "et": "GroupName",
    "off": 32754,
    "sff": "Con-M group"
  },
  {
    "docID": "N246 Gu 2017",
    "et": "GroupName",
    "off": 10117,
    "sff": "5"
  },
  {
    "docID": "N246 Gu 2017",
    "et": "GroupName",
    "off": 9505,
    "sff": "low dose OEC-M"
  },
  {
    "docID": "N246 Gu 2017",
    "et": "GroupName",
    "off": 12234,
    "sff": "low dose group"
  },
  {
    "docID": "N246 Gu 2017",
    "et": "GroupName",
    "off": 10730,
    "sff": "Con-M group"
  },
  {
    "docID": "N246 Gu 2017",
    "et": "GroupName",
    "off": 541,
    "sff": "high dose OEC-M"
  },
  {
    "docID": "N246 Gu 2017",
    "et": "GroupName",
    "off": 11254,
    "sff": "surgery"
  },
  {
    "docID": "N246 Gu 2017",
    "et": "GroupName",
    "off": 15669,
    "sff": "Con-M"
  },
  {
    "docID": "N246 Gu 2017",
    "et": "GroupName",
    "off": 6686,
    "sff": "injury"
  },
  {
    "docID": "N246 Gu 2017",
    "et": "GroupName",
    "off": 9520,
    "sff": "group"
  },
  {
    "docID": "N246 Gu 2017",
    "et": "GroupName",
    "off": 11002,
    "sff": "Con-M group"
  },
  {
    "docID": "N246 Gu 2017",
    "et": "GroupName",
    "off": 12490,
    "sff": "low dose OEC-M"
  },
  {
    "docID": "N246 Gu 2017",
    "et": "GroupName",
    "off": 15440,
    "sff": "surgery"
  },
  {
    "docID": "N246 Gu 2017",
    "et": "GroupName",
    "off": 32971,
    "sff": "Con-M"
  },
  {
    "docID": "N246 Gu 2017",
    "et": "GroupName",
    "off": 7237,
    "sff": "Con-M group"
  },
  {
    "docID": "N246 Gu 2017",
    "et": "GroupName",
    "off": 32971,
    "sff": "Con-M group"
  },
  {
    "docID": "N246 Gu 2017",
    "et": "GroupName",
    "off": 6975,
    "sff": "high dose OEC-M"
  },
  {
    "docID": "N246 Gu 2017",
    "et": "GroupName",
    "off": 7303,
    "sff": "group"
  },
  {
    "docID": "N246 Gu 2017",
    "et": "GroupName",
    "off": 13654,
    "sff": "5"
  },
  {
    "docID": "N246 Gu 2017",
    "et": "GroupName",
    "off": 30195,
    "sff": "PBS"
  },
  {
    "docID": "N246 Gu 2017",
    "et": "GroupName",
    "off": 12354,
    "sff": "injury"
  },
  {
    "docID": "N246 Gu 2017",
    "et": "GroupName",
    "off": 13282,
    "sff": "surgery"
  },
  {
    "docID": "N246 Gu 2017",
    "et": "GroupName",
    "off": 17843,
    "sff": "OECs"
  },
  {
    "docID": "N246 Gu 2017",
    "et": "GroupName",
    "off": 32774,
    "sff": "low-dose OEC-M group"
  },
  {
    "docID": "N246 Gu 2017",
    "et": "GroupName",
    "off": 9492,
    "sff": "group"
  }
]
