[
  {
    "docID": "N248 Imaizumi",
    "et": "GroupName",
    "off": 27584,
    "sff": "site"
  },
  {
    "docID": "N248 Imaizumi",
    "et": "GroupName",
    "off": 3924,
    "sff": "2"
  },
  {
    "docID": "N248 Imaizumi",
    "et": "GroupName",
    "off": 27035,
    "sff": "solution"
  },
  {
    "docID": "N248 Imaizumi",
    "et": "GroupName",
    "off": 23741,
    "sff": "DMEM"
  },
  {
    "docID": "N248 Imaizumi",
    "et": "GroupName",
    "off": 1527,
    "sff": "cells"
  },
  {
    "docID": "N248 Imaizumi",
    "et": "GroupName",
    "off": 3350,
    "sff": "rat"
  },
  {
    "docID": "N248 Imaizumi",
    "et": "GroupName",
    "off": 25855,
    "sff": "transection"
  },
  {
    "docID": "N248 Imaizumi",
    "et": "GroupName",
    "off": 3505,
    "sff": "1"
  },
  {
    "docID": "N248 Imaizumi",
    "et": "GroupName",
    "off": 3587,
    "sff": "cells"
  },
  {
    "docID": "N248 Imaizumi",
    "et": "GroupName",
    "off": 28014,
    "sff": "transplantation"
  },
  {
    "docID": "N248 Imaizumi",
    "et": "GroupName",
    "off": 190,
    "sff": "OECs"
  },
  {
    "docID": "N248 Imaizumi",
    "et": "GroupName",
    "off": 1290,
    "sff": "cord"
  },
  {
    "docID": "N248 Imaizumi",
    "et": "GroupName",
    "off": 27107,
    "sff": "C"
  },
  {
    "docID": "N248 Imaizumi",
    "et": "GroupName",
    "off": 26361,
    "sff": "transplantation"
  },
  {
    "docID": "N248 Imaizumi",
    "et": "GroupName",
    "off": 424,
    "sff": "Non-transplanted lesion-controlled rats"
  },
  {
    "docID": "N248 Imaizumi",
    "et": "GroupName",
    "off": 25618,
    "sff": "cord"
  },
  {
    "docID": "N248 Imaizumi",
    "et": "GroupName",
    "off": 28985,
    "sff": "mm"
  },
  {
    "docID": "N248 Imaizumi",
    "et": "GroupName",
    "off": 25941,
    "sff": "DMEM"
  },
  {
    "docID": "N248 Imaizumi",
    "et": "GroupName",
    "off": 24176,
    "sff": "DMEM"
  },
  {
    "docID": "N248 Imaizumi",
    "et": "GroupName",
    "off": 29297,
    "sff": "sections"
  },
  {
    "docID": "N248 Imaizumi",
    "et": "GroupName",
    "off": 3636,
    "sff": "B"
  },
  {
    "docID": "N248 Imaizumi",
    "et": "GroupName",
    "off": 26127,
    "sff": "Schwann cells"
  },
  {
    "docID": "N248 Imaizumi",
    "et": "GroupName",
    "off": 2285,
    "sff": "cord"
  },
  {
    "docID": "N248 Imaizumi",
    "et": "GroupName",
    "off": 2087,
    "sff": "OECs"
  },
  {
    "docID": "N248 Imaizumi",
    "et": "GroupName",
    "off": 183,
    "sff": "cells"
  },
  {
    "docID": "N248 Imaizumi",
    "et": "GroupName",
    "off": 519,
    "sff": "site"
  },
  {
    "docID": "N248 Imaizumi",
    "et": "GroupName",
    "off": 2892,
    "sff": "cells"
  },
  {
    "docID": "N248 Imaizumi",
    "et": "GroupName",
    "off": 2416,
    "sff": "spinal"
  },
  {
    "docID": "N248 Imaizumi",
    "et": "GroupName",
    "off": 2181,
    "sff": "cord"
  },
  {
    "docID": "N248 Imaizumi",
    "et": "GroupName",
    "off": 25910,
    "sff": "OECs"
  },
  {
    "docID": "N248 Imaizumi",
    "et": "GroupName",
    "off": 26244,
    "sff": "animal"
  },
  {
    "docID": "N248 Imaizumi",
    "et": "GroupName",
    "off": 27264,
    "sff": "cord"
  },
  {
    "docID": "N248 Imaizumi",
    "et": "GroupName",
    "off": 26817,
    "sff": "solution"
  },
  {
    "docID": "N248 Imaizumi",
    "et": "GroupName",
    "off": 2080,
    "sff": "cells"
  },
  {
    "docID": "N248 Imaizumi",
    "et": "GroupName",
    "off": 3965,
    "sff": "zone"
  },
  {
    "docID": "N248 Imaizumi",
    "et": "GroupName",
    "off": 24097,
    "sff": "cells"
  },
  {
    "docID": "N248 Imaizumi",
    "et": "GroupName",
    "off": 24499,
    "sff": "3"
  },
  {
    "docID": "N248 Imaizumi",
    "et": "GroupName",
    "off": 2097,
    "sff": "Schwann cells"
  },
  {
    "docID": "N248 Imaizumi",
    "et": "GroupName",
    "off": 26569,
    "sff": "solution"
  },
  {
    "docID": "N248 Imaizumi",
    "et": "GroupName",
    "off": 28950,
    "sff": "sections"
  },
  {
    "docID": "N248 Imaizumi",
    "et": "GroupName",
    "off": 3824,
    "sff": "B"
  },
  {
    "docID": "N248 Imaizumi",
    "et": "GroupName",
    "off": 26135,
    "sff": "cells"
  },
  {
    "docID": "N248 Imaizumi",
    "et": "GroupName",
    "off": 23997,
    "sff": "transplantation"
  },
  {
    "docID": "N248 Imaizumi",
    "et": "GroupName",
    "off": 3594,
    "sff": "OECs"
  },
  {
    "docID": "N248 Imaizumi",
    "et": "GroupName",
    "off": 27917,
    "sff": "OECs"
  },
  {
    "docID": "N248 Imaizumi",
    "et": "GroupName",
    "off": 2270,
    "sff": "injured"
  },
  {
    "docID": "N248 Imaizumi",
    "et": "GroupName",
    "off": 199,
    "sff": "Schwann cells"
  },
  {
    "docID": "N248 Imaizumi",
    "et": "GroupName",
    "off": 27376,
    "sff": "site"
  },
  {
    "docID": "N248 Imaizumi",
    "et": "GroupName",
    "off": 2884,
    "sff": "Schwann cells"
  },
  {
    "docID": "N248 Imaizumi",
    "et": "GroupName",
    "off": 23733,
    "sff": "medium"
  },
  {
    "docID": "N248 Imaizumi",
    "et": "GroupName",
    "off": 26110,
    "sff": "lesion"
  }
]
