[
  {
    "docID": "N249 Khankan",
    "et": "GroupName",
    "off": 51437,
    "sff": "transplanted rats"
  },
  {
    "docID": "N249 Khankan",
    "et": "GroupName",
    "off": 27905,
    "sff": "OEC-treated spinal cords"
  },
  {
    "docID": "N249 Khankan",
    "et": "GroupName",
    "off": 2152,
    "sff": "OEC"
  },
  {
    "docID": "N249 Khankan",
    "et": "GroupName",
    "off": 29237,
    "sff": "FB"
  },
  {
    "docID": "N249 Khankan",
    "et": "GroupName",
    "off": 33388,
    "sff": "OEC"
  },
  {
    "docID": "N249 Khankan",
    "et": "GroupName",
    "off": 21729,
    "sff": "FBs"
  },
  {
    "docID": "N249 Khankan",
    "et": "GroupName",
    "off": 25313,
    "sff": "FBs"
  },
  {
    "docID": "N249 Khankan",
    "et": "GroupName",
    "off": 25543,
    "sff": "FB-treated rats"
  },
  {
    "docID": "N249 Khankan",
    "et": "GroupName",
    "off": 41704,
    "sff": "FBs"
  },
  {
    "docID": "N249 Khankan",
    "et": "GroupName",
    "off": 28604,
    "sff": "FB"
  },
  {
    "docID": "N249 Khankan",
    "et": "GroupName",
    "off": 50506,
    "sff": "FBs"
  },
  {
    "docID": "N249 Khankan",
    "et": "GroupName",
    "off": 26313,
    "sff": "FBs"
  },
  {
    "docID": "N249 Khankan",
    "et": "GroupName",
    "off": 50348,
    "sff": "CSA"
  },
  {
    "docID": "N249 Khankan",
    "et": "GroupName",
    "off": 25817,
    "sff": "OEC"
  },
  {
    "docID": "N249 Khankan",
    "et": "GroupName",
    "off": 31197,
    "sff": "OEC"
  },
  {
    "docID": "N249 Khankan",
    "et": "GroupName",
    "off": 33337,
    "sff": "control"
  },
  {
    "docID": "N249 Khankan",
    "et": "GroupName",
    "off": 28262,
    "sff": "OEC-treated"
  },
  {
    "docID": "N249 Khankan",
    "et": "GroupName",
    "off": 29251,
    "sff": "OEC"
  },
  {
    "docID": "N249 Khankan",
    "et": "GroupName",
    "off": 24289,
    "sff": "OEC-transplanted"
  },
  {
    "docID": "N249 Khankan",
    "et": "GroupName",
    "off": 28621,
    "sff": "OEC"
  },
  {
    "docID": "N249 Khankan",
    "et": "GroupName",
    "off": 22467,
    "sff": "FBs"
  },
  {
    "docID": "N249 Khankan",
    "et": "GroupName",
    "off": 593,
    "sff": "OEC"
  },
  {
    "docID": "N249 Khankan",
    "et": "GroupName",
    "off": 45453,
    "sff": "OEC-treated rats"
  },
  {
    "docID": "N249 Khankan",
    "et": "GroupName",
    "off": 27276,
    "sff": "OEC-treated rats"
  },
  {
    "docID": "N249 Khankan",
    "et": "GroupName",
    "off": 48239,
    "sff": "FB-treated rats"
  },
  {
    "docID": "N249 Khankan",
    "et": "GroupName",
    "off": 31185,
    "sff": "FB"
  },
  {
    "docID": "N249 Khankan",
    "et": "GroupName",
    "off": 12934,
    "sff": "OECs"
  },
  {
    "docID": "N249 Khankan",
    "et": "GroupName",
    "off": 45719,
    "sff": "OEC-treated rats"
  },
  {
    "docID": "N249 Khankan",
    "et": "GroupName",
    "off": 30317,
    "sff": "OECs"
  },
  {
    "docID": "N249 Khankan",
    "et": "GroupName",
    "off": 26692,
    "sff": "OEC-treated spinal cords"
  },
  {
    "docID": "N249 Khankan",
    "et": "GroupName",
    "off": 45892,
    "sff": "OEC-treated spinal cords"
  },
  {
    "docID": "N249 Khankan",
    "et": "GroupName",
    "off": 28794,
    "sff": "FB-treated rats"
  },
  {
    "docID": "N249 Khankan",
    "et": "GroupName",
    "off": 42731,
    "sff": "4"
  },
  {
    "docID": "N249 Khankan",
    "et": "GroupName",
    "off": 21746,
    "sff": "OECs"
  },
  {
    "docID": "N249 Khankan",
    "et": "GroupName",
    "off": 44326,
    "sff": "FBs"
  },
  {
    "docID": "N249 Khankan",
    "et": "GroupName",
    "off": 2160,
    "sff": "fibroblast"
  },
  {
    "docID": "N249 Khankan",
    "et": "GroupName",
    "off": 32975,
    "sff": "GFP-OECs"
  },
  {
    "docID": "N249 Khankan",
    "et": "GroupName",
    "off": 25256,
    "sff": "FBs"
  },
  {
    "docID": "N249 Khankan",
    "et": "GroupName",
    "off": 29955,
    "sff": "FB-treated rats"
  },
  {
    "docID": "N249 Khankan",
    "et": "GroupName",
    "off": 2176,
    "sff": "control"
  },
  {
    "docID": "N249 Khankan",
    "et": "GroupName",
    "off": 54288,
    "sff": "OEC-treatment alone"
  },
  {
    "docID": "N249 Khankan",
    "et": "GroupName",
    "off": 26233,
    "sff": "FBs"
  },
  {
    "docID": "N249 Khankan",
    "et": "GroupName",
    "off": 51292,
    "sff": "OEC-treated rats"
  },
  {
    "docID": "N249 Khankan",
    "et": "GroupName",
    "off": 920,
    "sff": "FB"
  },
  {
    "docID": "N249 Khankan",
    "et": "GroupName",
    "off": 48738,
    "sff": "OEC-treated rats"
  },
  {
    "docID": "N249 Khankan",
    "et": "GroupName",
    "off": 32398,
    "sff": "OEC"
  },
  {
    "docID": "N249 Khankan",
    "et": "GroupName",
    "off": 31858,
    "sff": "CSA"
  },
  {
    "docID": "N249 Khankan",
    "et": "GroupName",
    "off": 25274,
    "sff": "OECs"
  },
  {
    "docID": "N249 Khankan",
    "et": "GroupName",
    "off": 44730,
    "sff": "OECs"
  },
  {
    "docID": "N249 Khankan",
    "et": "GroupName",
    "off": 49650,
    "sff": "FBs"
  },
  {
    "docID": "N249 Khankan",
    "et": "GroupName",
    "off": 43515,
    "sff": "transplanted rats"
  },
  {
    "docID": "N249 Khankan",
    "et": "GroupName",
    "off": 12917,
    "sff": "FBs"
  }
]
