[
  {
    "docID": "N253 Salehi 2009",
    "et": "GroupName",
    "off": 7163,
    "sff": "medium"
  },
  {
    "docID": "N253 Salehi 2009",
    "et": "GroupName",
    "off": 1408,
    "sff": "ESMN group"
  },
  {
    "docID": "N253 Salehi 2009",
    "et": "GroupName",
    "off": 10114,
    "sff": "level"
  },
  {
    "docID": "N253 Salehi 2009",
    "et": "GroupName",
    "off": 18300,
    "sff": "10"
  },
  {
    "docID": "N253 Salehi 2009",
    "et": "GroupName",
    "off": 19368,
    "sff": "ESMN"
  },
  {
    "docID": "N253 Salehi 2009",
    "et": "GroupName",
    "off": 15786,
    "sff": "ESMN"
  },
  {
    "docID": "N253 Salehi 2009",
    "et": "GroupName",
    "off": 5778,
    "sff": "F12"
  },
  {
    "docID": "N253 Salehi 2009",
    "et": "GroupName",
    "off": 19317,
    "sff": "OEC"
  },
  {
    "docID": "N253 Salehi 2009",
    "et": "GroupName",
    "off": 4514,
    "sff": "ESMN"
  },
  {
    "docID": "N253 Salehi 2009",
    "et": "GroupName",
    "off": 18166,
    "sff": "OEC"
  },
  {
    "docID": "N253 Salehi 2009",
    "et": "GroupName",
    "off": 15100,
    "sff": "control group"
  },
  {
    "docID": "N253 Salehi 2009",
    "et": "GroupName",
    "off": 12051,
    "sff": "PBS"
  },
  {
    "docID": "N253 Salehi 2009",
    "et": "GroupName",
    "off": 19852,
    "sff": "control"
  },
  {
    "docID": "N253 Salehi 2009",
    "et": "GroupName",
    "off": 15841,
    "sff": "cells"
  },
  {
    "docID": "N253 Salehi 2009",
    "et": "GroupName",
    "off": 11358,
    "sff": "medium"
  },
  {
    "docID": "N253 Salehi 2009",
    "et": "GroupName",
    "off": 13770,
    "sff": "test"
  },
  {
    "docID": "N253 Salehi 2009",
    "et": "GroupName",
    "off": 15501,
    "sff": "OEC"
  },
  {
    "docID": "N253 Salehi 2009",
    "et": "GroupName",
    "off": 4462,
    "sff": "ESMN group"
  },
  {
    "docID": "N253 Salehi 2009",
    "et": "GroupName",
    "off": 19338,
    "sff": "ESMN"
  },
  {
    "docID": "N253 Salehi 2009",
    "et": "GroupName",
    "off": 5487,
    "sff": "F12"
  },
  {
    "docID": "N253 Salehi 2009",
    "et": "GroupName",
    "off": 15135,
    "sff": "mediuminjected"
  },
  {
    "docID": "N253 Salehi 2009",
    "et": "GroupName",
    "off": 1176,
    "sff": "OEC"
  },
  {
    "docID": "N253 Salehi 2009",
    "et": "GroupName",
    "off": 11022,
    "sff": "SC"
  },
  {
    "docID": "N253 Salehi 2009",
    "et": "GroupName",
    "off": 16289,
    "sff": "types"
  },
  {
    "docID": "N253 Salehi 2009",
    "et": "GroupName",
    "off": 16160,
    "sff": "OEC"
  },
  {
    "docID": "N253 Salehi 2009",
    "et": "GroupName",
    "off": 4601,
    "sff": "ESMN"
  },
  {
    "docID": "N253 Salehi 2009",
    "et": "GroupName",
    "off": 11169,
    "sff": "OEC"
  },
  {
    "docID": "N253 Salehi 2009",
    "et": "GroupName",
    "off": 11186,
    "sff": "OEC group"
  },
  {
    "docID": "N253 Salehi 2009",
    "et": "GroupName",
    "off": 18922,
    "sff": "control"
  },
  {
    "docID": "N253 Salehi 2009",
    "et": "GroupName",
    "off": 4406,
    "sff": "OEC group"
  },
  {
    "docID": "N253 Salehi 2009",
    "et": "GroupName",
    "off": 498,
    "sff": "ESMN"
  },
  {
    "docID": "N253 Salehi 2009",
    "et": "GroupName",
    "off": 11215,
    "sff": "ESMN group"
  },
  {
    "docID": "N253 Salehi 2009",
    "et": "GroupName",
    "off": 11239,
    "sff": "ESMN"
  },
  {
    "docID": "N253 Salehi 2009",
    "et": "GroupName",
    "off": 12718,
    "sff": "OEC"
  },
  {
    "docID": "N253 Salehi 2009",
    "et": "GroupName",
    "off": 19091,
    "sff": "cells"
  },
  {
    "docID": "N253 Salehi 2009",
    "et": "GroupName",
    "off": 19362,
    "sff": "OEC + ESMN"
  },
  {
    "docID": "N253 Salehi 2009",
    "et": "GroupName",
    "off": 441,
    "sff": "OEC"
  },
  {
    "docID": "N253 Salehi 2009",
    "et": "GroupName",
    "off": 4278,
    "sff": "control group"
  },
  {
    "docID": "N253 Salehi 2009",
    "et": "GroupName",
    "off": 15011,
    "sff": "ESMN group"
  },
  {
    "docID": "N253 Salehi 2009",
    "et": "GroupName",
    "off": 13808,
    "sff": "transplanted groups"
  },
  {
    "docID": "N253 Salehi 2009",
    "et": "GroupName",
    "off": 15561,
    "sff": "OEC"
  },
  {
    "docID": "N253 Salehi 2009",
    "et": "GroupName",
    "off": 15786,
    "sff": "ESMN group"
  },
  {
    "docID": "N253 Salehi 2009",
    "et": "GroupName",
    "off": 4684,
    "sff": "OEC"
  },
  {
    "docID": "N253 Salehi 2009",
    "et": "GroupName",
    "off": 19129,
    "sff": "control"
  },
  {
    "docID": "N253 Salehi 2009",
    "et": "GroupName",
    "off": 14384,
    "sff": "control"
  },
  {
    "docID": "N253 Salehi 2009",
    "et": "GroupName",
    "off": 1510,
    "sff": "transplanted groups"
  },
  {
    "docID": "N253 Salehi 2009",
    "et": "GroupName",
    "off": 15501,
    "sff": "OEC group"
  },
  {
    "docID": "N253 Salehi 2009",
    "et": "GroupName",
    "off": 4538,
    "sff": "ESMN group"
  },
  {
    "docID": "N253 Salehi 2009",
    "et": "GroupName",
    "off": 20922,
    "sff": "ESMN group"
  },
  {
    "docID": "N253 Salehi 2009",
    "et": "GroupName",
    "off": 11197,
    "sff": "ESMN"
  },
  {
    "docID": "N253 Salehi 2009",
    "et": "GroupName",
    "off": 7347,
    "sff": "medium"
  },
  {
    "docID": "N253 Salehi 2009",
    "et": "GroupName",
    "off": 18353,
    "sff": "control"
  }
]
