[
  {
    "docID": "N254 Tsa 2017",
    "et": "GroupName",
    "off": 25129,
    "sff": "OEC"
  },
  {
    "docID": "N254 Tsa 2017",
    "et": "GroupName",
    "off": 29351,
    "sff": "1"
  },
  {
    "docID": "N254 Tsa 2017",
    "et": "GroupName",
    "off": 9828,
    "sff": "F12"
  },
  {
    "docID": "N254 Tsa 2017",
    "et": "GroupName",
    "off": 8959,
    "sff": "control"
  },
  {
    "docID": "N254 Tsa 2017",
    "et": "GroupName",
    "off": 23430,
    "sff": "cells"
  },
  {
    "docID": "N254 Tsa 2017",
    "et": "GroupName",
    "off": 29101,
    "sff": "cord"
  },
  {
    "docID": "N254 Tsa 2017",
    "et": "GroupName",
    "off": 12729,
    "sff": "cord"
  },
  {
    "docID": "N254 Tsa 2017",
    "et": "GroupName",
    "off": 16939,
    "sff": "OEC"
  },
  {
    "docID": "N254 Tsa 2017",
    "et": "GroupName",
    "off": 6811,
    "sff": "medium"
  },
  {
    "docID": "N254 Tsa 2017",
    "et": "GroupName",
    "off": 31156,
    "sff": "AdPGIS-OEC transplanted SCI rats"
  },
  {
    "docID": "N254 Tsa 2017",
    "et": "GroupName",
    "off": 23953,
    "sff": "control"
  },
  {
    "docID": "N254 Tsa 2017",
    "et": "GroupName",
    "off": 17468,
    "sff": "OEC"
  },
  {
    "docID": "N254 Tsa 2017",
    "et": "GroupName",
    "off": 29239,
    "sff": "5"
  },
  {
    "docID": "N254 Tsa 2017",
    "et": "GroupName",
    "off": 24666,
    "sff": "OEC"
  },
  {
    "docID": "N254 Tsa 2017",
    "et": "GroupName",
    "off": 30356,
    "sff": "vehicle-treated SCI rats"
  },
  {
    "docID": "N254 Tsa 2017",
    "et": "GroupName",
    "off": 9234,
    "sff": "injection"
  },
  {
    "docID": "N254 Tsa 2017",
    "et": "GroupName",
    "off": 29902,
    "sff": "0.5"
  },
  {
    "docID": "N254 Tsa 2017",
    "et": "GroupName",
    "off": 13166,
    "sff": "days"
  },
  {
    "docID": "N254 Tsa 2017",
    "et": "GroupName",
    "off": 204,
    "sff": "OEC"
  },
  {
    "docID": "N254 Tsa 2017",
    "et": "GroupName",
    "off": 980,
    "sff": "AdPGIS-OEC"
  },
  {
    "docID": "N254 Tsa 2017",
    "et": "GroupName",
    "off": 16869,
    "sff": "OEC"
  },
  {
    "docID": "N254 Tsa 2017",
    "et": "GroupName",
    "off": 20324,
    "sff": "OEC"
  },
  {
    "docID": "N254 Tsa 2017",
    "et": "GroupName",
    "off": 22664,
    "sff": "cord"
  },
  {
    "docID": "N254 Tsa 2017",
    "et": "GroupName",
    "off": 29328,
    "sff": "treatment"
  },
  {
    "docID": "N254 Tsa 2017",
    "et": "GroupName",
    "off": 1137,
    "sff": "injured"
  },
  {
    "docID": "N254 Tsa 2017",
    "et": "GroupName",
    "off": 197,
    "sff": "cells"
  },
  {
    "docID": "N254 Tsa 2017",
    "et": "GroupName",
    "off": 21833,
    "sff": "control"
  },
  {
    "docID": "N254 Tsa 2017",
    "et": "GroupName",
    "off": 30501,
    "sff": "OEC grafted SCI rats"
  },
  {
    "docID": "N254 Tsa 2017",
    "et": "GroupName",
    "off": 1294,
    "sff": "nontreated SCI rats"
  },
  {
    "docID": "N254 Tsa 2017",
    "et": "GroupName",
    "off": 26479,
    "sff": "OEC"
  },
  {
    "docID": "N254 Tsa 2017",
    "et": "GroupName",
    "off": 25665,
    "sff": "only"
  },
  {
    "docID": "N254 Tsa 2017",
    "et": "GroupName",
    "off": 14881,
    "sff": "0"
  },
  {
    "docID": "N254 Tsa 2017",
    "et": "GroupName",
    "off": 29886,
    "sff": "only"
  },
  {
    "docID": "N254 Tsa 2017",
    "et": "GroupName",
    "off": 12306,
    "sff": "site"
  },
  {
    "docID": "N254 Tsa 2017",
    "et": "GroupName",
    "off": 19957,
    "sff": "cord"
  },
  {
    "docID": "N254 Tsa 2017",
    "et": "GroupName",
    "off": 29214,
    "sff": "treatment"
  },
  {
    "docID": "N254 Tsa 2017",
    "et": "GroupName",
    "off": 9962,
    "sff": "media"
  },
  {
    "docID": "N254 Tsa 2017",
    "et": "GroupName",
    "off": 16904,
    "sff": "OEC"
  },
  {
    "docID": "N254 Tsa 2017",
    "et": "GroupName",
    "off": 24451,
    "sff": "OEC"
  },
  {
    "docID": "N254 Tsa 2017",
    "et": "GroupName",
    "off": 29306,
    "sff": "SCI rats with vehicle treatment"
  },
  {
    "docID": "N254 Tsa 2017",
    "et": "GroupName",
    "off": 22856,
    "sff": "cords"
  },
  {
    "docID": "N254 Tsa 2017",
    "et": "GroupName",
    "off": 16487,
    "sff": "experimental rats"
  },
  {
    "docID": "N254 Tsa 2017",
    "et": "GroupName",
    "off": 29876,
    "sff": "OEC graft only"
  },
  {
    "docID": "N254 Tsa 2017",
    "et": "GroupName",
    "off": 23806,
    "sff": "OEC"
  },
  {
    "docID": "N254 Tsa 2017",
    "et": "GroupName",
    "off": 30079,
    "sff": "experimental rats"
  },
  {
    "docID": "N254 Tsa 2017",
    "et": "GroupName",
    "off": 1146,
    "sff": "SCI"
  },
  {
    "docID": "N254 Tsa 2017",
    "et": "GroupName",
    "off": 21910,
    "sff": "OEC"
  },
  {
    "docID": "N254 Tsa 2017",
    "et": "GroupName",
    "off": 16788,
    "sff": "OEC"
  },
  {
    "docID": "N254 Tsa 2017",
    "et": "GroupName",
    "off": 1037,
    "sff": "damage"
  },
  {
    "docID": "N254 Tsa 2017",
    "et": "GroupName",
    "off": 29192,
    "sff": "SCI rats with vehicle treatment"
  },
  {
    "docID": "N254 Tsa 2017",
    "et": "GroupName",
    "off": 523,
    "sff": "OEC"
  }
]
